region_id,기준일자,실거래가,전세가,전세가율,거래량
1111058000,2023-09,10462.0,,,2.0
1111060000,2023-09,21000.0,,,1.0
1114061000,2023-09,2000.0,,,0.09
1114061500,2023-09,2000.0,,,0.09
1114062000,2023-09,2000.0,,,0.09
1114062500,2023-09,2000.0,,,0.09
1114063000,2023-09,2000.0,,,0.09
1114063500,2023-09,2000.0,,,0.09
1114064000,2023-09,2000.0,,,0.09
1114064500,2023-09,2000.0,,,0.09
1114065000,2023-09,2000.0,,,0.09
1114066000,2023-09,2000.0,,,0.09
1114066500,2023-09,2000.0,,,0.09
1117062500,2023-09,3411.0,,,1.0
1117063000,2023-09,44000.0,44000.0,,0.5
1117064000,2023-09,44000.0,44000.0,,0.5
1117065000,2023-09,7500.0,14000.0,,1.0
1117066000,2023-09,7500.0,14000.0,,1.0
1117068500,2023-09,10000.0,,,1.0
1117070000,2023-09,650.0,,,2.0
1120055000,2023-09,3000.0,,,0.33
1120056000,2023-09,3000.0,,,0.33
1120057000,2023-09,3000.0,,,0.33
1120059000,2023-09,18000.0,18000.0,,1.0
1120067000,2023-09,15000.0,15000.0,,0.5
1120069000,2023-09,15000.0,15000.0,,0.5
1120079000,2023-09,4200.0,,,1.0
1121578000,2023-09,40000.0,40000.0,,1.0
1121581000,2023-09,75000.0,75000.0,,1.0
1121582000,2023-09,15966.67,46650.0,,1.5
1121583000,2023-09,15966.67,46650.0,,1.5
1121584000,2023-09,15966.67,46650.0,,1.5
1121584700,2023-09,15966.67,46650.0,,1.5
1121585000,2023-09,15266.67,21400.0,,1.0
1121586000,2023-09,15266.67,21400.0,,1.0
1121587000,2023-09,15266.67,21400.0,,1.0
1123056000,2023-09,100000.0,100000.0,,0.33
1123057000,2023-09,100000.0,100000.0,,0.33
1123060000,2023-09,100000.0,100000.0,,0.33
1123065000,2023-09,1500.0,,,0.5
1123066000,2023-09,1500.0,,,0.5
1123070500,2023-09,31500.0,31500.0,,1.0
1123072000,2023-09,6750.0,13000.0,,1.0
1123073000,2023-09,6750.0,13000.0,,1.0
1123074000,2023-09,31000.0,,,0.5
1123075000,2023-09,31000.0,,,0.5
1126052000,2023-09,1325.0,,,0.67
1126054000,2023-09,1325.0,,,0.67
1126055000,2023-09,1325.0,,,0.67
1126056500,2023-09,1325.0,,,0.67
1126057000,2023-09,1325.0,,,0.67
1126057500,2023-09,1325.0,,,0.67
1126058000,2023-09,4000.0,4000.0,,0.5
1126059000,2023-09,4000.0,4000.0,,0.5
1129052500,2023-09,1000.0,,,1.0
1129057500,2023-09,3000.0,,,1.0
1129076000,2023-09,500.0,,,0.33
1129077000,2023-09,500.0,,,0.33
1129078000,2023-09,500.0,,,0.33
1129081000,2023-09,25700.0,25700.0,,1.0
1130553400,2023-09,2600.0,5000.0,,0.4
1130553500,2023-09,2600.0,5000.0,,0.4
1130554500,2023-09,2600.0,5000.0,,0.4
1130555500,2023-09,2600.0,5000.0,,0.4
1130557500,2023-09,2600.0,5000.0,,0.4
1130561000,2023-09,1000.0,,,0.12
1130561500,2023-09,1000.0,,,0.12
1130562000,2023-09,1000.0,,,0.12
1130562500,2023-09,1000.0,,,0.12
1130563000,2023-09,1000.0,,,0.12
1130563500,2023-09,1000.0,,,0.12
1130564500,2023-09,1000.0,,,0.12
1130566000,2023-09,1000.0,,,0.12
1132052100,2023-09,4000.0,6000.0,,1.0
1132052200,2023-09,4000.0,6000.0,,1.0
1135061100,2023-09,11500.0,19000.0,,1.0
1135061200,2023-09,11500.0,19000.0,,1.0
1135062400,2023-09,16500.0,16500.0,,0.11
1135063000,2023-09,16500.0,16500.0,,0.11
1135064000,2023-09,16500.0,16500.0,,0.11
1135066500,2023-09,16500.0,16500.0,,0.11
1135067000,2023-09,16500.0,16500.0,,0.11
1135069500,2023-09,16500.0,16500.0,,0.11
1135070000,2023-09,16500.0,16500.0,,0.11
1135071000,2023-09,16500.0,16500.0,,0.11
1135072000,2023-09,16500.0,16500.0,,0.11
1138055100,2023-09,12000.0,12000.0,,1.5
1138055200,2023-09,12000.0,12000.0,,1.5
1138056000,2023-09,12000.0,,,1.0
1138057000,2023-09,500.0,,,1.0
1138058000,2023-09,4400.0,,,0.33
1138059000,2023-09,4400.0,,,0.33
1138060000,2023-09,4400.0,,,0.33
1138062500,2023-09,2500.0,,,1.0
1138064000,2023-09,1250.0,,,2.0
1141056500,2023-09,1000.0,,,1.0
1141062000,2023-09,43000.0,43000.0,,0.33
1141064000,2023-09,43000.0,43000.0,,0.33
1141065500,2023-09,43000.0,43000.0,,0.33
1141071000,2023-09,22000.0,22000.0,,0.5
1141072000,2023-09,22000.0,22000.0,,0.5
1144055500,2023-09,17827.4,32139.2,,1.67
1144056500,2023-09,21755.75,32139.2,,1.33
1144059000,2023-09,1653.5,,,1.33
1144061000,2023-09,36557.0,71000.0,,0.67
1144066000,2023-09,9067.5,24150.0,,4.0
1144069000,2023-09,1000.0,,,0.5
1144070000,2023-09,1000.0,,,0.5
1144072000,2023-09,2000.0,,,0.5
1144073000,2023-09,2000.0,,,0.5
1147051000,2023-09,33500.0,99000.0,,0.6
1147052000,2023-09,33500.0,99000.0,,0.6
1147053000,2023-09,33500.0,99000.0,,0.6
1147054000,2023-09,33500.0,99000.0,,0.6
1147055000,2023-09,33500.0,99000.0,,0.6
1147056000,2023-09,6287.0,,,0.14
1147057000,2023-09,6287.0,,,0.14
1147058000,2023-09,6287.0,,,0.14
1147059000,2023-09,6287.0,,,0.14
1147060000,2023-09,6287.0,,,0.14
1147061000,2023-09,6287.0,,,0.14
1147061100,2023-09,6287.0,,,0.14
1147062000,2023-09,1000.0,,,0.17
1147063000,2023-09,1000.0,,,0.17
1147064000,2023-09,1000.0,,,0.17
1147065000,2023-09,1000.0,,,0.17
1147067000,2023-09,1000.0,,,0.17
1147068000,2023-09,1000.0,,,0.17
1150051000,2023-09,970.0,,,0.25
1150054000,2023-09,18216.67,24950.0,,0.75
1150055000,2023-09,18216.67,24950.0,,0.75
1150056000,2023-09,18216.67,24950.0,,0.75
1150057000,2023-09,18216.67,24950.0,,0.75
1150059000,2023-09,18216.67,24950.0,,0.75
1150059100,2023-09,18216.67,24950.0,,0.75
1150059300,2023-09,18216.67,24950.0,,0.75
1150060300,2023-09,970.0,,,0.25
1150060400,2023-09,970.0,,,0.25
1150060500,2023-09,970.0,,,0.25
1150061500,2023-09,18216.67,24950.0,,0.75
1150062000,2023-09,20000.0,20000.0,,0.5
1150063000,2023-09,20000.0,20000.0,,0.5
1153051000,2023-09,16850.0,16850.0,,4.0
1153052000,2023-09,20625.0,40500.0,,0.8
1153053000,2023-09,20625.0,40500.0,,0.8
1153054000,2023-09,20625.0,40500.0,,0.8
1153055000,2023-09,20625.0,40500.0,,0.8
1153056000,2023-09,20625.0,40500.0,,0.8
1153072000,2023-09,8000.0,8000.0,,0.5
1153073000,2023-09,8000.0,8000.0,,0.5
1153074000,2023-09,200.0,,,0.33
1153075000,2023-09,200.0,,,0.33
1153076000,2023-09,200.0,,,0.33
1153078000,2023-09,10353.67,19091.0,,4.5
1153080000,2023-09,9547.4,,,2.5
1154551000,2023-09,11000.0,,,2.0
1154561000,2023-09,3823.0,,,0.75
1154562000,2023-09,3823.0,,,0.75
1154563000,2023-09,3823.0,,,0.75
1154564000,2023-09,3823.0,,,0.75
1154567000,2023-09,1045.75,,,0.8
1154568000,2023-09,1045.75,,,0.8
1154569000,2023-09,1045.75,,,0.8
1154570000,2023-09,1045.75,,,0.8
1154571000,2023-09,1045.75,,,0.8
1156051500,2023-09,706.5,,,0.29
1156053500,2023-09,25000.0,49000.0,,2.0
1156058500,2023-09,3000.0,,,1.0
1156060500,2023-09,33000.0,33000.0,,1.0
1156063000,2023-09,706.5,,,0.29
1156065000,2023-09,706.5,,,0.29
1156066000,2023-09,706.5,,,0.29
1156067000,2023-09,7575.09,11500.0,,0.79
1156068000,2023-09,706.5,,,0.29
1156069000,2023-09,706.5,,,0.29
1156070000,2023-09,11500.0,11500.0,,0.5
1156071000,2023-09,11500.0,11500.0,,0.5
1156072000,2023-09,11500.0,11500.0,,0.5
1159051000,2023-09,28375.0,28375.0,,1.0
1159052000,2023-09,28375.0,28375.0,,1.0
1159053000,2023-09,2500.0,,,0.25
1159054000,2023-09,2500.0,,,0.25
1159055000,2023-09,2500.0,,,0.25
1159056000,2023-09,2500.0,,,0.25
1159060500,2023-09,30000.0,,,1.0
1159062000,2023-09,4000.0,,,0.8
1159063000,2023-09,4000.0,,,0.8
1159064000,2023-09,4000.0,,,0.8
1159065000,2023-09,4000.0,,,0.8
1159065100,2023-09,4000.0,,,0.8
1159067000,2023-09,17325.0,17325.0,,0.5
1159068000,2023-09,17325.0,17325.0,,0.5
1162052500,2023-09,11580.0,22550.0,,1.0
1162054500,2023-09,11580.0,22550.0,,1.0
1162056500,2023-09,11580.0,22550.0,,1.0
1162057500,2023-09,11580.0,22550.0,,1.0
1162058500,2023-09,11580.0,22550.0,,1.0
1162059500,2023-09,11580.0,22550.0,,1.0
1162060500,2023-09,11580.0,22550.0,,1.0
1162061500,2023-09,11580.0,22550.0,,1.0
1162062500,2023-09,11580.0,22550.0,,1.0
1162063000,2023-09,2000.0,,,1.0
1162064500,2023-09,10300.0,19500.0,,0.73
1162065500,2023-09,10300.0,19500.0,,0.73
1162066500,2023-09,10300.0,19500.0,,0.73
1162068500,2023-09,10300.0,19500.0,,0.73
1162069500,2023-09,10300.0,19500.0,,0.73
1162071500,2023-09,10300.0,19500.0,,0.73
1162072500,2023-09,10300.0,19500.0,,0.73
1162073500,2023-09,10300.0,19500.0,,0.73
1162074500,2023-09,10300.0,19500.0,,0.73
1162076500,2023-09,10300.0,19500.0,,0.73
1162077500,2023-09,10300.0,19500.0,,0.73
1165051000,2023-09,80000.0,80000.0,,0.25
1165052000,2023-09,80000.0,80000.0,,0.25
1165053000,2023-09,42363.64,49555.56,,0.92
1165053100,2023-09,80000.0,80000.0,,0.25
1165054000,2023-09,50333.33,58000.0,,1.5
1165055000,2023-09,40880.0,34000.0,,0.75
1165056000,2023-09,40880.0,34000.0,,0.75
1165057000,2023-09,40880.0,34000.0,,0.75
1165058000,2023-09,50333.33,58000.0,,1.5
1165058100,2023-09,40880.0,34000.0,,0.75
1165059000,2023-09,28250.0,34333.33,,0.67
1165060000,2023-09,28250.0,34333.33,,0.67
1165061000,2023-09,28250.0,34333.33,,0.67
1165062000,2023-09,28250.0,34333.33,,0.67
1165062100,2023-09,28250.0,34333.33,,0.67
1165065100,2023-09,19091.0,29500.0,,2.0
1165065200,2023-09,29500.0,29500.0,,1.0
1168052100,2023-09,9000.0,17000.0,,1.0
1168053100,2023-09,9000.0,17000.0,,1.0
1168058000,2023-09,17100.0,19800.0,,1.0
1168059000,2023-09,17100.0,19800.0,,1.0
1168060000,2023-09,70000.0,,,0.2
1168061000,2023-09,70000.0,,,0.2
1168063000,2023-09,70000.0,,,0.2
1168064000,2023-09,39625.0,135000.0,,2.0
1168065000,2023-09,39625.0,135000.0,,2.0
1168066000,2023-09,12487.5,17850.0,,0.8
1168067000,2023-09,12487.5,17850.0,,0.8
1168067500,2023-09,23990.0,17850.0,,1.0
1168069000,2023-09,12487.5,17850.0,,0.8
1168074000,2023-09,23990.0,17850.0,,1.0
1171051000,2023-09,10500.0,19000.0,,1.0
1171052000,2023-09,10500.0,19000.0,,1.0
1171056100,2023-09,16275.0,32050.0,,0.67
1171056200,2023-09,16275.0,32050.0,,0.67
1171056600,2023-09,16275.0,32050.0,,0.67
1171058000,2023-09,3000.0,,,0.5
1171059000,2023-09,3000.0,,,0.5
1171060000,2023-09,12650.0,24900.0,,2.0
1171061000,2023-09,2100.0,,,5.0
1171064100,2023-09,11400.0,,,0.33
1171064200,2023-09,11400.0,,,0.33
1171064600,2023-09,11400.0,,,0.33
1171065000,2023-09,8000.0,,,0.75
1171067000,2023-09,8000.0,,,0.75
1171068000,2023-09,8000.0,,,0.75
1171072000,2023-09,8000.0,,,0.75
1174051500,2023-09,14382.75,24250.0,,1.0
1174052000,2023-09,14382.75,24250.0,,1.0
1174052500,2023-09,14382.75,24250.0,,1.0
1174052600,2023-09,14382.75,24250.0,,1.0
1174055000,2023-09,60000.0,,,0.5
1174056000,2023-09,60000.0,,,0.5
1174057000,2023-09,1000.0,,,0.33
1174058000,2023-09,1000.0,,,0.33
1174059000,2023-09,1000.0,,,0.33
1174060000,2023-09,4684.67,,,1.0
1174061000,2023-09,4684.67,,,1.0
1174062000,2023-09,4684.67,,,1.0
1174064000,2023-09,12000.0,,,0.67
1174065000,2023-09,12000.0,,,0.67
1174066000,2023-09,12000.0,,,0.67
1174069000,2023-09,14000.0,,,0.5
1174070000,2023-09,14000.0,,,0.5
1111053000,2023-10,16674.0,,,2.0
1111054000,2023-10,26000.0,26000.0,,1.0
1111056000,2023-10,90000.0,90000.0,,1.0
1111060000,2023-10,0.0,,,1.0
1111063000,2023-10,5000.0,13000.0,,3.0
1111065000,2023-10,11000.0,11000.0,,1.0
1111067000,2023-10,10000.0,,,0.33
1111068000,2023-10,10000.0,,,0.33
1111069000,2023-10,10000.0,,,0.33
1111070000,2023-10,2000.0,,,0.5
1111071000,2023-10,2000.0,,,0.5
1114061000,2023-10,3125.0,,,0.36
1114061500,2023-10,3125.0,,,0.36
1114062000,2023-10,3125.0,,,0.36
1114062500,2023-10,3125.0,,,0.36
1114063000,2023-10,3125.0,,,0.36
1114063500,2023-10,3125.0,,,0.36
1114064000,2023-10,3125.0,,,0.36
1114064500,2023-10,3125.0,,,0.36
1114065000,2023-10,3125.0,,,0.36
1114066000,2023-10,3125.0,,,0.36
1114066500,2023-10,3125.0,,,0.36
1114067000,2023-10,12475.0,19950.0,,2.0
1117051000,2023-10,2100.0,,,1.0
1117052000,2023-10,9500.0,,,1.0
1117055500,2023-10,6416.67,23500.0,,6.0
1117057000,2023-10,21000.0,21000.0,,1.0
1117058000,2023-10,15000.0,28000.0,,2.0
1117062500,2023-10,67333.33,180000.0,,3.0
1117063000,2023-10,50000.0,,,0.5
1117064000,2023-10,50000.0,,,0.5
1117065000,2023-10,10750.0,,,1.0
1117066000,2023-10,10750.0,,,1.0
1117068500,2023-10,16150.0,77000.0,,5.0
1117069000,2023-10,750.0,,,2.0
1120052000,2023-10,12000.0,12000.0,,0.5
1120053500,2023-10,12000.0,12000.0,,0.5
1120054000,2023-10,21000.0,21000.0,,1.0
1120055000,2023-10,650.0,,,0.67
1120056000,2023-10,650.0,,,0.67
1120057000,2023-10,650.0,,,0.67
1120059000,2023-10,2000.0,,,1.0
1120061500,2023-10,750.0,,,2.0
1120064500,2023-10,7500.0,,,2.0
1120065000,2023-10,5500.0,10000.0,,1.0
1120066000,2023-10,5500.0,10000.0,,1.0
1120067000,2023-10,3000.0,,,0.5
1120069000,2023-10,3000.0,,,0.5
1120072000,2023-10,14000.0,14000.0,,0.5
1120079000,2023-10,14000.0,14000.0,,0.5
1121571000,2023-10,3433.33,18500.0,,6.0
1121573000,2023-10,22533.33,33650.0,,3.0
1121574000,2023-10,14702.08,24595.83,,3.0
1121575000,2023-10,14702.08,24595.83,,3.0
1121576000,2023-10,14702.08,24595.83,,3.0
1121577000,2023-10,14702.08,24595.83,,3.0
1121578000,2023-10,3000.0,,,1.0
1121582000,2023-10,11858.33,19000.0,,3.0
1121583000,2023-10,11858.33,19000.0,,3.0
1121584000,2023-10,11858.33,19000.0,,3.0
1121584700,2023-10,11858.33,19000.0,,3.0
1121585000,2023-10,9857.14,35000.0,,2.33
1121586000,2023-10,9857.14,35000.0,,2.33
1121587000,2023-10,9857.14,35000.0,,2.33
1123053600,2023-10,13000.0,25000.0,,2.0
1123054500,2023-10,5763.33,,,3.0
1123056000,2023-10,2750.0,,,0.67
1123057000,2023-10,2750.0,,,0.67
1123060000,2023-10,1550.0,,,1.67
1123061000,2023-10,750.0,,,1.0
1123065000,2023-10,4267.0,,,1.0
1123066000,2023-10,4267.0,,,1.0
1123070500,2023-10,500.0,,,2.0
1123072000,2023-10,17900.0,35300.0,,1.0
1123073000,2023-10,17900.0,35300.0,,1.0
1126052000,2023-10,10550.0,22350.0,,1.67
1126054000,2023-10,10550.0,22350.0,,1.67
1126055000,2023-10,10550.0,22350.0,,1.67
1126056500,2023-10,10550.0,22350.0,,1.67
1126057000,2023-10,10550.0,22350.0,,1.67
1126057500,2023-10,10550.0,22350.0,,1.67
1126058000,2023-10,2900.0,2900.0,,0.5
1126059000,2023-10,2900.0,2900.0,,0.5
1126060000,2023-10,5000.0,5000.0,,0.5
1126061000,2023-10,5000.0,5000.0,,0.5
1126062000,2023-10,7375.0,19000.0,,2.0
1126063000,2023-10,7375.0,19000.0,,2.0
1126065500,2023-10,8500.0,11000.0,,1.0
1126066000,2023-10,8500.0,11000.0,,1.0
1126068000,2023-10,20370.0,20370.0,,0.5
1126069000,2023-10,20370.0,20370.0,,0.5
1129052500,2023-10,2000.0,,,2.0
1129055500,2023-10,4536.89,,,1.5
1129057500,2023-10,11610.67,,,0.5
1129058000,2023-10,11610.67,,,0.5
1129059000,2023-10,11610.67,,,0.5
1129060000,2023-10,500.0,,,1.0
1129061000,2023-10,500.0,,,1.0
1129062000,2023-10,12534.73,11200.0,,1.83
1129063000,2023-10,8653.56,11200.0,,1.5
1129064000,2023-10,7175.0,11200.0,,1.0
1129065000,2023-10,7175.0,11200.0,,1.0
1129066000,2023-10,30000.0,,,0.33
1129068500,2023-10,30000.0,,,0.33
1129070500,2023-10,34000.0,,,1.0
1129072500,2023-10,42000.0,42000.0,,1.0
1129076000,2023-10,11170.4,17000.0,,1.67
1129077000,2023-10,11170.4,17000.0,,1.67
1129078000,2023-10,11170.4,17000.0,,1.67
1129081000,2023-10,1000.0,1800.0,,2.0
1130553400,2023-10,8000.0,8000.0,,0.2
1130553500,2023-10,8000.0,8000.0,,0.2
1130554500,2023-10,8000.0,8000.0,,0.2
1130555500,2023-10,8000.0,8000.0,,0.2
1130557500,2023-10,8000.0,8000.0,,0.2
1130559000,2023-10,16225.0,,,0.33
1130559500,2023-10,16225.0,,,0.33
1130560000,2023-10,16225.0,,,0.33
1130560300,2023-10,16225.0,,,0.33
1130560600,2023-10,16225.0,,,0.33
1130560800,2023-10,16225.0,,,0.33
1130561000,2023-10,2433.33,2800.0,,0.38
1130561500,2023-10,2433.33,2800.0,,0.38
1130562000,2023-10,2433.33,2800.0,,0.38
1130562500,2023-10,2433.33,2800.0,,0.38
1130563000,2023-10,2433.33,2800.0,,0.38
1130563500,2023-10,2433.33,2800.0,,0.38
1130564500,2023-10,2433.33,2800.0,,0.38
1130566000,2023-10,2433.33,2800.0,,0.38
1132051100,2023-10,1750.0,,,0.8
1132051200,2023-10,1750.0,,,0.8
1132051300,2023-10,1750.0,,,0.8
1132051400,2023-10,1750.0,,,0.8
1132051500,2023-10,1750.0,,,0.8
1132052100,2023-10,2000.0,,,0.5
1132052200,2023-10,2000.0,,,0.5
1132066000,2023-10,3500.0,,,0.5
1132067000,2023-10,3500.0,,,0.5
1132068000,2023-10,3500.0,,,0.5
1132068100,2023-10,3500.0,,,0.5
1135056000,2023-10,1000.0,,,0.67
1135057000,2023-10,1000.0,,,0.67
1135058000,2023-10,1000.0,,,0.67
1135059500,2023-10,2484.67,,,1.5
1135060000,2023-10,2484.67,,,1.5
1135061100,2023-10,1500.0,,,0.5
1135061200,2023-10,1500.0,,,0.5
1135061900,2023-10,39500.0,64000.0,,0.5
1135062100,2023-10,39500.0,64000.0,,0.5
1135062400,2023-10,21840.57,43140.94,,1.17
1135062500,2023-10,39500.0,64000.0,,0.5
1135063000,2023-10,8596.0,19674.5,,0.67
1135064000,2023-10,8596.0,19674.5,,0.67
1135066500,2023-10,8596.0,19674.5,,0.67
1135067000,2023-10,8596.0,19674.5,,0.67
1135069500,2023-10,8596.0,19674.5,,0.67
1135070000,2023-10,8596.0,19674.5,,0.67
1135071000,2023-10,8596.0,19674.5,,0.67
1135072000,2023-10,8596.0,19674.5,,0.67
1138051000,2023-10,22888.0,51720.0,,5.0
1138052000,2023-10,14166.67,18000.0,,1.5
1138053000,2023-10,14166.67,18000.0,,1.5
1138055100,2023-10,1277.5,,,1.0
1138055200,2023-10,1277.5,,,1.0
1138056000,2023-10,1250.0,,,2.0
1138058000,2023-10,32750.0,65000.0,,0.67
1138059000,2023-10,32750.0,65000.0,,0.67
1138060000,2023-10,32750.0,65000.0,,0.67
1138062500,2023-10,8000.0,,,1.0
1138064000,2023-10,20000.0,20000.0,,1.0
1138069000,2023-10,8392.67,,,3.0
1141055500,2023-10,51000.0,,,0.5
1141056500,2023-10,51000.0,,,0.5
1141061500,2023-10,1500.0,,,2.0
1141062000,2023-10,1500.0,,,0.67
1141064000,2023-10,1500.0,,,0.67
1141065500,2023-10,1500.0,,,0.67
1141069000,2023-10,366.67,,,1.5
1141070000,2023-10,366.67,,,1.5
1141071000,2023-10,11625.0,32500.0,,2.0
1141072000,2023-10,11625.0,32500.0,,2.0
1144055500,2023-10,75120.0,120000.0,,0.83
1144056500,2023-10,52000.0,120000.0,,1.17
1144058500,2023-10,1000.0,,,0.67
1144059000,2023-10,3094.0,,,1.33
1144060000,2023-10,2576.0,,,0.33
1144061000,2023-10,7800.0,,,0.33
1144063000,2023-10,1390.4,,,0.83
1144065500,2023-10,38366.67,,,1.5
1144066000,2023-10,1000.0,,,1.0
1144069000,2023-10,11250.0,40000.0,,2.0
1144070000,2023-10,11250.0,40000.0,,2.0
1144071000,2023-10,1000.0,,,4.0
1144072000,2023-10,11500.0,27500.0,,3.0
1144073000,2023-10,9875.0,27500.0,,4.0
1144074000,2023-10,5531.67,,,3.0
1147051000,2023-10,18545.0,27442.5,,1.2
1147052000,2023-10,18545.0,27442.5,,1.2
1147053000,2023-10,18545.0,27442.5,,1.2
1147054000,2023-10,18545.0,27442.5,,1.2
1147055000,2023-10,18545.0,27442.5,,1.2
1147056000,2023-10,14100.0,,,0.29
1147057000,2023-10,14100.0,,,0.29
1147058000,2023-10,14100.0,,,0.29
1147059000,2023-10,14100.0,,,0.29
1147060000,2023-10,14100.0,,,0.29
1147061000,2023-10,14100.0,,,0.29
1147061100,2023-10,14100.0,,,0.29
1147062000,2023-10,10869.4,84000.0,,1.67
1147063000,2023-10,10869.4,84000.0,,1.67
1147064000,2023-10,10869.4,84000.0,,1.67
1147065000,2023-10,10869.4,84000.0,,1.67
1147067000,2023-10,10869.4,84000.0,,1.67
1147068000,2023-10,10869.4,84000.0,,1.67
1150051000,2023-10,19617.14,51000.0,,1.75
1150052000,2023-10,13325.0,24650.0,,1.0
1150053000,2023-10,13325.0,24650.0,,1.0
1150053500,2023-10,13325.0,24650.0,,1.0
1150054000,2023-10,4130.0,21500.0,,1.12
1150055000,2023-10,4130.0,21500.0,,1.12
1150056000,2023-10,4130.0,21500.0,,1.12
1150057000,2023-10,4130.0,21500.0,,1.12
1150059000,2023-10,4130.0,21500.0,,1.12
1150059100,2023-10,4130.0,21500.0,,1.12
1150059300,2023-10,4130.0,21500.0,,1.12
1150060300,2023-10,10681.51,24650.0,,1.85
1150060400,2023-10,7000.0,,,0.25
1150060500,2023-10,19617.14,51000.0,,1.75
1150061100,2023-10,8638.77,15775.0,,2.6
1150061500,2023-10,9610.0,16411.11,,2.12
1150062000,2023-10,5438.27,,,1.85
1150063000,2023-10,5438.27,,,1.85
1150064000,2023-10,500.0,,,0.25
1150064100,2023-10,5659.76,,,0.85
1153051000,2023-10,51000.0,51000.0,,2.0
1153052000,2023-10,8606.67,19650.0,,3.0
1153053000,2023-10,8606.67,19650.0,,3.0
1153054000,2023-10,8606.67,19650.0,,3.0
1153055000,2023-10,8606.67,19650.0,,3.0
1153056000,2023-10,8606.67,19650.0,,3.0
1153059500,2023-10,1033.33,,,3.0
1153072000,2023-10,2434.5,6300.0,,2.0
1153073000,2023-10,2434.5,6300.0,,2.0
1153074000,2023-10,979.0,,,0.33
1153075000,2023-10,979.0,,,0.33
1153076000,2023-10,979.0,,,0.33
1153077000,2023-10,10000.0,28000.0,,1.5
1153078000,2023-10,10000.0,28000.0,,1.5
1154551000,2023-10,1266.67,,,3.0
1154561000,2023-10,8908.77,20375.0,,3.25
1154562000,2023-10,8908.77,20375.0,,3.25
1154563000,2023-10,8908.77,20375.0,,3.25
1154564000,2023-10,8908.77,20375.0,,3.25
1154567000,2023-10,4770.0,17000.0,,2.0
1154568000,2023-10,4770.0,17000.0,,2.0
1154569000,2023-10,4770.0,17000.0,,2.0
1154570000,2023-10,4770.0,17000.0,,2.0
1154571000,2023-10,4770.0,17000.0,,2.0
1156051500,2023-10,7241.83,9410.8,,1.64
1156053500,2023-10,9032.0,13033.33,,3.5
1156055000,2023-10,16833.33,24250.0,,3.0
1156056000,2023-10,12100.0,20000.0,,3.0
1156058500,2023-10,3936.0,17850.0,,5.0
1156061000,2023-10,17677.2,32000.0,,2.5
1156062000,2023-10,8128.67,,,1.5
1156063000,2023-10,8003.88,12832.75,,1.14
1156065000,2023-10,8003.88,12832.75,,1.14
1156066000,2023-10,8003.88,12832.75,,1.14
1156067000,2023-10,3373.22,8360.8,,4.14
1156068000,2023-10,8003.88,12832.75,,1.14
1156069000,2023-10,8003.88,12832.75,,1.14
1156070000,2023-10,1609.17,3250.0,,3.0
1156071000,2023-10,1609.17,3250.0,,3.0
1156072000,2023-10,1609.17,3250.0,,3.0
1159051000,2023-10,14000.0,14000.0,,1.5
1159052000,2023-10,8000.0,8000.0,,0.5
1159053000,2023-10,15928.57,51500.0,,1.75
1159054000,2023-10,34500.0,51500.0,,0.75
1159055000,2023-10,34500.0,51500.0,,0.75
1159056000,2023-10,34500.0,51500.0,,0.75
1159060500,2023-10,27375.0,,,4.0
1159062000,2023-10,9587.5,21600.0,,1.6
1159063000,2023-10,9587.5,21600.0,,1.6
1159064000,2023-10,9587.5,21600.0,,1.6
1159065000,2023-10,9587.5,21600.0,,1.6
1159065100,2023-10,9587.5,21600.0,,1.6
1159066000,2023-10,7500.0,14000.0,,2.0
1159067000,2023-10,8887.8,17939.0,,2.5
1159068000,2023-10,8887.8,17939.0,,2.5
1162052500,2023-10,9229.41,40600.0,,1.89
1162054500,2023-10,9229.41,40600.0,,1.89
1162056500,2023-10,9229.41,40600.0,,1.89
1162057500,2023-10,9229.41,40600.0,,1.89
1162058500,2023-10,9229.41,40600.0,,1.89
1162059500,2023-10,9229.41,40600.0,,1.89
1162060500,2023-10,9229.41,40600.0,,1.89
1162061500,2023-10,9229.41,40600.0,,1.89
1162062500,2023-10,9229.41,40600.0,,1.89
1162063000,2023-10,14000.0,18000.0,,2.0
1162064500,2023-10,6556.11,12542.86,,1.64
1162065500,2023-10,6556.11,12542.86,,1.64
1162066500,2023-10,6556.11,12542.86,,1.64
1162068500,2023-10,6556.11,12542.86,,1.64
1162069500,2023-10,6556.11,12542.86,,1.64
1162071500,2023-10,6556.11,12542.86,,1.64
1162072500,2023-10,6556.11,12542.86,,1.64
1162073500,2023-10,6556.11,12542.86,,1.64
1162074500,2023-10,6556.11,12542.86,,1.64
1162076500,2023-10,6556.11,12542.86,,1.64
1162077500,2023-10,6556.11,12542.86,,1.64
1165051000,2023-10,30918.0,68000.0,,1.5
1165052000,2023-10,30918.0,68000.0,,1.5
1165053000,2023-10,35441.44,67757.14,,2.67
1165053100,2023-10,30918.0,68000.0,,1.5
1165055000,2023-10,11000.0,,,0.75
1165056000,2023-10,11000.0,,,0.75
1165057000,2023-10,11000.0,,,0.75
1165058100,2023-10,11000.0,,,0.75
1165059000,2023-10,41257.29,67575.0,,1.17
1165060000,2023-10,41257.29,67575.0,,1.17
1165061000,2023-10,41257.29,67575.0,,1.17
1165062000,2023-10,41257.29,67575.0,,1.17
1165062100,2023-10,41257.29,67575.0,,1.17
1165065100,2023-10,14070.5,30900.0,,5.0
1165065200,2023-10,18616.5,30900.0,,3.0
1165066000,2023-10,21500.0,21500.0,,2.0
1168051000,2023-10,86112.5,114483.33,,2.0
1168052100,2023-10,5000.0,,,1.0
1168053100,2023-10,5000.0,,,1.0
1168054500,2023-10,86112.5,114483.33,,2.0
1168056500,2023-10,41216.67,13650.0,,3.0
1168058000,2023-10,100.0,,,0.5
1168059000,2023-10,100.0,,,0.5
1168060000,2023-10,51000.0,54000.0,,0.8
1168061000,2023-10,51000.0,54000.0,,0.8
1168063000,2023-10,51000.0,54000.0,,0.8
1168064000,2023-10,7900.0,25000.0,,2.5
1168065000,2023-10,7900.0,25000.0,,2.5
1168065500,2023-10,95000.0,,,0.5
1168065600,2023-10,95000.0,,,0.5
1168066000,2023-10,36000.0,32000.0,,0.4
1168067000,2023-10,36000.0,32000.0,,0.4
1168067500,2023-10,46000.0,46666.67,,1.2
1168069000,2023-10,36000.0,32000.0,,0.4
1168070000,2023-10,22437.0,71000.0,,4.0
1168074000,2023-10,46000.0,46666.67,,1.2
1171051000,2023-10,6625.0,23000.0,,2.0
1171052000,2023-10,6625.0,23000.0,,2.0
1171053100,2023-10,4144.25,,,1.33
1171053200,2023-10,4144.25,,,1.33
1171054000,2023-10,12008.71,22666.67,,3.5
1171055000,2023-10,12008.71,22666.67,,3.5
1171056100,2023-10,5050.0,,,1.33
1171056200,2023-10,5050.0,,,1.33
1171056600,2023-10,5050.0,,,1.33
1171057000,2023-10,9836.67,22500.0,,3.0
1171058000,2023-10,1784.33,,,1.5
1171059000,2023-10,1784.33,,,1.5
1171060000,2023-10,15966.67,23450.0,,6.0
1171061000,2023-10,6300.0,22000.0,,5.0
1171062000,2023-10,58614.29,81160.0,,2.33
1171063100,2023-10,58614.29,81160.0,,2.33
1171063200,2023-10,58614.29,81160.0,,2.33
1171064100,2023-10,30583.33,34500.0,,2.0
1171064200,2023-10,19894.61,27271.55,,7.67
1171064600,2023-10,19894.61,27271.55,,7.67
1171064700,2023-10,13840.62,25665.22,,7.0
1171065000,2023-10,11926.67,22930.0,,1.5
1171067000,2023-10,11926.67,22930.0,,1.5
1171068000,2023-10,11926.67,22930.0,,1.5
1171069000,2023-10,52500.0,75000.0,,1.0
1171071000,2023-10,52500.0,75000.0,,1.0
1171072000,2023-10,11926.67,22930.0,,1.5
1174051500,2023-10,17492.79,58000.0,,4.75
1174052000,2023-10,5802.33,,,0.75
1174052500,2023-10,5802.33,,,0.75
1174052600,2023-10,5802.33,,,0.75
1174053000,2023-10,14208.8,60000.0,,2.5
1174054000,2023-10,14208.8,60000.0,,2.5
1174057000,2023-10,9953.86,32000.0,,2.33
1174058000,2023-10,9953.86,32000.0,,2.33
1174059000,2023-10,9953.86,32000.0,,2.33
1174060000,2023-10,8590.88,14800.0,,2.67
1174061000,2023-10,8590.88,14800.0,,2.67
1174062000,2023-10,8590.88,14800.0,,2.67
1174064000,2023-10,5033.33,,,2.0
1174065000,2023-10,5033.33,,,2.0
1174066000,2023-10,5033.33,,,2.0
1174068500,2023-10,15433.33,23000.0,,3.0
1111055000,2023-11,3000.0,,,1.0
1111056000,2023-11,5000.0,,,1.0
1111060000,2023-11,11500.0,23000.0,,2.0
1111063000,2023-11,13500.0,20000.0,,2.0
1111064000,2023-11,300.0,,,1.0
1111065000,2023-11,7250.0,,,2.0
1111067000,2023-11,10000.0,,,0.33
1111068000,2023-11,10000.0,,,0.33
1111069000,2023-11,10000.0,,,0.33
1114057000,2023-11,90000.0,90000.0,,0.5
1114059000,2023-11,20042.0,90000.0,,2.5
1114061000,2023-11,14964.29,21750.0,,0.95
1114061500,2023-11,14964.29,21750.0,,0.95
1114062000,2023-11,7500.0,,,0.45
1114062500,2023-11,7500.0,,,0.45
1114063000,2023-11,7500.0,,,0.45
1114063500,2023-11,7500.0,,,0.45
1114064000,2023-11,7500.0,,,0.45
1114064500,2023-11,7500.0,,,0.45
1114065000,2023-11,7500.0,,,0.45
1114066000,2023-11,7500.0,,,0.45
1114066500,2023-11,7500.0,,,0.45
1117051000,2023-11,7166.67,19000.0,,3.0
1117052000,2023-11,10000.0,10000.0,,1.0
1117055500,2023-11,1000.0,,,1.0
1117063000,2023-11,10000.0,,,0.5
1117064000,2023-11,10000.0,,,0.5
1117065000,2023-11,4000.0,,,1.0
1117066000,2023-11,4000.0,,,1.0
1117068500,2023-11,500.0,,,1.0
1117069000,2023-11,1250.0,,,2.0
1120053500,2023-11,1000.0,,,1.0
1120054000,2023-11,6250.0,11500.0,,4.0
1120055000,2023-11,15300.0,,,0.67
1120056000,2023-11,15300.0,,,0.67
1120057000,2023-11,15300.0,,,0.67
1120058000,2023-11,19750.0,34500.0,,2.0
1120061500,2023-11,85000.0,85000.0,,1.0
1120065000,2023-11,39000.0,,,1.0
1120066000,2023-11,39000.0,,,1.0
1120072000,2023-11,8250.0,8250.0,,1.0
1120079000,2023-11,4650.0,8250.0,,2.0
1121571000,2023-11,4583.33,12000.0,,6.0
1121573000,2023-11,500.0,,,1.0
1121574000,2023-11,4955.56,10200.0,,2.25
1121575000,2023-11,4955.56,10200.0,,2.25
1121576000,2023-11,4955.56,10200.0,,2.25
1121577000,2023-11,4955.56,10200.0,,2.25
1121578000,2023-11,5500.0,,,2.0
1121581000,2023-11,20000.0,,,1.0
1121582000,2023-11,20870.6,82000.0,,1.25
1121583000,2023-11,20870.6,82000.0,,1.25
1121584000,2023-11,20870.6,82000.0,,1.25
1121584700,2023-11,20870.6,82000.0,,1.25
1121585000,2023-11,14118.18,27000.0,,3.67
1121586000,2023-11,14118.18,27000.0,,3.67
1121587000,2023-11,14118.18,27000.0,,3.67
1123053600,2023-11,19000.0,19000.0,,2.0
1123054500,2023-11,200.0,,,1.0
1123060000,2023-11,6447.67,,,1.5
1123061000,2023-11,6447.67,,,1.5
1123065000,2023-11,14200.0,21900.0,,2.0
1123066000,2023-11,14200.0,21900.0,,2.0
1123070500,2023-11,1250.0,,,2.0
1123071000,2023-11,6000.0,18000.0,,4.0
1123072000,2023-11,1250.0,,,1.0
1123073000,2023-11,1250.0,,,1.0
1123074000,2023-11,650.0,,,1.0
1123075000,2023-11,650.0,,,1.0
1126052000,2023-11,14800.0,23800.0,,1.67
1126054000,2023-11,14800.0,23800.0,,1.67
1126055000,2023-11,14800.0,23800.0,,1.67
1126056500,2023-11,14800.0,23800.0,,1.67
1126057000,2023-11,14800.0,23800.0,,1.67
1126057500,2023-11,14800.0,23800.0,,1.67
1126058000,2023-11,13000.0,18250.0,,2.0
1126059000,2023-11,13000.0,18250.0,,2.0
1126060000,2023-11,3779.67,,,1.5
1126061000,2023-11,3779.67,,,1.5
1126062000,2023-11,13225.0,13225.0,,1.0
1126063000,2023-11,13225.0,13225.0,,1.0
1126065500,2023-11,20383.33,33150.0,,3.0
1126066000,2023-11,20383.33,33150.0,,3.0
1126068000,2023-11,24400.0,30666.67,,2.5
1126069000,2023-11,24400.0,30666.67,,2.5
1129052500,2023-11,19900.0,28850.0,,3.0
1129057500,2023-11,1175.0,,,1.0
1129060000,2023-11,500.0,,,1.0
1129061000,2023-11,38500.0,38500.0,,2.0
1129062000,2023-11,10400.0,,,0.75
1129063000,2023-11,10400.0,,,0.75
1129064000,2023-11,10400.0,,,0.75
1129065000,2023-11,10400.0,,,0.75
1129068500,2023-11,3246.5,,,1.33
1129070500,2023-11,1666.67,,,3.0
1129071500,2023-11,3246.5,,,1.33
1129072500,2023-11,3246.5,,,1.33
1129076000,2023-11,25150.0,,,0.67
1129077000,2023-11,25150.0,,,0.67
1129078000,2023-11,25150.0,,,0.67
1129081000,2023-11,1050.0,,,2.0
1130553400,2023-11,1083.33,,,1.2
1130553500,2023-11,1083.33,,,1.2
1130554500,2023-11,1083.33,,,1.2
1130555500,2023-11,1083.33,,,1.2
1130557500,2023-11,1083.33,,,1.2
1130559000,2023-11,5600.0,5600.0,,0.17
1130559500,2023-11,5600.0,5600.0,,0.17
1130560000,2023-11,5600.0,5600.0,,0.17
1130560300,2023-11,5600.0,5600.0,,0.17
1130560600,2023-11,5600.0,5600.0,,0.17
1130560800,2023-11,5600.0,5600.0,,0.17
1130561000,2023-11,4275.0,12000.0,,0.5
1130561500,2023-11,4275.0,12000.0,,0.5
1130562000,2023-11,4275.0,12000.0,,0.5
1130562500,2023-11,4275.0,12000.0,,0.5
1130563000,2023-11,4275.0,12000.0,,0.5
1130563500,2023-11,4275.0,12000.0,,0.5
1130564500,2023-11,2091.67,12000.0,,1.5
1130566000,2023-11,4275.0,12000.0,,0.5
1132051100,2023-11,1000.0,,,0.4
1132051200,2023-11,1000.0,,,0.4
1132051300,2023-11,1000.0,,,0.4
1132051400,2023-11,1000.0,,,0.4
1132051500,2023-11,1000.0,,,0.4
1132052100,2023-11,41000.0,41000.0,,0.5
1132052200,2023-11,41000.0,41000.0,,0.5
1132066000,2023-11,1933.33,,,0.75
1132067000,2023-11,1933.33,,,0.75
1132068000,2023-11,1933.33,,,0.75
1132068100,2023-11,1933.33,,,0.75
1132069000,2023-11,500.0,,,0.33
1132070000,2023-11,500.0,,,0.33
1132071000,2023-11,500.0,,,0.33
1135056000,2023-11,5750.0,,,0.67
1135057000,2023-11,5750.0,,,0.67
1135058000,2023-11,5750.0,,,0.67
1135059500,2023-11,11066.25,,,2.0
1135060000,2023-11,11066.25,,,2.0
1135061900,2023-11,14166.67,38500.0,,0.75
1135062100,2023-11,14166.67,38500.0,,0.75
1135062400,2023-11,16097.01,26770.27,,1.86
1135062500,2023-11,14166.67,38500.0,,0.75
1135063000,2023-11,17400.0,23000.0,,1.11
1135064000,2023-11,17400.0,23000.0,,1.11
1135066500,2023-11,17400.0,23000.0,,1.11
1135067000,2023-11,17400.0,23000.0,,1.11
1135069500,2023-11,17400.0,23000.0,,1.11
1135070000,2023-11,17400.0,23000.0,,1.11
1135071000,2023-11,17400.0,23000.0,,1.11
1135072000,2023-11,17400.0,23000.0,,1.11
1138051000,2023-11,1971.0,,,4.0
1138052000,2023-11,2250.0,,,1.0
1138053000,2023-11,2250.0,,,1.0
1138055100,2023-11,1000.0,,,0.5
1138055200,2023-11,1000.0,,,0.5
1138056000,2023-11,15000.0,,,1.0
1138057000,2023-11,500.0,,,1.0
1138058000,2023-11,15500.0,15500.0,,0.67
1138059000,2023-11,15500.0,15500.0,,0.67
1138060000,2023-11,15500.0,15500.0,,0.67
1138062500,2023-11,5625.0,16000.0,,4.0
1138063100,2023-11,500.0,,,0.5
1138063200,2023-11,500.0,,,0.5
1138064000,2023-11,1000.0,,,1.0
1141055500,2023-11,11000.0,,,1.5
1141056500,2023-11,11500.0,7000.0,,2.0
1141058500,2023-11,1000.0,,,0.5
1141061500,2023-11,550.0,,,2.0
1141062000,2023-11,13000.0,23000.0,,1.33
1141064000,2023-11,13000.0,23000.0,,1.33
1141065500,2023-11,13000.0,23000.0,,1.33
1141066000,2023-11,4173.0,,,0.5
1141068500,2023-11,4173.0,,,0.5
1141069000,2023-11,10000.0,,,0.5
1141070000,2023-11,10000.0,,,0.5
1141071000,2023-11,1000.0,,,0.5
1141072000,2023-11,1000.0,,,0.5
1144055500,2023-11,12777.11,33900.0,,3.0
1144056500,2023-11,8250.0,32500.0,,3.0
1144058500,2023-11,2333.33,,,1.0
1144059000,2023-11,9124.0,36000.0,,2.0
1144060000,2023-11,10666.67,,,1.5
1144061000,2023-11,9790.67,36000.0,,2.0
1144063000,2023-11,15500.0,,,1.0
1144065500,2023-11,500.0,,,1.0
1144066000,2023-11,3555.56,7000.0,,4.5
1144068000,2023-11,1027.5,,,2.0
1144069000,2023-11,4500.0,,,1.5
1144070000,2023-11,4500.0,,,1.5
1144072000,2023-11,3833.33,13000.0,,3.0
1144073000,2023-11,3833.33,13000.0,,3.0
1147051000,2023-11,26500.0,28000.0,,0.4
1147052000,2023-11,26500.0,28000.0,,0.4
1147053000,2023-11,26500.0,28000.0,,0.4
1147054000,2023-11,26500.0,28000.0,,0.4
1147055000,2023-11,26500.0,28000.0,,0.4
1147056000,2023-11,10762.5,18700.0,,0.57
1147057000,2023-11,10762.5,18700.0,,0.57
1147058000,2023-11,10762.5,18700.0,,0.57
1147059000,2023-11,10762.5,18700.0,,0.57
1147060000,2023-11,10762.5,18700.0,,0.57
1147061000,2023-11,10762.5,18700.0,,0.57
1147061100,2023-11,10762.5,18700.0,,0.57
1147062000,2023-11,15200.0,23600.0,,0.5
1147063000,2023-11,15200.0,23600.0,,0.5
1147064000,2023-11,15200.0,23600.0,,0.5
1147065000,2023-11,15200.0,23600.0,,0.5
1147067000,2023-11,15200.0,23600.0,,0.5
1147068000,2023-11,15200.0,23600.0,,0.5
1150051000,2023-11,9350.0,34600.0,,1.0
1150052000,2023-11,30000.0,30000.0,,0.25
1150053000,2023-11,30000.0,30000.0,,0.25
1150053500,2023-11,30000.0,30000.0,,0.25
1150054000,2023-11,12999.41,26686.25,,2.12
1150055000,2023-11,12999.41,26686.25,,2.12
1150056000,2023-11,12999.41,26686.25,,2.12
1150057000,2023-11,12999.41,26686.25,,2.12
1150059000,2023-11,12999.41,26686.25,,2.12
1150059100,2023-11,12999.41,26686.25,,2.12
1150059300,2023-11,12999.41,26686.25,,2.12
1150060300,2023-11,25608.7,41642.86,,1.15
1150060400,2023-11,17700.0,34600.0,,0.5
1150060500,2023-11,9350.0,34600.0,,1.0
1150061100,2023-11,7323.18,34771.43,,4.4
1150061500,2023-11,8926.0,25350.83,,5.12
1150062000,2023-11,14785.71,43333.33,,1.4
1150063000,2023-11,14785.71,43333.33,,1.4
1150064000,2023-11,7600.0,26000.0,,1.0
1150064100,2023-11,14785.71,43333.33,,1.4
1153052000,2023-11,13085.71,25333.33,,1.4
1153053000,2023-11,13085.71,25333.33,,1.4
1153054000,2023-11,13085.71,25333.33,,1.4
1153055000,2023-11,13085.71,25333.33,,1.4
1153056000,2023-11,13085.71,25333.33,,1.4
1153059500,2023-11,500.0,,,3.0
1153072000,2023-11,3900.0,7500.0,,1.0
1153073000,2023-11,3900.0,7500.0,,1.0
1153074000,2023-11,2000.0,,,0.67
1153075000,2023-11,2000.0,,,0.67
1153076000,2023-11,2000.0,,,0.67
1153077000,2023-11,5500.0,,,1.0
1153078000,2023-11,5964.0,,,2.5
1153080000,2023-11,10000.0,,,0.5
1154561000,2023-11,3377.78,8600.0,,2.25
1154562000,2023-11,3377.78,8600.0,,2.25
1154563000,2023-11,3377.78,8600.0,,2.25
1154564000,2023-11,3377.78,8600.0,,2.25
1154567000,2023-11,3072.3,11500.0,,2.0
1154568000,2023-11,3072.3,11500.0,,2.0
1154569000,2023-11,3072.3,11500.0,,2.0
1154570000,2023-11,3072.3,11500.0,,2.0
1154571000,2023-11,3072.3,11500.0,,2.0
1156051500,2023-11,10047.77,38333.33,,1.86
1156053500,2023-11,4000.0,,,3.0
1156054000,2023-11,80000.0,80000.0,,1.0
1156055000,2023-11,500.0,,,2.0
1156058500,2023-11,11650.0,17225.0,,3.0
1156060500,2023-11,22000.0,40000.0,,2.0
1156061000,2023-11,11125.0,20250.0,,2.0
1156062000,2023-11,23480.0,23480.0,,2.0
1156063000,2023-11,10047.77,38333.33,,1.86
1156065000,2023-11,10047.77,38333.33,,1.86
1156066000,2023-11,10047.77,38333.33,,1.86
1156067000,2023-11,7226.43,26310.53,,3.36
1156068000,2023-11,10047.77,38333.33,,1.86
1156069000,2023-11,10047.77,38333.33,,1.86
1156070000,2023-11,3733.33,5700.0,,1.5
1156071000,2023-11,3733.33,5700.0,,1.5
1156072000,2023-11,3733.33,5700.0,,1.5
1159053000,2023-11,2770.0,19900.0,,2.5
1159054000,2023-11,3950.0,19900.0,,1.5
1159055000,2023-11,3950.0,19900.0,,1.5
1159056000,2023-11,3950.0,19900.0,,1.5
1159060500,2023-11,55000.0,55000.0,,1.0
1159062000,2023-11,20400.0,49600.0,,2.2
1159063000,2023-11,20400.0,49600.0,,2.2
1159064000,2023-11,20400.0,49600.0,,2.2
1159065000,2023-11,20400.0,49600.0,,2.2
1159065100,2023-11,20400.0,49600.0,,2.2
1159066000,2023-11,900.0,,,2.0
1159067000,2023-11,24666.67,66000.0,,1.5
1159068000,2023-11,24666.67,66000.0,,1.5
1162052500,2023-11,5410.53,15333.33,,2.11
1162054500,2023-11,5410.53,15333.33,,2.11
1162056500,2023-11,5410.53,15333.33,,2.11
1162057500,2023-11,5410.53,15333.33,,2.11
1162058500,2023-11,5410.53,15333.33,,2.11
1162059500,2023-11,5410.53,15333.33,,2.11
1162060500,2023-11,5410.53,15333.33,,2.11
1162061500,2023-11,5410.53,15333.33,,2.11
1162062500,2023-11,5410.53,15333.33,,2.11
1162063000,2023-11,4500.0,10000.0,,3.0
1162064500,2023-11,5087.5,12350.0,,2.18
1162065500,2023-11,5087.5,12350.0,,2.18
1162066500,2023-11,5087.5,12350.0,,2.18
1162068500,2023-11,5087.5,12350.0,,2.18
1162069500,2023-11,5087.5,12350.0,,2.18
1162071500,2023-11,5087.5,12350.0,,2.18
1162072500,2023-11,5087.5,12350.0,,2.18
1162073500,2023-11,5087.5,12350.0,,2.18
1162074500,2023-11,5087.5,12350.0,,2.18
1162076500,2023-11,5087.5,12350.0,,2.18
1162077500,2023-11,5087.5,12350.0,,2.18
1165051000,2023-11,6500.0,,,0.5
1165052000,2023-11,6500.0,,,0.5
1165053000,2023-11,17450.0,29500.0,,1.67
1165053100,2023-11,6500.0,,,0.5
1165054000,2023-11,16017.5,33070.0,,2.0
1165055000,2023-11,13714.29,23750.0,,1.75
1165056000,2023-11,13714.29,23750.0,,1.75
1165057000,2023-11,13714.29,23750.0,,1.75
1165058000,2023-11,16017.5,33070.0,,2.0
1165058100,2023-11,13714.29,23750.0,,1.75
1165059000,2023-11,22142.86,29500.0,,1.17
1165060000,2023-11,22142.86,29500.0,,1.17
1165061000,2023-11,22142.86,29500.0,,1.17
1165062000,2023-11,22142.86,29500.0,,1.17
1165062100,2023-11,22142.86,29500.0,,1.17
1165065100,2023-11,12105.2,40000.0,,2.5
1165065200,2023-11,40000.0,40000.0,,0.5
1165066000,2023-11,20000.0,,,1.0
1168051000,2023-11,36000.0,67000.0,,1.0
1168052100,2023-11,17833.33,33000.0,,1.5
1168053100,2023-11,17833.33,33000.0,,1.5
1168054500,2023-11,36000.0,67000.0,,1.0
1168056500,2023-11,16250.0,17000.0,,4.0
1168058000,2023-11,18175.0,,,2.0
1168059000,2023-11,18175.0,,,2.0
1168060000,2023-11,34333.33,70000.0,,0.6
1168061000,2023-11,34333.33,70000.0,,0.6
1168063000,2023-11,34333.33,70000.0,,0.6
1168064000,2023-11,11730.0,46500.0,,5.0
1168065000,2023-11,11730.0,46500.0,,5.0
1168065500,2023-11,30666.67,,,1.5
1168065600,2023-11,30666.67,,,1.5
1168066000,2023-11,19500.0,26000.0,,0.8
1168067000,2023-11,36304.22,83666.67,,1.8
1168067500,2023-11,35811.5,80250.0,,2.4
1168069000,2023-11,19500.0,26000.0,,0.8
1168070000,2023-11,3000.0,,,2.0
1168072000,2023-11,49747.6,112500.0,,1.0
1168073000,2023-11,49747.6,112500.0,,1.0
1168074000,2023-11,35811.5,80250.0,,2.4
1171051000,2023-11,15000.0,10000.0,,1.0
1171052000,2023-11,15000.0,10000.0,,1.0
1171053100,2023-11,13000.0,,,0.33
1171053200,2023-11,13000.0,,,0.33
1171054000,2023-11,16180.0,70000.0,,2.5
1171055000,2023-11,16180.0,70000.0,,2.5
1171056100,2023-11,10000.0,,,0.33
1171056200,2023-11,10000.0,,,0.33
1171056600,2023-11,10000.0,,,0.33
1171057000,2023-11,11246.0,22000.0,,2.0
1171058000,2023-11,40500.0,80000.0,,1.0
1171059000,2023-11,40500.0,80000.0,,1.0
1171060000,2023-11,12858.33,21975.0,,12.0
1171061000,2023-11,10800.0,21000.0,,8.0
1171062000,2023-11,20875.0,48000.0,,1.33
1171063100,2023-11,20875.0,48000.0,,1.33
1171063200,2023-11,20875.0,48000.0,,1.33
1171064100,2023-11,23435.71,44783.33,,2.33
1171064200,2023-11,15790.0,44783.33,,4.0
1171064600,2023-11,15790.0,44783.33,,4.0
1171064700,2023-11,6405.0,,,2.0
1171065000,2023-11,24260.0,,,1.25
1171067000,2023-11,24260.0,,,1.25
1171068000,2023-11,24260.0,,,1.25
1171069000,2023-11,23350.0,41700.0,,1.0
1171071000,2023-11,23350.0,41700.0,,1.0
1171072000,2023-11,24260.0,,,1.25
1174051500,2023-11,11150.75,18332.5,,4.0
1174053000,2023-11,40982.33,20947.0,,1.5
1174054000,2023-11,40982.33,20947.0,,1.5
1174055000,2023-11,2500.0,3000.0,,1.0
1174056000,2023-11,2500.0,3000.0,,1.0
1174057000,2023-11,7079.0,,,2.0
1174058000,2023-11,7079.0,,,2.0
1174059000,2023-11,7079.0,,,2.0
1174060000,2023-11,7836.6,16466.5,,3.33
1174061000,2023-11,7836.6,16466.5,,3.33
1174062000,2023-11,7836.6,16466.5,,3.33
1174064000,2023-11,10567.5,25000.0,,2.67
1174065000,2023-11,10567.5,25000.0,,2.67
1174066000,2023-11,10567.5,25000.0,,2.67
1174068500,2023-11,1537.25,,,4.0
1174069000,2023-11,14880.0,20820.0,,1.5
1174070000,2023-11,14880.0,20820.0,,1.5
1111051500,2023-12,3000.0,,,1.0
1111060000,2023-12,23000.0,23000.0,,1.0
1111061500,2023-12,3000.0,,,1.0
1111063000,2023-12,13750.0,28000.0,,4.0
1111064000,2023-12,1666.67,,,3.0
1111065000,2023-12,1583.33,,,6.0
1111070000,2023-12,12000.0,23000.0,,1.0
1111071000,2023-12,12000.0,23000.0,,1.0
1114055000,2023-12,1000.0,,,0.5
1114057000,2023-12,1000.0,,,1.5
1114058000,2023-12,1000.0,,,1.0
1114059000,2023-12,2000.0,,,1.0
1114061000,2023-12,14769.23,85000.0,,0.59
1114061500,2023-12,14769.23,85000.0,,0.59
1114062000,2023-12,85000.0,85000.0,,0.09
1114062500,2023-12,85000.0,85000.0,,0.09
1114063000,2023-12,85000.0,85000.0,,0.09
1114063500,2023-12,85000.0,85000.0,,0.09
1114064000,2023-12,85000.0,85000.0,,0.09
1114064500,2023-12,85000.0,85000.0,,0.09
1114065000,2023-12,85000.0,85000.0,,0.09
1114066000,2023-12,85000.0,85000.0,,0.09
1114066500,2023-12,85000.0,85000.0,,0.09
1114067000,2023-12,1500.0,,,1.0
1114068000,2023-12,3000.0,,,1.0
1117053000,2023-12,1000.0,,,1.0
1117055500,2023-12,3833.33,10000.0,,3.0
1117056000,2023-12,2000.0,,,1.0
1117062500,2023-12,61007.33,177000.0,,3.0
1117063000,2023-12,52766.67,48300.0,,1.5
1117064000,2023-12,52766.67,48300.0,,1.5
1117065000,2023-12,1000.0,,,1.0
1117066000,2023-12,1000.0,,,1.0
1117069000,2023-12,5000.0,,,2.0
1120052000,2023-12,30000.0,30000.0,,0.5
1120053500,2023-12,43600.0,43600.0,,1.5
1120054000,2023-12,1000.0,,,3.0
1120055000,2023-12,1100.0,,,3.33
1120056000,2023-12,1250.0,,,1.33
1120057000,2023-12,1250.0,,,1.33
1120058000,2023-12,50000.0,50000.0,,1.0
1120061500,2023-12,32000.0,,,1.0
1120062000,2023-12,13200.0,13200.0,,1.0
1120064500,2023-12,37800.0,60333.33,,5.0
1120065000,2023-12,25920.0,64000.0,,2.5
1120066000,2023-12,25920.0,64000.0,,2.5
1120067000,2023-12,3750.0,7000.0,,1.0
1120069000,2023-12,3750.0,7000.0,,1.0
1120072000,2023-12,15000.0,15000.0,,0.5
1120079000,2023-12,4628.57,15000.0,,3.5
1121571000,2023-12,2600.0,20000.0,,12.0
1121573000,2023-12,4166.67,,,3.0
1121574000,2023-12,3000.0,,,0.25
1121575000,2023-12,3000.0,,,0.25
1121576000,2023-12,3000.0,,,0.25
1121577000,2023-12,3000.0,,,0.25
1121578000,2023-12,11000.0,,,1.0
1121582000,2023-12,6954.17,18462.5,,1.5
1121583000,2023-12,6954.17,18462.5,,1.5
1121584000,2023-12,6954.17,18462.5,,1.5
1121584700,2023-12,6954.17,18462.5,,1.5
1121585000,2023-12,5785.71,10000.0,,2.33
1121586000,2023-12,5785.71,10000.0,,2.33
1121587000,2023-12,5785.71,10000.0,,2.33
1123053600,2023-12,10117.5,9220.0,,8.0
1123054500,2023-12,14750.0,29000.0,,2.0
1123056000,2023-12,8307.14,21000.0,,2.33
1123057000,2023-12,8307.14,21000.0,,2.33
1123060000,2023-12,8307.14,21000.0,,2.33
1123065000,2023-12,7445.0,12000.0,,1.0
1123066000,2023-12,7445.0,12000.0,,1.0
1123070500,2023-12,500.0,,,1.0
1123071000,2023-12,1283.33,,,6.0
1123072000,2023-12,1471.43,,,7.0
1123073000,2023-12,1471.43,,,7.0
1123074000,2023-12,50000.0,50000.0,,0.5
1123075000,2023-12,50000.0,50000.0,,0.5
1126052000,2023-12,6837.5,12800.0,,1.33
1126054000,2023-12,6837.5,12800.0,,1.33
1126055000,2023-12,6837.5,12800.0,,1.33
1126056500,2023-12,6837.5,12800.0,,1.33
1126057000,2023-12,6837.5,12800.0,,1.33
1126057500,2023-12,6837.5,12800.0,,1.33
1126058000,2023-12,18666.67,26000.0,,1.5
1126059000,2023-12,18666.67,26000.0,,1.5
1126060000,2023-12,1291.5,,,1.0
1126061000,2023-12,1291.5,,,1.0
1126062000,2023-12,2035.0,,,2.0
1126063000,2023-12,2035.0,,,2.0
1126065500,2023-12,7725.0,27500.0,,4.0
1126066000,2023-12,7725.0,27500.0,,4.0
1126068000,2023-12,7453.4,18000.0,,2.5
1126069000,2023-12,7453.4,18000.0,,2.5
1129055500,2023-12,4407.69,49500.0,,2.17
1129057500,2023-12,7928.57,49500.0,,1.17
1129058000,2023-12,49500.0,49500.0,,0.17
1129059000,2023-12,49500.0,49500.0,,0.17
1129061000,2023-12,5000.0,,,2.0
1129062000,2023-12,9012.42,49500.0,,1.58
1129063000,2023-12,9818.18,49500.0,,0.92
1129064000,2023-12,1000.0,,,0.75
1129065000,2023-12,1000.0,,,0.75
1129066000,2023-12,7904.5,,,0.67
1129068500,2023-12,7904.5,,,0.67
1129072500,2023-12,1000.0,,,1.0
1130553400,2023-12,7171.43,15833.33,,1.4
1130553500,2023-12,7171.43,15833.33,,1.4
1130554500,2023-12,7171.43,15833.33,,1.4
1130555500,2023-12,7171.43,15833.33,,1.4
1130557500,2023-12,7171.43,15833.33,,1.4
1130559000,2023-12,6766.67,18000.0,,0.5
1130559500,2023-12,6766.67,18000.0,,0.5
1130560000,2023-12,6766.67,18000.0,,0.5
1130560300,2023-12,6766.67,18000.0,,0.5
1130560600,2023-12,6766.67,18000.0,,0.5
1130560800,2023-12,6766.67,18000.0,,0.5
1130561000,2023-12,4008.5,25000.0,,1.25
1130561500,2023-12,4008.5,25000.0,,1.25
1130562000,2023-12,4008.5,25000.0,,1.25
1130562500,2023-12,4008.5,25000.0,,1.25
1130563000,2023-12,4008.5,25000.0,,1.25
1130563500,2023-12,4008.5,25000.0,,1.25
1130564500,2023-12,6618.65,17000.0,,3.25
1130566000,2023-12,4008.5,25000.0,,1.25
1132051100,2023-12,8028.57,16850.0,,1.4
1132051200,2023-12,8028.57,16850.0,,1.4
1132051300,2023-12,8028.57,16850.0,,1.4
1132051400,2023-12,8028.57,16850.0,,1.4
1132051500,2023-12,8028.57,16850.0,,1.4
1132052100,2023-12,1000.0,,,0.5
1132052200,2023-12,1000.0,,,0.5
1132066000,2023-12,12500.0,22000.0,,0.5
1132067000,2023-12,12500.0,22000.0,,0.5
1132068000,2023-12,12500.0,22000.0,,0.5
1132068100,2023-12,12500.0,22000.0,,0.5
1132069000,2023-12,5500.0,,,0.67
1132070000,2023-12,5500.0,,,0.67
1132071000,2023-12,5500.0,,,0.67
1135056000,2023-12,19488.57,28806.67,,2.33
1135057000,2023-12,19488.57,28806.67,,2.33
1135058000,2023-12,19488.57,28806.67,,2.33
1135059500,2023-12,17750.0,26900.0,,4.0
1135060000,2023-12,17750.0,26900.0,,4.0
1135061900,2023-12,32125.0,32125.0,,0.5
1135062100,2023-12,32125.0,32125.0,,0.5
1135062400,2023-12,21148.81,33009.62,,1.17
1135062500,2023-12,32125.0,32125.0,,0.5
1135063000,2023-12,12916.67,35000.0,,0.67
1135064000,2023-12,12916.67,35000.0,,0.67
1135066500,2023-12,12916.67,35000.0,,0.67
1135067000,2023-12,12916.67,35000.0,,0.67
1135069500,2023-12,12916.67,35000.0,,0.67
1135070000,2023-12,12916.67,35000.0,,0.67
1135071000,2023-12,12916.67,35000.0,,0.67
1135072000,2023-12,12916.67,35000.0,,0.67
1138051000,2023-12,5100.5,,,2.0
1138052000,2023-12,11926.25,31000.0,,2.0
1138053000,2023-12,11926.25,31000.0,,2.0
1138055100,2023-12,7000.0,11000.0,,2.0
1138055200,2023-12,7000.0,11000.0,,2.0
1138056000,2023-12,2000.0,,,1.0
1138058000,2023-12,15925.5,22000.0,,0.67
1138059000,2023-12,15925.5,22000.0,,0.67
1138060000,2023-12,15925.5,22000.0,,0.67
1138062500,2023-12,2000.0,,,2.0
1138063100,2023-12,1000.0,,,0.5
1138063200,2023-12,1000.0,,,0.5
1138064000,2023-12,4500.0,,,1.0
1138069000,2023-12,20424.0,28353.5,,3.0
1141052000,2023-12,1000.0,,,1.0
1141055500,2023-12,333.33,,,1.5
1141056500,2023-12,250.0,,,1.0
1141058500,2023-12,500.0,,,0.5
1141061500,2023-12,2500.0,,,5.0
1141062000,2023-12,16000.0,16000.0,,0.67
1141064000,2023-12,16000.0,16000.0,,0.67
1141065500,2023-12,16000.0,16000.0,,0.67
1141066000,2023-12,7000.0,,,0.5
1141068500,2023-12,7000.0,,,0.5
1141069000,2023-12,15085.75,46000.0,,2.0
1141070000,2023-12,15085.75,46000.0,,2.0
1141071000,2023-12,6281.0,,,1.5
1141072000,2023-12,6281.0,,,1.5
1144055500,2023-12,12500.0,31500.0,,2.67
1144056500,2023-12,12590.91,24250.0,,3.67
1144058500,2023-12,18500.0,17000.0,,0.67
1144059000,2023-12,11700.0,17000.0,,1.67
1144060000,2023-12,19870.14,47500.0,,2.33
1144061000,2023-12,10700.0,31500.0,,1.67
1144063000,2023-12,19870.14,47500.0,,2.33
1144065500,2023-12,5500.0,,,2.0
1144066000,2023-12,3445.0,6390.0,,2.0
1144068000,2023-12,1500.0,,,2.0
1144069000,2023-12,6000.0,8000.0,,1.5
1144070000,2023-12,6000.0,8000.0,,1.5
1144071000,2023-12,3000.0,,,2.0
1144072000,2023-12,8200.0,22000.0,,2.5
1144073000,2023-12,23000.0,47333.33,,3.5
1144074000,2023-12,10455.0,10455.0,,1.0
1147051000,2023-12,19397.14,31750.0,,1.4
1147052000,2023-12,19397.14,31750.0,,1.4
1147053000,2023-12,19397.14,31750.0,,1.4
1147054000,2023-12,19397.14,31750.0,,1.4
1147055000,2023-12,19397.14,31750.0,,1.4
1147056000,2023-12,1781.0,,,0.43
1147057000,2023-12,1781.0,,,0.43
1147058000,2023-12,1781.0,,,0.43
1147059000,2023-12,1781.0,,,0.43
1147060000,2023-12,1781.0,,,0.43
1147061000,2023-12,1781.0,,,0.43
1147061100,2023-12,1781.0,,,0.43
1147062000,2023-12,21024.0,80000.0,,0.83
1147063000,2023-12,21024.0,80000.0,,0.83
1147064000,2023-12,21024.0,80000.0,,0.83
1147065000,2023-12,21024.0,80000.0,,0.83
1147067000,2023-12,21024.0,80000.0,,0.83
1147068000,2023-12,21024.0,80000.0,,0.83
1150051000,2023-12,15004.57,67000.0,,1.75
1150052000,2023-12,13500.0,20750.0,,1.0
1150053000,2023-12,13500.0,20750.0,,1.0
1150053500,2023-12,13500.0,20750.0,,1.0
1150054000,2023-12,4428.57,17000.0,,0.88
1150055000,2023-12,4428.57,17000.0,,0.88
1150056000,2023-12,4428.57,17000.0,,0.88
1150057000,2023-12,4428.57,17000.0,,0.88
1150059000,2023-12,4428.57,17000.0,,0.88
1150059100,2023-12,4428.57,17000.0,,0.88
1150059300,2023-12,4428.57,17000.0,,0.88
1150060300,2023-12,33744.86,43928.15,,1.85
1150060400,2023-12,67000.0,67000.0,,0.25
1150060500,2023-12,15004.57,67000.0,,1.75
1150061100,2023-12,21731.95,27827.9,,4.1
1150061500,2023-12,16532.74,31516.0,,3.38
1150062000,2023-12,53630.0,53630.0,,0.6
1150063000,2023-12,53630.0,53630.0,,0.6
1150064100,2023-12,53630.0,53630.0,,0.6
1153052000,2023-12,2477.78,,,1.8
1153053000,2023-12,2477.78,,,1.8
1153054000,2023-12,2477.78,,,1.8
1153055000,2023-12,2477.78,,,1.8
1153056000,2023-12,2477.78,,,1.8
1153059500,2023-12,6100.0,,,2.0
1153072000,2023-12,5238.57,6300.0,,3.5
1153073000,2023-12,5238.57,6300.0,,3.5
1153074000,2023-12,1540.0,,,1.67
1153075000,2023-12,1540.0,,,1.67
1153076000,2023-12,1540.0,,,1.67
1153077000,2023-12,10000.0,10000.0,,0.5
1153078000,2023-12,9563.78,15189.56,,9.0
1153080000,2023-12,7794.0,,,0.5
1154551000,2023-12,6663.33,,,3.0
1154561000,2023-12,5750.0,13000.0,,2.5
1154562000,2023-12,5750.0,13000.0,,2.5
1154563000,2023-12,5750.0,13000.0,,2.5
1154564000,2023-12,5750.0,13000.0,,2.5
1154567000,2023-12,23333.33,57000.0,,0.6
1154568000,2023-12,23333.33,57000.0,,0.6
1154569000,2023-12,23333.33,57000.0,,0.6
1154570000,2023-12,23333.33,57000.0,,0.6
1154571000,2023-12,23333.33,57000.0,,0.6
1156051500,2023-12,26352.38,48545.45,,1.5
1156053500,2023-12,30666.67,52000.0,,1.5
1156054000,2023-12,40000.0,,,1.0
1156055000,2023-12,0.0,,,1.0
1156056000,2023-12,37048.75,49065.0,,4.0
1156062000,2023-12,60000.0,60000.0,,1.0
1156063000,2023-12,13528.57,42500.0,,1.0
1156065000,2023-12,13528.57,42500.0,,1.0
1156066000,2023-12,13528.57,42500.0,,1.0
1156067000,2023-12,9601.1,32795.45,,3.25
1156068000,2023-12,13528.57,42500.0,,1.0
1156069000,2023-12,13528.57,42500.0,,1.0
1156070000,2023-12,7855.56,27250.0,,2.25
1156071000,2023-12,7855.56,27250.0,,2.25
1156072000,2023-12,7855.56,27250.0,,2.25
1159051000,2023-12,750.0,,,1.0
1159052000,2023-12,750.0,,,1.0
1159053000,2023-12,8426.62,21036.5,,3.25
1159054000,2023-12,11727.33,21036.5,,2.25
1159055000,2023-12,11727.33,21036.5,,2.25
1159056000,2023-12,11727.33,21036.5,,2.25
1159060500,2023-12,26000.0,,,2.0
1159062000,2023-12,5187.5,15000.0,,1.6
1159063000,2023-12,5187.5,15000.0,,1.6
1159064000,2023-12,5187.5,15000.0,,1.6
1159065000,2023-12,5187.5,15000.0,,1.6
1159065100,2023-12,5187.5,15000.0,,1.6
1159066000,2023-12,500.0,,,1.0
1159067000,2023-12,650.0,,,1.0
1159068000,2023-12,650.0,,,1.0
1162052500,2023-12,2435.0,10000.0,,2.22
1162054500,2023-12,2435.0,10000.0,,2.22
1162056500,2023-12,2435.0,10000.0,,2.22
1162057500,2023-12,2435.0,10000.0,,2.22
1162058500,2023-12,2435.0,10000.0,,2.22
1162059500,2023-12,2435.0,10000.0,,2.22
1162060500,2023-12,2435.0,10000.0,,2.22
1162061500,2023-12,2435.0,10000.0,,2.22
1162062500,2023-12,2435.0,10000.0,,2.22
1162063000,2023-12,9000.0,,,1.0
1162064500,2023-12,6605.88,17380.0,,1.55
1162065500,2023-12,6605.88,17380.0,,1.55
1162066500,2023-12,6605.88,17380.0,,1.55
1162068500,2023-12,6605.88,17380.0,,1.55
1162069500,2023-12,6605.88,17380.0,,1.55
1162071500,2023-12,6605.88,17380.0,,1.55
1162072500,2023-12,6605.88,17380.0,,1.55
1162073500,2023-12,6605.88,17380.0,,1.55
1162074500,2023-12,6605.88,17380.0,,1.55
1162076500,2023-12,6605.88,17380.0,,1.55
1162077500,2023-12,6605.88,17380.0,,1.55
1165051000,2023-12,39000.0,35000.0,,1.0
1165052000,2023-12,39000.0,35000.0,,1.0
1165053000,2023-12,30545.45,33000.0,,1.83
1165053100,2023-12,39000.0,35000.0,,1.0
1165054000,2023-12,44000.0,85000.0,,2.0
1165055000,2023-12,55000.0,80000.0,,1.25
1165056000,2023-12,55000.0,80000.0,,1.25
1165057000,2023-12,55000.0,80000.0,,1.25
1165058000,2023-12,44000.0,85000.0,,2.0
1165058100,2023-12,55000.0,80000.0,,1.25
1165059000,2023-12,20400.0,30000.0,,0.83
1165060000,2023-12,20400.0,30000.0,,0.83
1165061000,2023-12,20400.0,30000.0,,0.83
1165062000,2023-12,20400.0,30000.0,,0.83
1165062100,2023-12,20400.0,30000.0,,0.83
1165065100,2023-12,17966.67,38100.0,,7.5
1165065200,2023-12,19045.45,38100.0,,5.5
1168052100,2023-12,17186.67,,,1.5
1168053100,2023-12,17186.67,,,1.5
1168056500,2023-12,85000.0,130000.0,,2.0
1168058000,2023-12,83600.0,123666.67,,2.5
1168059000,2023-12,83600.0,123666.67,,2.5
1168060000,2023-12,34333.33,118500.0,,1.8
1168061000,2023-12,34333.33,118500.0,,1.8
1168063000,2023-12,34333.33,118500.0,,1.8
1168064000,2023-12,19514.17,44750.0,,6.0
1168065000,2023-12,19514.17,44750.0,,6.0
1168065500,2023-12,39280.5,77561.0,,1.0
1168065600,2023-12,39280.5,77561.0,,1.0
1168066000,2023-12,20447.14,34000.0,,1.4
1168067000,2023-12,22016.25,33500.0,,1.6
1168067500,2023-12,28537.06,76000.0,,3.4
1168069000,2023-12,20447.14,34000.0,,1.4
1168070000,2023-12,1730.0,,,2.0
1168072000,2023-12,58000.0,77722.22,,1.87
1168073000,2023-12,58000.0,77722.22,,1.87
1168074000,2023-12,28537.06,76000.0,,3.4
1168075000,2023-12,61000.0,86666.67,,1.67
1171051000,2023-12,17033.33,40000.0,,3.0
1171052000,2023-12,17033.33,40000.0,,3.0
1171053100,2023-12,20226.0,34000.0,,0.67
1171053200,2023-12,20226.0,34000.0,,0.67
1171054000,2023-12,12750.0,24000.0,,1.0
1171055000,2023-12,12750.0,24000.0,,1.0
1171056100,2023-12,18650.0,24533.33,,1.33
1171056200,2023-12,18650.0,24533.33,,1.33
1171056600,2023-12,18650.0,24533.33,,1.33
1171057000,2023-12,3614.0,,,1.0
1171058000,2023-12,10225.0,24900.0,,2.0
1171059000,2023-12,10225.0,24900.0,,2.0
1171060000,2023-12,5000.0,,,1.0
1171061000,2023-12,1750.0,,,2.0
1171062000,2023-12,11610.17,20666.67,,2.0
1171063100,2023-12,11610.17,20666.67,,2.0
1171063200,2023-12,11610.17,20666.67,,2.0
1171064100,2023-12,17250.0,24666.67,,3.33
1171064200,2023-12,14277.32,30935.18,,14.67
1171064600,2023-12,14277.32,30935.18,,14.67
1171064700,2023-12,13782.06,33365.22,,12.0
1171065000,2023-12,15500.0,53666.67,,4.25
1171067000,2023-12,15500.0,53666.67,,4.25
1171068000,2023-12,15500.0,53666.67,,4.25
1171072000,2023-12,15500.0,53666.67,,4.25
1174051500,2023-12,1000.0,,,0.25
1174052000,2023-12,1000.0,,,0.25
1174052500,2023-12,1000.0,,,0.25
1174052600,2023-12,1000.0,,,0.25
1174053000,2023-12,21500.0,42000.0,,1.0
1174054000,2023-12,21500.0,42000.0,,1.0
1174055000,2023-12,16607.2,35625.0,,2.5
1174056000,2023-12,16607.2,35625.0,,2.5
1174057000,2023-12,9184.5,,,1.33
1174058000,2023-12,9184.5,,,1.33
1174059000,2023-12,9184.5,,,1.33
1174060000,2023-12,14250.0,34000.0,,1.33
1174061000,2023-12,14250.0,34000.0,,1.33
1174062000,2023-12,14250.0,34000.0,,1.33
1174064000,2023-12,6031.89,11000.0,,3.0
1174065000,2023-12,6031.89,11000.0,,3.0
1174066000,2023-12,6031.89,11000.0,,3.0
1174068500,2023-12,2750.0,,,2.0
1111053000,2024-01,1000.0,,,1.0
1111056000,2024-01,1000.0,,,1.0
1111058000,2024-01,11550.0,,,1.0
1111064000,2024-01,750.0,,,2.0
1111065000,2024-01,13000.0,43000.0,,7.0
1111067000,2024-01,10000.0,10000.0,,0.33
1111068000,2024-01,10000.0,10000.0,,0.33
1111069000,2024-01,10000.0,10000.0,,0.33
1111070000,2024-01,5966.67,15900.0,,1.5
1111071000,2024-01,5966.67,15900.0,,1.5
1114052000,2024-01,20000.0,20000.0,,1.0
1114054000,2024-01,2000.0,,,0.5
1114055000,2024-01,2000.0,,,0.5
1114057000,2024-01,2000.0,,,2.0
1114058000,2024-01,7000.0,,,1.5
1114059000,2024-01,13000.0,,,1.5
1114061000,2024-01,13000.0,35000.0,,0.27
1114061500,2024-01,13000.0,35000.0,,0.27
1114062000,2024-01,13000.0,35000.0,,0.27
1114062500,2024-01,13000.0,35000.0,,0.27
1114063000,2024-01,13000.0,35000.0,,0.27
1114063500,2024-01,13000.0,35000.0,,0.27
1114064000,2024-01,13000.0,35000.0,,0.27
1114064500,2024-01,13000.0,35000.0,,0.27
1114065000,2024-01,13000.0,35000.0,,0.27
1114066000,2024-01,13000.0,35000.0,,0.27
1114066500,2024-01,13000.0,35000.0,,0.27
1114067000,2024-01,20683.33,29475.0,,6.0
1114068000,2024-01,9640.0,19000.0,,4.0
1117051000,2024-01,14500.0,,,2.0
1117052000,2024-01,12000.0,,,1.0
1117053000,2024-01,12750.0,24500.0,,2.0
1117055500,2024-01,3025.0,,,4.0
1117056000,2024-01,27500.0,50000.0,,2.0
1117058000,2024-01,1000.0,,,1.0
1117059000,2024-01,13000.0,19000.0,,3.0
1117062500,2024-01,14500.0,20500.0,,3.0
1117063000,2024-01,69875.0,139000.0,,2.0
1117064000,2024-01,69875.0,139000.0,,2.0
1117065000,2024-01,1600.0,,,2.5
1117066000,2024-01,1600.0,,,2.5
1117068500,2024-01,42750.0,55500.0,,2.0
1117070000,2024-01,750.0,,,2.0
1120052000,2024-01,2850.0,,,1.0
1120053500,2024-01,12262.5,22600.0,,4.0
1120054000,2024-01,1427.17,,,6.0
1120055000,2024-01,9572.73,18800.0,,3.67
1120056000,2024-01,8662.5,29000.0,,2.67
1120057000,2024-01,8662.5,29000.0,,2.67
1120059000,2024-01,78000.0,78000.0,,1.0
1120061500,2024-01,24000.0,,,2.0
1120064500,2024-01,7329.5,,,4.0
1120065000,2024-01,14600.0,26250.0,,2.5
1120066000,2024-01,14600.0,26250.0,,2.5
1120067000,2024-01,4400.0,9750.0,,2.5
1120069000,2024-01,4400.0,9750.0,,2.5
1120072000,2024-01,6166.67,,,1.5
1120079000,2024-01,4100.0,,,2.5
1121571000,2024-01,2454.55,9666.67,,22.0
1121573000,2024-01,1500.0,,,5.0
1121574000,2024-01,9818.18,21875.0,,2.75
1121575000,2024-01,9818.18,21875.0,,2.75
1121576000,2024-01,9818.18,21875.0,,2.75
1121577000,2024-01,9818.18,21875.0,,2.75
1121578000,2024-01,31366.67,33300.0,,3.0
1121582000,2024-01,19083.33,40500.0,,1.5
1121583000,2024-01,19083.33,40500.0,,1.5
1121584000,2024-01,19083.33,40500.0,,1.5
1121584700,2024-01,19083.33,40500.0,,1.5
1121585000,2024-01,2822.22,14000.0,,3.0
1121586000,2024-01,2822.22,14000.0,,3.0
1121587000,2024-01,2822.22,14000.0,,3.0
1123053600,2024-01,22916.67,63000.0,,6.0
1123054500,2024-01,4500.0,,,5.0
1123056000,2024-01,9318.18,24000.0,,3.67
1123057000,2024-01,9318.18,24000.0,,3.67
1123060000,2024-01,9941.62,27076.36,,6.17
1123061000,2024-01,10856.0,35280.0,,2.5
1123065000,2024-01,15714.29,25000.0,,3.5
1123066000,2024-01,15714.29,25000.0,,3.5
1123070500,2024-01,1500.0,,,2.0
1123072000,2024-01,1549.33,,,4.5
1123073000,2024-01,1549.33,,,4.5
1123074000,2024-01,20500.0,40000.0,,1.5
1123075000,2024-01,20500.0,40000.0,,1.5
1126052000,2024-01,8870.59,18400.0,,2.83
1126054000,2024-01,8870.59,18400.0,,2.83
1126055000,2024-01,8870.59,18400.0,,2.83
1126056500,2024-01,8870.59,18400.0,,2.83
1126057000,2024-01,8870.59,18400.0,,2.83
1126057500,2024-01,8870.59,18400.0,,2.83
1126058000,2024-01,7400.0,27700.0,,2.5
1126059000,2024-01,7400.0,27700.0,,2.5
1126060000,2024-01,1750.0,,,2.0
1126061000,2024-01,1750.0,,,2.0
1126062000,2024-01,7833.33,31000.0,,3.0
1126063000,2024-01,7833.33,31000.0,,3.0
1126065500,2024-01,7183.33,9800.0,,3.0
1126066000,2024-01,7183.33,9800.0,,3.0
1126068000,2024-01,13899.33,27500.0,,3.0
1126069000,2024-01,13899.33,27500.0,,3.0
1129055500,2024-01,24000.0,24000.0,,1.17
1129057500,2024-01,7714.29,48000.0,,1.17
1129058000,2024-01,48000.0,48000.0,,0.17
1129059000,2024-01,48000.0,48000.0,,0.17
1129060000,2024-01,750.0,,,2.0
1129061000,2024-01,4250.0,,,2.0
1129062000,2024-01,9160.0,20200.0,,2.08
1129063000,2024-01,7235.29,48000.0,,1.42
1129064000,2024-01,1800.0,,,1.25
1129065000,2024-01,1800.0,,,1.25
1129066000,2024-01,13250.0,13250.0,,0.67
1129068500,2024-01,8166.67,13250.0,,2.0
1129071500,2024-01,5625.0,,,1.33
1129072500,2024-01,9857.14,15500.0,,2.33
1129076000,2024-01,2750.0,,,0.67
1129077000,2024-01,2750.0,,,0.67
1129078000,2024-01,2750.0,,,0.67
1130553400,2024-01,17467.38,28450.0,,1.6
1130553500,2024-01,17467.38,28450.0,,1.6
1130554500,2024-01,17467.38,28450.0,,1.6
1130555500,2024-01,17467.38,28450.0,,1.6
1130557500,2024-01,17467.38,28450.0,,1.6
1130559000,2024-01,1000.0,,,0.17
1130559500,2024-01,1000.0,,,0.17
1130560000,2024-01,1000.0,,,0.17
1130560300,2024-01,1000.0,,,0.17
1130560600,2024-01,1000.0,,,0.17
1130560800,2024-01,1000.0,,,0.17
1130561000,2024-01,1153.92,,,1.5
1130561500,2024-01,1153.92,,,1.5
1130562000,2024-01,1153.92,,,1.5
1130562500,2024-01,1153.92,,,1.5
1130563000,2024-01,1153.92,,,1.5
1130563500,2024-01,1153.92,,,1.5
1130564500,2024-01,1153.92,,,1.5
1130566000,2024-01,1153.92,,,1.5
1132051100,2024-01,10775.0,14340.0,,1.6
1132051200,2024-01,10775.0,14340.0,,1.6
1132051300,2024-01,10775.0,14340.0,,1.6
1132051400,2024-01,10775.0,14340.0,,1.6
1132051500,2024-01,10775.0,14340.0,,1.6
1132052100,2024-01,366.67,,,1.5
1132052200,2024-01,366.67,,,1.5
1132066000,2024-01,1625.0,,,1.0
1132067000,2024-01,1625.0,,,1.0
1132068000,2024-01,1625.0,,,1.0
1132068100,2024-01,1625.0,,,1.0
1132069000,2024-01,5175.0,17700.0,,1.33
1132070000,2024-01,5175.0,17700.0,,1.33
1132071000,2024-01,5175.0,17700.0,,1.33
1135056000,2024-01,9625.0,23000.0,,2.67
1135057000,2024-01,9625.0,23000.0,,2.67
1135058000,2024-01,9625.0,23000.0,,2.67
1135059500,2024-01,14571.43,33500.0,,3.5
1135060000,2024-01,14571.43,33500.0,,3.5
1135061100,2024-01,9583.33,,,3.0
1135061200,2024-01,9583.33,,,3.0
1135061900,2024-01,1000.0,,,0.5
1135062100,2024-01,1000.0,,,0.5
1135062400,2024-01,9445.03,20071.25,,2.06
1135062500,2024-01,1000.0,,,0.5
1135063000,2024-01,12159.5,20071.25,,1.56
1135064000,2024-01,12159.5,20071.25,,1.56
1135066500,2024-01,12159.5,20071.25,,1.56
1135067000,2024-01,12159.5,20071.25,,1.56
1135069500,2024-01,12159.5,20071.25,,1.56
1135070000,2024-01,12159.5,20071.25,,1.56
1135071000,2024-01,12159.5,20071.25,,1.56
1135072000,2024-01,12159.5,20071.25,,1.56
1138051000,2024-01,26833.33,39750.0,,3.0
1138052000,2024-01,2833.33,,,3.0
1138053000,2024-01,2833.33,,,3.0
1138055100,2024-01,500.0,,,0.5
1138055200,2024-01,500.0,,,0.5
1138056000,2024-01,1000.0,,,1.0
1138057000,2024-01,4200.0,8000.0,,2.0
1138058000,2024-01,12380.0,28500.0,,3.33
1138059000,2024-01,12380.0,28500.0,,3.33
1138060000,2024-01,12380.0,28500.0,,3.33
1138062500,2024-01,750.0,,,2.0
1138063100,2024-01,10500.0,20000.0,,1.0
1138063200,2024-01,10500.0,20000.0,,1.0
1138065000,2024-01,21000.0,40000.0,,2.0
1138069000,2024-01,3161.0,,,3.0
1141055500,2024-01,16166.67,42000.0,,3.0
1141056500,2024-01,19142.86,42000.0,,3.5
1141058500,2024-01,1347.06,,,8.5
1141061500,2024-01,5437.5,14750.0,,8.0
1141062000,2024-01,13540.0,40000.0,,1.67
1141064000,2024-01,13540.0,40000.0,,1.67
1141065500,2024-01,13540.0,40000.0,,1.67
1141066000,2024-01,30000.0,39666.67,,2.0
1141068500,2024-01,30000.0,39666.67,,2.0
1141069000,2024-01,1206.14,,,3.5
1141070000,2024-01,1206.14,,,3.5
1141071000,2024-01,10000.0,,,0.5
1141072000,2024-01,10000.0,,,0.5
1144055500,2024-01,25307.87,57985.2,,2.67
1144056500,2024-01,16346.3,57985.2,,3.33
1144058500,2024-01,2000.0,,,0.33
1144059000,2024-01,14333.33,,,1.0
1144060000,2024-01,900.0,,,2.5
1144061000,2024-01,13867.6,26838.0,,1.67
1144063000,2024-01,875.0,,,2.0
1144065500,2024-01,20200.0,22000.0,,5.0
1144066000,2024-01,7112.73,15250.0,,5.5
1144068000,2024-01,16750.0,61000.0,,4.0
1144069000,2024-01,2666.67,,,1.5
1144070000,2024-01,2666.67,,,1.5
1144071000,2024-01,9371.67,13230.0,,6.0
1144072000,2024-01,9266.67,,,3.0
1144073000,2024-01,9266.67,,,3.0
1144074000,2024-01,14259.22,42400.0,,9.0
1147051000,2024-01,22533.33,24233.33,,1.2
1147052000,2024-01,22533.33,24233.33,,1.2
1147053000,2024-01,22533.33,24233.33,,1.2
1147054000,2024-01,22533.33,24233.33,,1.2
1147055000,2024-01,22533.33,24233.33,,1.2
1147056000,2024-01,1183.33,,,0.86
1147057000,2024-01,1183.33,,,0.86
1147058000,2024-01,1183.33,,,0.86
1147059000,2024-01,1183.33,,,0.86
1147060000,2024-01,1183.33,,,0.86
1147061000,2024-01,1183.33,,,0.86
1147061100,2024-01,1183.33,,,0.86
1147062000,2024-01,32056.2,46427.0,,0.83
1147063000,2024-01,32056.2,46427.0,,0.83
1147064000,2024-01,32056.2,46427.0,,0.83
1147065000,2024-01,32056.2,46427.0,,0.83
1147067000,2024-01,32056.2,46427.0,,0.83
1147068000,2024-01,32056.2,46427.0,,0.83
1150051000,2024-01,15027.37,34000.0,,4.75
1150052000,2024-01,13293.75,21825.0,,1.0
1150053000,2024-01,13293.75,21825.0,,1.0
1150053500,2024-01,13293.75,21825.0,,1.0
1150054000,2024-01,13830.0,27971.82,,2.88
1150055000,2024-01,13830.0,27971.82,,2.88
1150056000,2024-01,13830.0,27971.82,,2.88
1150057000,2024-01,13830.0,27971.82,,2.88
1150059000,2024-01,13830.0,27971.82,,2.88
1150059100,2024-01,13830.0,27971.82,,2.88
1150059300,2024-01,13830.0,27971.82,,2.88
1150060300,2024-01,9242.67,20912.5,,2.45
1150060400,2024-01,20000.0,20000.0,,0.25
1150060500,2024-01,15027.37,34000.0,,4.75
1150061100,2024-01,3625.67,,,1.2
1150061500,2024-01,13830.0,27971.82,,2.88
1150062000,2024-01,12182.98,33496.67,,2.45
1150063000,2024-01,12182.98,33496.67,,2.45
1150064000,2024-01,20398.0,33496.67,,1.25
1150064100,2024-01,12182.98,33496.67,,2.45
1153051000,2024-01,32400.0,43000.0,,4.0
1153052000,2024-01,9972.22,36750.0,,3.6
1153053000,2024-01,9972.22,36750.0,,3.6
1153054000,2024-01,9972.22,36750.0,,3.6
1153055000,2024-01,9972.22,36750.0,,3.6
1153056000,2024-01,9972.22,36750.0,,3.6
1153059500,2024-01,820.0,,,5.0
1153072000,2024-01,900.0,,,2.0
1153073000,2024-01,900.0,,,2.0
1153074000,2024-01,12423.67,22613.33,,2.0
1153075000,2024-01,12423.67,22613.33,,2.0
1153076000,2024-01,12423.67,22613.33,,2.0
1153077000,2024-01,7257.14,19750.0,,3.5
1153078000,2024-01,9730.89,21743.5,,9.0
1153079000,2024-01,500.0,,,1.0
1153080000,2024-01,30000.0,,,0.5
1154551000,2024-01,750.0,,,4.0
1154561000,2024-01,4651.27,14250.0,,2.75
1154562000,2024-01,4651.27,14250.0,,2.75
1154563000,2024-01,4651.27,14250.0,,2.75
1154564000,2024-01,4651.27,14250.0,,2.75
1154567000,2024-01,5389.08,19350.0,,2.6
1154568000,2024-01,5389.08,19350.0,,2.6
1154569000,2024-01,5389.08,19350.0,,2.6
1154570000,2024-01,5389.08,19350.0,,2.6
1154571000,2024-01,5389.08,19350.0,,2.6
1156051500,2024-01,25750.0,45500.0,,0.57
1156053500,2024-01,12850.0,27400.0,,4.0
1156054000,2024-01,5000.0,,,1.0
1156055000,2024-01,26000.0,,,1.0
1156058500,2024-01,5000.0,,,1.0
1156060500,2024-01,43300.0,66000.0,,5.0
1156061000,2024-01,27800.0,,,0.5
1156062000,2024-01,16058.0,18900.0,,2.5
1156063000,2024-01,25750.0,45500.0,,0.57
1156065000,2024-01,25750.0,45500.0,,0.57
1156066000,2024-01,25750.0,45500.0,,0.57
1156067000,2024-01,5658.23,45500.0,,2.82
1156068000,2024-01,25750.0,45500.0,,0.57
1156069000,2024-01,25750.0,45500.0,,0.57
1156070000,2024-01,555.56,,,2.25
1156071000,2024-01,555.56,,,2.25
1156072000,2024-01,555.56,,,2.25
1159051000,2024-01,21582.4,51606.0,,2.5
1159052000,2024-01,21582.4,51606.0,,2.5
1159053000,2024-01,2823.08,,,3.25
1159054000,2024-01,1411.11,,,2.25
1159055000,2024-01,1411.11,,,2.25
1159056000,2024-01,1411.11,,,2.25
1159060500,2024-01,450.0,,,2.0
1159062000,2024-01,3176.47,6000.0,,3.4
1159063000,2024-01,3176.47,6000.0,,3.4
1159064000,2024-01,3176.47,6000.0,,3.4
1159065000,2024-01,3176.47,6000.0,,3.4
1159065100,2024-01,3176.47,6000.0,,3.4
1159066000,2024-01,22000.0,48000.0,,3.0
1159067000,2024-01,45000.0,70000.0,,1.0
1159068000,2024-01,45000.0,70000.0,,1.0
1162052500,2024-01,6670.34,26250.0,,3.22
1162054500,2024-01,6670.34,26250.0,,3.22
1162056500,2024-01,6670.34,26250.0,,3.22
1162057500,2024-01,6670.34,26250.0,,3.22
1162058500,2024-01,6670.34,26250.0,,3.22
1162059500,2024-01,6670.34,26250.0,,3.22
1162060500,2024-01,6670.34,26250.0,,3.22
1162061500,2024-01,6670.34,26250.0,,3.22
1162062500,2024-01,6670.34,26250.0,,3.22
1162063000,2024-01,5000.0,,,1.0
1162064500,2024-01,4743.33,19180.0,,2.73
1162065500,2024-01,4743.33,19180.0,,2.73
1162066500,2024-01,4743.33,19180.0,,2.73
1162068500,2024-01,4743.33,19180.0,,2.73
1162069500,2024-01,4743.33,19180.0,,2.73
1162071500,2024-01,4743.33,19180.0,,2.73
1162072500,2024-01,4743.33,19180.0,,2.73
1162073500,2024-01,4743.33,19180.0,,2.73
1162074500,2024-01,4743.33,19180.0,,2.73
1162076500,2024-01,4743.33,19180.0,,2.73
1162077500,2024-01,4743.33,19180.0,,2.73
1165051000,2024-01,41146.18,34101.33,,2.75
1165052000,2024-01,41146.18,34101.33,,2.75
1165053000,2024-01,30489.35,31692.0,,4.58
1165053100,2024-01,41146.18,34101.33,,2.75
1165054000,2024-01,20000.0,,,0.5
1165055000,2024-01,17000.0,,,1.0
1165056000,2024-01,17000.0,,,1.0
1165057000,2024-01,17000.0,,,1.0
1165058000,2024-01,20000.0,,,0.5
1165058100,2024-01,17000.0,,,1.0
1165059000,2024-01,14504.09,20850.0,,1.83
1165060000,2024-01,14504.09,20850.0,,1.83
1165061000,2024-01,14504.09,20850.0,,1.83
1165062000,2024-01,14504.09,20850.0,,1.83
1165062100,2024-01,14504.09,20850.0,,1.83
1165065100,2024-01,10191.45,23426.0,,5.5
1165065200,2024-01,9771.43,27200.0,,3.5
1168051000,2024-01,28333.33,82000.0,,1.5
1168052100,2024-01,1058.18,,,5.5
1168053100,2024-01,1058.18,,,5.5
1168054500,2024-01,28333.33,82000.0,,1.5
1168058000,2024-01,27724.57,67000.0,,3.5
1168059000,2024-01,27724.57,67000.0,,3.5
1168060000,2024-01,45250.0,16000.0,,0.8
1168061000,2024-01,45250.0,16000.0,,0.8
1168063000,2024-01,45250.0,16000.0,,0.8
1168064000,2024-01,11908.41,28757.17,,8.5
1168065000,2024-01,11908.41,28757.17,,8.5
1168065500,2024-01,500.0,,,0.5
1168065600,2024-01,500.0,,,0.5
1168066000,2024-01,61666.67,70000.0,,0.6
1168067000,2024-01,78750.0,70000.0,,0.8
1168067500,2024-01,62000.0,43000.0,,1.6
1168069000,2024-01,61666.67,70000.0,,0.6
1168070000,2024-01,20245.5,38389.33,,6.0
1168072000,2024-01,48461.54,33000.0,,0.87
1168073000,2024-01,48461.54,33000.0,,0.87
1168074000,2024-01,62000.0,43000.0,,1.6
1168075000,2024-01,24000.0,33000.0,,0.67
1171051000,2024-01,8000.0,,,1.0
1171052000,2024-01,8000.0,,,1.0
1171053100,2024-01,29620.4,29525.5,,1.67
1171053200,2024-01,29620.4,29525.5,,1.67
1171054000,2024-01,450.0,,,1.0
1171055000,2024-01,450.0,,,1.0
1171056100,2024-01,7608.33,24150.0,,2.0
1171056200,2024-01,7608.33,24150.0,,2.0
1171056600,2024-01,7608.33,24150.0,,2.0
1171057000,2024-01,11138.22,30999.0,,9.0
1171058000,2024-01,4166.67,,,1.5
1171059000,2024-01,4166.67,,,1.5
1171060000,2024-01,18273.33,20930.0,,6.0
1171061000,2024-01,8286.92,19033.33,,13.0
1171062000,2024-01,69075.0,137500.0,,1.33
1171063100,2024-01,69075.0,137500.0,,1.33
1171063200,2024-01,69075.0,137500.0,,1.33
1171064100,2024-01,28237.5,38280.0,,2.67
1171064200,2024-01,24661.65,43725.0,,5.67
1171064600,2024-01,24661.65,43725.0,,5.67
1171064700,2024-01,24389.29,39500.29,,4.67
1171065000,2024-01,36593.75,87125.0,,2.0
1171067000,2024-01,36593.75,87125.0,,2.0
1171068000,2024-01,36593.75,87125.0,,2.0
1171069000,2024-01,70000.0,,,0.5
1171071000,2024-01,70000.0,,,0.5
1171072000,2024-01,36593.75,87125.0,,2.0
1174051500,2024-01,11200.93,60000.0,,3.75
1174052000,2024-01,35108.67,60000.0,,0.75
1174052500,2024-01,35108.67,60000.0,,0.75
1174052600,2024-01,35108.67,60000.0,,0.75
1174053000,2024-01,30000.0,30000.0,,0.5
1174054000,2024-01,30000.0,30000.0,,0.5
1174055000,2024-01,33300.0,46500.0,,2.0
1174056000,2024-01,33300.0,46500.0,,2.0
1174057000,2024-01,12021.25,28833.33,,2.67
1174058000,2024-01,12021.25,28833.33,,2.67
1174059000,2024-01,12021.25,28833.33,,2.67
1174060000,2024-01,7474.42,17625.0,,4.0
1174061000,2024-01,7474.42,17625.0,,4.0
1174062000,2024-01,7474.42,17625.0,,4.0
1174064000,2024-01,3477.78,9000.0,,3.0
1174065000,2024-01,3477.78,9000.0,,3.0
1174066000,2024-01,3477.78,9000.0,,3.0
1174068500,2024-01,3324.75,,,4.0
1174069000,2024-01,47100.0,94000.0,,1.0
1174070000,2024-01,47100.0,94000.0,,1.0
1111053000,2024-02,2000.0,,,1.0
1111055000,2024-02,8000.0,,,1.0
1111056000,2024-02,71000.0,71000.0,,1.0
1111058000,2024-02,14000.0,14000.0,,1.0
1111060000,2024-02,6500.0,,,2.0
1111065000,2024-02,3466.67,,,6.0
1111070000,2024-02,1250.0,,,1.0
1111071000,2024-02,1250.0,,,1.0
1114052000,2024-02,17500.0,30000.0,,2.0
1114054000,2024-02,5500.0,,,1.5
1114055000,2024-02,500.0,,,0.5
1114057000,2024-02,2000.0,,,1.0
1114058000,2024-02,2000.0,,,1.0
1114060500,2024-02,4000.0,,,1.0
1114061000,2024-02,19875.0,52500.0,,0.36
1114061500,2024-02,19875.0,52500.0,,0.36
1114062000,2024-02,19875.0,52500.0,,0.36
1114062500,2024-02,19875.0,52500.0,,0.36
1114063000,2024-02,19875.0,52500.0,,0.36
1114063500,2024-02,19875.0,52500.0,,0.36
1114064000,2024-02,19875.0,52500.0,,0.36
1114064500,2024-02,19875.0,52500.0,,0.36
1114065000,2024-02,19875.0,52500.0,,0.36
1114066000,2024-02,19875.0,52500.0,,0.36
1114066500,2024-02,19875.0,52500.0,,0.36
1114067000,2024-02,500.0,,,1.0
1114068000,2024-02,1000.0,,,1.0
1117051000,2024-02,7500.0,14000.0,,2.0
1117052000,2024-02,500.0,,,1.0
1117053000,2024-02,10500.0,20000.0,,2.0
1117055500,2024-02,750.0,,,4.0
1117056000,2024-02,3000.0,,,2.0
1117058000,2024-02,9800.0,26400.0,,3.0
1117062500,2024-02,0.0,,,1.0
1117063000,2024-02,85900.0,85900.0,,0.5
1117064000,2024-02,85900.0,85900.0,,0.5
1117065000,2024-02,2900.0,10000.0,,2.5
1117066000,2024-02,2900.0,10000.0,,2.5
1117068500,2024-02,2000.0,,,1.0
1117070000,2024-02,500.0,,,1.0
1120052000,2024-02,11003.0,11003.0,,1.0
1120053500,2024-02,11199.33,15901.0,,6.0
1120054000,2024-02,16871.0,49613.0,,3.0
1120055000,2024-02,1608.33,,,4.0
1120056000,2024-02,2716.67,,,2.0
1120057000,2024-02,2716.67,,,2.0
1120059000,2024-02,62000.0,,,1.0
1120061500,2024-02,3500.0,,,1.0
1120064500,2024-02,50000.0,50000.0,,1.0
1120065000,2024-02,116936.5,226623.0,,2.0
1120066000,2024-02,116936.5,226623.0,,2.0
1120067000,2024-02,1000.0,,,0.5
1120069000,2024-02,1000.0,,,0.5
1120072000,2024-02,20000.0,20000.0,,0.5
1120079000,2024-02,16666.67,16666.67,,1.5
1121571000,2024-02,1830.0,,,10.0
1121573000,2024-02,5785.71,24000.0,,7.0
1121574000,2024-02,6954.58,18000.0,,3.0
1121575000,2024-02,6954.58,18000.0,,3.0
1121576000,2024-02,6954.58,18000.0,,3.0
1121577000,2024-02,6954.58,18000.0,,3.0
1121578000,2024-02,10500.0,24000.0,,4.0
1121582000,2024-02,7700.0,25125.0,,4.75
1121583000,2024-02,7700.0,25125.0,,4.75
1121584000,2024-02,7700.0,25125.0,,4.75
1121584700,2024-02,7700.0,25125.0,,4.75
1121585000,2024-02,11005.88,24620.0,,5.67
1121586000,2024-02,11005.88,24620.0,,5.67
1121587000,2024-02,11005.88,24620.0,,5.67
1123053600,2024-02,13200.0,16000.0,,8.0
1123054500,2024-02,13275.0,52000.0,,4.0
1123056000,2024-02,12812.5,47500.0,,2.67
1123057000,2024-02,12812.5,47500.0,,2.67
1123060000,2024-02,12812.5,47500.0,,2.67
1123065000,2024-02,2471.5,9600.0,,4.0
1123066000,2024-02,2471.5,9600.0,,4.0
1123070500,2024-02,2125.0,3000.0,,4.0
1123071000,2024-02,1333.33,,,3.0
1123072000,2024-02,927.0,,,1.5
1123073000,2024-02,927.0,,,1.5
1123074000,2024-02,1300.0,,,4.0
1123075000,2024-02,1300.0,,,4.0
1126052000,2024-02,7538.67,13080.0,,1.5
1126054000,2024-02,7538.67,13080.0,,1.5
1126055000,2024-02,7538.67,13080.0,,1.5
1126056500,2024-02,7538.67,13080.0,,1.5
1126057000,2024-02,7538.67,13080.0,,1.5
1126057500,2024-02,7538.67,13080.0,,1.5
1126058000,2024-02,12726.67,27275.0,,3.0
1126059000,2024-02,12726.67,27275.0,,3.0
1126060000,2024-02,1000.0,,,0.5
1126061000,2024-02,1000.0,,,0.5
1126062000,2024-02,26840.75,45500.0,,2.0
1126063000,2024-02,26840.75,45500.0,,2.0
1126065500,2024-02,3075.0,,,2.0
1126066000,2024-02,3075.0,,,2.0
1126068000,2024-02,10583.0,20000.0,,2.5
1126069000,2024-02,10583.0,20000.0,,2.5
1129052500,2024-02,18700.0,36900.0,,2.0
1129055500,2024-02,24428.57,46000.0,,2.33
1129057500,2024-02,9000.0,,,1.33
1129058000,2024-02,30000.0,,,0.33
1129059000,2024-02,30000.0,,,0.33
1129060000,2024-02,2200.0,8000.0,,6.0
1129061000,2024-02,1000.0,,,1.0
1129062000,2024-02,10838.96,17000.0,,1.92
1129063000,2024-02,12473.68,17000.0,,1.58
1129064000,2024-02,7800.0,17000.0,,1.25
1129065000,2024-02,7800.0,17000.0,,1.25
1129066000,2024-02,3074.0,,,0.33
1129068500,2024-02,1358.0,,,1.0
1129070500,2024-02,30000.0,,,1.0
1129071500,2024-02,500.0,,,0.67
1129072500,2024-02,2000.0,,,1.67
1129076000,2024-02,28866.67,43050.0,,1.0
1129077000,2024-02,28866.67,43050.0,,1.0
1129078000,2024-02,28866.67,43050.0,,1.0
1130553400,2024-02,20125.0,26666.67,,0.8
1130553500,2024-02,20125.0,26666.67,,0.8
1130554500,2024-02,20125.0,26666.67,,0.8
1130555500,2024-02,20125.0,26666.67,,0.8
1130557500,2024-02,20125.0,26666.67,,0.8
1130559000,2024-02,3960.0,7650.0,,0.83
1130559500,2024-02,3960.0,7650.0,,0.83
1130560000,2024-02,3960.0,7650.0,,0.83
1130560300,2024-02,3960.0,7650.0,,0.83
1130560600,2024-02,3960.0,7650.0,,0.83
1130560800,2024-02,3960.0,7650.0,,0.83
1130561000,2024-02,4283.94,4750.0,,2.0
1130561500,2024-02,4283.94,4750.0,,2.0
1130562000,2024-02,4283.94,4750.0,,2.0
1130562500,2024-02,4283.94,4750.0,,2.0
1130563000,2024-02,4283.94,4750.0,,2.0
1130563500,2024-02,4283.94,4750.0,,2.0
1130564500,2024-02,4283.94,4750.0,,2.0
1130566000,2024-02,4283.94,4750.0,,2.0
1132051100,2024-02,11574.0,19004.5,,1.4
1132051200,2024-02,11574.0,19004.5,,1.4
1132051300,2024-02,11574.0,19004.5,,1.4
1132051400,2024-02,11574.0,19004.5,,1.4
1132051500,2024-02,11574.0,19004.5,,1.4
1132066000,2024-02,7000.0,20000.0,,0.75
1132067000,2024-02,7000.0,20000.0,,0.75
1132068000,2024-02,7000.0,20000.0,,0.75
1132068100,2024-02,7000.0,20000.0,,0.75
1132069000,2024-02,9000.0,22000.0,,1.0
1132070000,2024-02,9000.0,22000.0,,1.0
1132071000,2024-02,9000.0,22000.0,,1.0
1135056000,2024-02,1166.67,,,1.0
1135057000,2024-02,1166.67,,,1.0
1135058000,2024-02,1166.67,,,1.0
1135059500,2024-02,10666.67,73000.0,,4.5
1135060000,2024-02,10666.67,73000.0,,4.5
1135061100,2024-02,22250.0,52000.0,,2.0
1135061200,2024-02,22250.0,52000.0,,2.0
1135061900,2024-02,12000.0,,,1.0
1135062100,2024-02,12000.0,,,1.0
1135062400,2024-02,9614.93,18378.33,,3.0
1135062500,2024-02,12000.0,,,1.0
1135063000,2024-02,8422.39,18378.33,,2.0
1135064000,2024-02,8422.39,18378.33,,2.0
1135066500,2024-02,8422.39,18378.33,,2.0
1135067000,2024-02,8422.39,18378.33,,2.0
1135069500,2024-02,8422.39,18378.33,,2.0
1135070000,2024-02,8422.39,18378.33,,2.0
1135071000,2024-02,8422.39,18378.33,,2.0
1135072000,2024-02,8422.39,18378.33,,2.0
1138052000,2024-02,1766.67,,,1.5
1138053000,2024-02,1766.67,,,1.5
1138055100,2024-02,5220.0,13000.0,,2.5
1138055200,2024-02,5220.0,13000.0,,2.5
1138056000,2024-02,35000.0,35000.0,,1.0
1138057000,2024-02,500.0,,,1.0
1138058000,2024-02,1455.56,4000.0,,3.0
1138059000,2024-02,1455.56,4000.0,,3.0
1138060000,2024-02,1455.56,4000.0,,3.0
1138063100,2024-02,4000.0,,,1.5
1138063200,2024-02,4000.0,,,1.5
1141052000,2024-02,602.0,,,1.0
1141055500,2024-02,17100.0,,,1.0
1141056500,2024-02,23220.0,60000.0,,5.0
1141058500,2024-02,4183.33,11550.0,,3.0
1141061500,2024-02,833.33,,,9.0
1141062000,2024-02,6000.0,,,0.33
1141064000,2024-02,6000.0,,,0.33
1141065500,2024-02,6000.0,,,0.33
1141066000,2024-02,3216.67,17000.0,,3.0
1141068500,2024-02,3216.67,17000.0,,3.0
1141069000,2024-02,1057.14,,,3.5
1141070000,2024-02,1057.14,,,3.5
1141071000,2024-02,9250.0,,,2.0
1141072000,2024-02,9250.0,,,2.0
1144055500,2024-02,17168.75,22725.0,,1.33
1144056500,2024-02,14778.33,34235.0,,5.0
1144058500,2024-02,23769.23,43571.43,,2.17
1144059000,2024-02,16256.7,37360.0,,3.83
1144060000,2024-02,5034.29,15620.0,,1.17
1144061000,2024-02,500.0,,,0.33
1144063000,2024-02,5034.29,15620.0,,1.17
1144065500,2024-02,1666.67,,,3.0
1144066000,2024-02,4604.62,,,13.0
1144069000,2024-02,14500.0,22000.0,,3.0
1144070000,2024-02,14500.0,22000.0,,3.0
1144071000,2024-02,750.0,,,2.0
1144072000,2024-02,9700.0,22650.0,,6.0
1144073000,2024-02,9700.0,22650.0,,6.0
1144074000,2024-02,30500.0,64500.0,,5.0
1147051000,2024-02,2000.0,,,0.4
1147052000,2024-02,2000.0,,,0.4
1147053000,2024-02,2000.0,,,0.4
1147054000,2024-02,2000.0,,,0.4
1147055000,2024-02,2000.0,,,0.4
1147056000,2024-02,17125.0,19833.33,,0.57
1147057000,2024-02,17125.0,19833.33,,0.57
1147058000,2024-02,17125.0,19833.33,,0.57
1147059000,2024-02,17125.0,19833.33,,0.57
1147060000,2024-02,17125.0,19833.33,,0.57
1147061000,2024-02,17125.0,19833.33,,0.57
1147061100,2024-02,17125.0,19833.33,,0.57
1147062000,2024-02,12825.17,32000.0,,2.0
1147063000,2024-02,12825.17,32000.0,,2.0
1147064000,2024-02,12825.17,32000.0,,2.0
1147065000,2024-02,12825.17,32000.0,,2.0
1147067000,2024-02,12825.17,32000.0,,2.0
1147068000,2024-02,12825.17,32000.0,,2.0
1150051000,2024-02,16571.43,35666.67,,1.75
1150052000,2024-02,15011.55,30880.0,,2.75
1150053000,2024-02,15011.55,30880.0,,2.75
1150053500,2024-02,15011.55,30880.0,,2.75
1150054000,2024-02,14740.6,13250.0,,0.62
1150055000,2024-02,14740.6,13250.0,,0.62
1150056000,2024-02,14740.6,13250.0,,0.62
1150057000,2024-02,14740.6,13250.0,,0.62
1150059000,2024-02,14740.6,13250.0,,0.62
1150059100,2024-02,14740.6,13250.0,,0.62
1150059300,2024-02,14740.6,13250.0,,0.62
1150060300,2024-02,14042.93,31969.7,,4.7
1150060400,2024-02,23333.33,65000.0,,0.75
1150060500,2024-02,16571.43,35666.67,,1.75
1150061100,2024-02,8662.5,14050.0,,3.2
1150061500,2024-02,11319.19,13250.0,,2.62
1150062000,2024-02,5982.81,14886.96,,3.2
1150063000,2024-02,5982.81,14886.96,,3.2
1150064000,2024-02,16250.0,32000.0,,0.5
1150064100,2024-02,9026.47,20953.85,,1.7
1153051000,2024-02,2650.0,,,1.0
1153052000,2024-02,2157.14,9000.0,,1.4
1153053000,2024-02,2157.14,9000.0,,1.4
1153054000,2024-02,2157.14,9000.0,,1.4
1153055000,2024-02,2157.14,9000.0,,1.4
1153056000,2024-02,2157.14,9000.0,,1.4
1153059500,2024-02,6000.0,10000.0,,2.0
1153072000,2024-02,5250.0,10500.0,,1.0
1153073000,2024-02,5250.0,10500.0,,1.0
1153074000,2024-02,10300.0,13900.0,,1.67
1153075000,2024-02,10300.0,13900.0,,1.67
1153076000,2024-02,10300.0,13900.0,,1.67
1153077000,2024-02,8377.0,,,1.5
1153078000,2024-02,14366.14,50000.0,,3.5
1153079000,2024-02,3000.0,,,1.0
1153080000,2024-02,29645.0,50000.0,,1.0
1154551000,2024-02,13971.75,27493.5,,4.0
1154561000,2024-02,6382.4,18566.67,,2.5
1154562000,2024-02,6382.4,18566.67,,2.5
1154563000,2024-02,6382.4,18566.67,,2.5
1154564000,2024-02,6382.4,18566.67,,2.5
1154567000,2024-02,6187.45,27000.0,,2.2
1154568000,2024-02,6187.45,27000.0,,2.2
1154569000,2024-02,6187.45,27000.0,,2.2
1154570000,2024-02,6187.45,27000.0,,2.2
1154571000,2024-02,6187.45,27000.0,,2.2
1156051500,2024-02,4848.28,,,2.07
1156053500,2024-02,5488.89,,,4.5
1156054000,2024-02,32500.0,,,2.0
1156055000,2024-02,17333.33,24500.0,,3.0
1156056000,2024-02,32500.0,64000.0,,2.0
1156058500,2024-02,666.67,,,3.0
1156060500,2024-02,3000.0,,,1.0
1156061000,2024-02,12500.0,,,2.0
1156062000,2024-02,23000.0,,,1.0
1156063000,2024-02,5754.55,,,1.57
1156065000,2024-02,5754.55,,,1.57
1156066000,2024-02,5754.55,,,1.57
1156067000,2024-02,8081.78,14606.33,,3.07
1156068000,2024-02,5754.55,,,1.57
1156069000,2024-02,5754.55,,,1.57
1156070000,2024-02,10519.83,14606.33,,1.5
1156071000,2024-02,10519.83,14606.33,,1.5
1156072000,2024-02,10519.83,14606.33,,1.5
1159051000,2024-02,21250.0,39000.0,,2.0
1159052000,2024-02,3500.0,,,1.0
1159053000,2024-02,5376.44,20285.71,,9.75
1159054000,2024-02,5978.73,19333.33,,3.75
1159055000,2024-02,5978.73,19333.33,,3.75
1159056000,2024-02,5978.73,19333.33,,3.75
1159062000,2024-02,5600.0,14666.67,,2.0
1159063000,2024-02,5600.0,14666.67,,2.0
1159064000,2024-02,5600.0,14666.67,,2.0
1159065000,2024-02,5600.0,14666.67,,2.0
1159065100,2024-02,5600.0,14666.67,,2.0
1159066000,2024-02,21750.0,,,2.0
1159067000,2024-02,14040.0,27800.0,,5.0
1159068000,2024-02,14040.0,27800.0,,5.0
1162052500,2024-02,7866.67,40000.0,,2.67
1162054500,2024-02,7866.67,40000.0,,2.67
1162056500,2024-02,7866.67,40000.0,,2.67
1162057500,2024-02,7866.67,40000.0,,2.67
1162058500,2024-02,7866.67,40000.0,,2.67
1162059500,2024-02,7866.67,40000.0,,2.67
1162060500,2024-02,7866.67,40000.0,,2.67
1162061500,2024-02,7866.67,40000.0,,2.67
1162062500,2024-02,7866.67,40000.0,,2.67
1162063000,2024-02,5166.67,5000.0,,3.0
1162064500,2024-02,3413.33,9500.0,,2.73
1162065500,2024-02,3413.33,9500.0,,2.73
1162066500,2024-02,3413.33,9500.0,,2.73
1162068500,2024-02,3413.33,9500.0,,2.73
1162069500,2024-02,3413.33,9500.0,,2.73
1162071500,2024-02,3413.33,9500.0,,2.73
1162072500,2024-02,3413.33,9500.0,,2.73
1162073500,2024-02,3413.33,9500.0,,2.73
1162074500,2024-02,3413.33,9500.0,,2.73
1162076500,2024-02,3413.33,9500.0,,2.73
1162077500,2024-02,3413.33,9500.0,,2.73
1165051000,2024-02,15478.57,60000.0,,1.75
1165052000,2024-02,15478.57,60000.0,,1.75
1165053000,2024-02,16207.14,53742.86,,2.92
1165053100,2024-02,15478.57,60000.0,,1.75
1165054000,2024-02,8800.0,,,2.5
1165055000,2024-02,18081.43,39425.0,,1.75
1165056000,2024-02,18081.43,39425.0,,1.75
1165057000,2024-02,18081.43,39425.0,,1.75
1165058000,2024-02,8800.0,,,2.5
1165058100,2024-02,18081.43,39425.0,,1.75
1165059000,2024-02,17300.0,49050.0,,1.17
1165060000,2024-02,17300.0,49050.0,,1.17
1165061000,2024-02,17300.0,49050.0,,1.17
1165062000,2024-02,17300.0,49050.0,,1.17
1165062100,2024-02,17300.0,49050.0,,1.17
1165065100,2024-02,22722.29,51000.0,,7.0
1165065200,2024-02,17500.0,51000.0,,2.0
1165066000,2024-02,46600.0,93000.0,,2.0
1168051000,2024-02,59812.5,76083.33,,2.0
1168052100,2024-02,4438.78,,,4.5
1168053100,2024-02,4438.78,,,4.5
1168054500,2024-02,59812.5,76083.33,,2.0
1168056500,2024-02,88000.0,131000.0,,4.0
1168058000,2024-02,13700.0,15500.0,,3.0
1168059000,2024-02,13700.0,15500.0,,3.0
1168060000,2024-02,27800.0,53933.33,,1.2
1168061000,2024-02,27800.0,53933.33,,1.2
1168063000,2024-02,27800.0,53933.33,,1.2
1168064000,2024-02,10504.84,46000.0,,9.5
1168065000,2024-02,10504.84,46000.0,,9.5
1168065500,2024-02,100125.0,131833.33,,2.0
1168065600,2024-02,100125.0,131833.33,,2.0
1168066000,2024-02,23815.56,35766.67,,1.8
1168067000,2024-02,23274.29,43460.0,,2.8
1168067500,2024-02,24632.0,47387.5,,4.0
1168069000,2024-02,23815.56,35766.67,,1.8
1168070000,2024-02,22769.5,29339.0,,2.0
1168072000,2024-02,22300.0,55000.0,,1.0
1168073000,2024-02,22300.0,55000.0,,1.0
1168074000,2024-02,24632.0,47387.5,,4.0
1171051000,2024-02,5875.0,,,2.0
1171052000,2024-02,5875.0,,,2.0
1171053100,2024-02,12950.0,,,1.33
1171053200,2024-02,12950.0,,,1.33
1171054000,2024-02,14400.0,23666.67,,2.5
1171055000,2024-02,14400.0,23666.67,,2.5
1171056100,2024-02,24750.0,47500.0,,1.33
1171056200,2024-02,24750.0,47500.0,,1.33
1171056600,2024-02,24750.0,47500.0,,1.33
1171057000,2024-02,13500.0,13500.0,,2.0
1171058000,2024-02,30666.67,65000.0,,1.5
1171059000,2024-02,30666.67,65000.0,,1.5
1171060000,2024-02,18959.0,27560.0,,3.0
1171061000,2024-02,14620.0,23100.0,,5.0
1171062000,2024-02,26042.86,45600.0,,2.33
1171063100,2024-02,26042.86,45600.0,,2.33
1171063200,2024-02,26042.86,45600.0,,2.33
1171064100,2024-02,10530.0,22212.5,,5.0
1171064200,2024-02,10843.32,21311.82,,11.33
1171064600,2024-02,10843.32,21311.82,,11.33
1171064700,2024-02,11414.04,20797.14,,7.67
1171065000,2024-02,8112.86,31240.0,,1.75
1171067000,2024-02,8112.86,31240.0,,1.75
1171068000,2024-02,8112.86,31240.0,,1.75
1171069000,2024-02,114875.0,160000.0,,2.0
1171071000,2024-02,114875.0,160000.0,,2.0
1171072000,2024-02,8112.86,31240.0,,1.75
1174051500,2024-02,16303.58,48000.0,,4.75
1174052000,2024-02,24033.33,,,0.75
1174052500,2024-02,24033.33,,,0.75
1174052600,2024-02,24033.33,,,0.75
1174053000,2024-02,500.0,,,0.5
1174054000,2024-02,500.0,,,0.5
1174055000,2024-02,18262.5,40000.0,,2.0
1174056000,2024-02,18262.5,40000.0,,2.0
1174057000,2024-02,4500.0,,,1.0
1174058000,2024-02,4500.0,,,1.0
1174059000,2024-02,4500.0,,,1.0
1174060000,2024-02,9061.09,19100.0,,3.67
1174061000,2024-02,9061.09,19100.0,,3.67
1174062000,2024-02,9061.09,19100.0,,3.67
1174064000,2024-02,4211.09,11500.0,,3.67
1174065000,2024-02,4211.09,11500.0,,3.67
1174066000,2024-02,4211.09,11500.0,,3.67
1174068500,2024-02,27000.0,55000.0,,5.0
1174069000,2024-02,6500.0,,,1.0
1174070000,2024-02,6500.0,,,1.0
1111056000,2024-03,60000.0,60000.0,,1.0
1111058000,2024-03,1000.0,,,1.0
1111060000,2024-03,12300.0,26400.0,,3.0
1111063000,2024-03,300.0,,,1.0
1111064000,2024-03,3000.0,,,3.0
1111065000,2024-03,400.0,,,2.0
1111067000,2024-03,45000.0,45000.0,,0.33
1111068000,2024-03,45000.0,45000.0,,0.33
1111069000,2024-03,45000.0,45000.0,,0.33
1111070000,2024-03,15275.0,35500.0,,2.0
1111071000,2024-03,15275.0,35500.0,,2.0
1114059000,2024-03,17350.0,,,2.0
1114060500,2024-03,500.0,,,1.0
1114061000,2024-03,13633.33,17900.0,,0.55
1114061500,2024-03,13633.33,17900.0,,0.55
1114062000,2024-03,13633.33,17900.0,,0.55
1114062500,2024-03,13633.33,17900.0,,0.55
1114063000,2024-03,13633.33,17900.0,,0.55
1114063500,2024-03,13633.33,17900.0,,0.55
1114064000,2024-03,13633.33,17900.0,,0.55
1114064500,2024-03,13633.33,17900.0,,0.55
1114065000,2024-03,13633.33,17900.0,,0.55
1114066000,2024-03,13633.33,17900.0,,0.55
1114066500,2024-03,13633.33,17900.0,,0.55
1114067000,2024-03,32500.0,55000.0,,2.0
1114068000,2024-03,4666.5,,,2.0
1117051000,2024-03,16166.67,21750.0,,3.0
1117052000,2024-03,3500.0,3500.0,,1.0
1117055500,2024-03,1500.0,,,1.0
1117056000,2024-03,14900.0,28800.0,,2.0
1117057000,2024-03,12000.0,,,1.0
1117058000,2024-03,18000.0,,,2.0
1117059000,2024-03,10000.0,17000.0,,2.0
1117062500,2024-03,65500.0,130000.0,,2.0
1117063000,2024-03,27500.0,,,1.0
1117064000,2024-03,27500.0,,,1.0
1117065000,2024-03,433.33,,,1.5
1117066000,2024-03,433.33,,,1.5
1117068500,2024-03,1000.0,,,1.0
1117070000,2024-03,750.0,,,2.0
1120053500,2024-03,2000.0,,,1.0
1120054000,2024-03,2795.67,,,3.0
1120055000,2024-03,6000.0,6000.0,,0.33
1120056000,2024-03,6000.0,6000.0,,0.33
1120057000,2024-03,6000.0,6000.0,,0.33
1120058000,2024-03,2000.0,,,1.0
1120059000,2024-03,789.0,,,2.0
1120061500,2024-03,27000.0,61000.0,,3.0
1120062000,2024-03,17333.33,,,3.0
1120064500,2024-03,137666.67,137666.67,,3.0
1120065000,2024-03,9416.67,,,3.0
1120066000,2024-03,9416.67,,,3.0
1120067000,2024-03,2150.0,,,1.0
1120069000,2024-03,2150.0,,,1.0
1120072000,2024-03,1450.0,,,1.0
1120079000,2024-03,975.0,,,2.0
1121571000,2024-03,3781.82,10500.0,,11.0
1121573000,2024-03,4840.0,,,5.0
1121574000,2024-03,10464.71,16780.0,,4.25
1121575000,2024-03,10464.71,16780.0,,4.25
1121576000,2024-03,10464.71,16780.0,,4.25
1121577000,2024-03,10464.71,16780.0,,4.25
1121578000,2024-03,9000.0,16000.0,,2.0
1121582000,2024-03,26707.5,62153.33,,2.0
1121583000,2024-03,26707.5,62153.33,,2.0
1121584000,2024-03,26707.5,62153.33,,2.0
1121584700,2024-03,26707.5,62153.33,,2.0
1121585000,2024-03,6533.33,16000.0,,5.0
1121586000,2024-03,6533.33,16000.0,,5.0
1121587000,2024-03,6533.33,16000.0,,5.0
1123053600,2024-03,10833.33,30000.0,,3.0
1123054500,2024-03,4600.0,11500.0,,3.0
1123056000,2024-03,3250.0,,,0.67
1123057000,2024-03,3250.0,,,0.67
1123060000,2024-03,15625.0,36500.0,,2.67
1123061000,2024-03,19750.0,36500.0,,2.0
1123065000,2024-03,11250.0,23000.0,,2.0
1123066000,2024-03,11250.0,23000.0,,2.0
1123071000,2024-03,8650.0,17000.0,,2.0
1123072000,2024-03,9100.0,,,2.5
1123073000,2024-03,9100.0,,,2.5
1123074000,2024-03,10175.0,17750.0,,2.0
1123075000,2024-03,10175.0,17750.0,,2.0
1126052000,2024-03,4800.0,12500.0,,1.67
1126054000,2024-03,4800.0,12500.0,,1.67
1126055000,2024-03,4800.0,12500.0,,1.67
1126056500,2024-03,4800.0,12500.0,,1.67
1126057000,2024-03,4800.0,12500.0,,1.67
1126057500,2024-03,4800.0,12500.0,,1.67
1126058000,2024-03,3500.0,,,1.0
1126059000,2024-03,3500.0,,,1.0
1126060000,2024-03,4550.0,8500.0,,2.0
1126061000,2024-03,4550.0,8500.0,,2.0
1126062000,2024-03,10848.4,19121.0,,2.5
1126063000,2024-03,10848.4,19121.0,,2.5
1126065500,2024-03,12820.0,29500.0,,2.5
1126066000,2024-03,12820.0,29500.0,,2.5
1126068000,2024-03,12081.11,19629.25,,4.5
1126069000,2024-03,12081.11,19629.25,,4.5
1129052500,2024-03,78500.0,155000.0,,2.0
1129055500,2024-03,3000.0,,,1.0
1129057500,2024-03,4500.0,,,2.0
1129060000,2024-03,1500.0,,,2.0
1129061000,2024-03,500.0,,,1.0
1129062000,2024-03,17429.41,39500.0,,1.42
1129063000,2024-03,2033.33,,,0.75
1129064000,2024-03,2033.33,,,0.75
1129065000,2024-03,2033.33,,,0.75
1129066000,2024-03,34750.0,39500.0,,0.67
1129068500,2024-03,24366.67,39500.0,,1.0
1129070500,2024-03,500.0,,,1.0
1129071500,2024-03,3600.0,,,0.33
1129072500,2024-03,1157.14,,,2.33
1129076000,2024-03,4053.5,2000.0,,1.33
1129077000,2024-03,4053.5,2000.0,,1.33
1129078000,2024-03,4053.5,2000.0,,1.33
1129081000,2024-03,12875.0,25000.0,,4.0
1130553400,2024-03,6312.5,14666.67,,1.6
1130553500,2024-03,6312.5,14666.67,,1.6
1130554500,2024-03,6312.5,14666.67,,1.6
1130555500,2024-03,6312.5,14666.67,,1.6
1130557500,2024-03,6312.5,14666.67,,1.6
1130559000,2024-03,6466.67,18300.0,,0.5
1130559500,2024-03,6466.67,18300.0,,0.5
1130560000,2024-03,6466.67,18300.0,,0.5
1130560300,2024-03,6466.67,18300.0,,0.5
1130560600,2024-03,6466.67,18300.0,,0.5
1130560800,2024-03,6466.67,18300.0,,0.5
1130561000,2024-03,2818.18,9750.0,,1.38
1130561500,2024-03,2818.18,9750.0,,1.38
1130562000,2024-03,2818.18,9750.0,,1.38
1130562500,2024-03,2818.18,9750.0,,1.38
1130563000,2024-03,2818.18,9750.0,,1.38
1130563500,2024-03,2818.18,9750.0,,1.38
1130564500,2024-03,2818.18,9750.0,,1.38
1130566000,2024-03,2818.18,9750.0,,1.38
1132051100,2024-03,3416.67,15500.0,,1.2
1132051200,2024-03,3416.67,15500.0,,1.2
1132051300,2024-03,3416.67,15500.0,,1.2
1132051400,2024-03,3416.67,15500.0,,1.2
1132051500,2024-03,3416.67,15500.0,,1.2
1132052100,2024-03,3000.0,,,0.5
1132052200,2024-03,3000.0,,,0.5
1132066000,2024-03,6060.0,15000.0,,1.25
1132067000,2024-03,6060.0,15000.0,,1.25
1132068000,2024-03,6060.0,15000.0,,1.25
1132068100,2024-03,6060.0,15000.0,,1.25
1132069000,2024-03,5722.22,17500.0,,3.0
1132070000,2024-03,5722.22,17500.0,,3.0
1132071000,2024-03,5722.22,17500.0,,3.0
1135056000,2024-03,11320.0,21500.0,,1.67
1135057000,2024-03,11320.0,21500.0,,1.67
1135058000,2024-03,11320.0,21500.0,,1.67
1135059500,2024-03,1000.0,,,0.5
1135060000,2024-03,1000.0,,,0.5
1135061100,2024-03,1000.0,,,0.5
1135061200,2024-03,1000.0,,,0.5
1135061900,2024-03,1017.0,,,0.25
1135062100,2024-03,1017.0,,,0.25
1135062400,2024-03,6934.96,18327.33,,1.47
1135062500,2024-03,1017.0,,,0.25
1135063000,2024-03,8145.45,18327.33,,1.22
1135064000,2024-03,8145.45,18327.33,,1.22
1135066500,2024-03,8145.45,18327.33,,1.22
1135067000,2024-03,8145.45,18327.33,,1.22
1135069500,2024-03,8145.45,18327.33,,1.22
1135070000,2024-03,8145.45,18327.33,,1.22
1135071000,2024-03,8145.45,18327.33,,1.22
1135072000,2024-03,8145.45,18327.33,,1.22
1138051000,2024-03,12050.0,25000.0,,4.0
1138052000,2024-03,6166.67,15000.0,,1.5
1138053000,2024-03,6166.67,15000.0,,1.5
1138055100,2024-03,7766.67,15650.0,,4.5
1138055200,2024-03,7766.67,15650.0,,4.5
1138056000,2024-03,7750.0,18400.0,,8.0
1138057000,2024-03,7625.0,13250.0,,4.0
1138058000,2024-03,4750.0,22000.0,,2.0
1138059000,2024-03,4750.0,22000.0,,2.0
1138060000,2024-03,4750.0,22000.0,,2.0
1138062500,2024-03,4833.33,17000.0,,6.0
1138063100,2024-03,18750.0,37000.0,,1.0
1138063200,2024-03,18750.0,37000.0,,1.0
1138064000,2024-03,15000.0,15000.0,,1.0
1138069000,2024-03,42184.0,65642.0,,5.0
1141055500,2024-03,4000.0,,,0.5
1141056500,2024-03,6190.0,,,1.0
1141058500,2024-03,4400.0,,,2.5
1141061500,2024-03,5741.67,23000.0,,12.0
1141062000,2024-03,16575.0,28100.0,,1.33
1141064000,2024-03,16575.0,28100.0,,1.33
1141065500,2024-03,16575.0,28100.0,,1.33
1141069000,2024-03,20500.0,33750.0,,3.0
1141070000,2024-03,20500.0,33750.0,,3.0
1141071000,2024-03,5500.0,22000.0,,2.5
1141072000,2024-03,5500.0,22000.0,,2.5
1144055500,2024-03,18500.0,29500.0,,1.33
1144056500,2024-03,12550.0,40125.0,,6.67
1144058500,2024-03,21214.29,43666.67,,2.33
1144059000,2024-03,14852.81,29317.29,,5.33
1144060000,2024-03,3215.0,3721.0,,1.0
1144061000,2024-03,18500.0,29500.0,,1.33
1144063000,2024-03,3071.67,3721.0,,3.0
1144065500,2024-03,4500.0,,,2.0
1144066000,2024-03,6000.0,,,6.0
1144068000,2024-03,1500.0,,,1.0
1144069000,2024-03,5700.0,17000.0,,2.0
1144070000,2024-03,5700.0,17000.0,,2.0
1144071000,2024-03,1084.0,,,8.0
1144072000,2024-03,3000.0,1000.0,,2.5
1144073000,2024-03,2428.57,1000.0,,3.5
1144074000,2024-03,5686.0,9436.0,,8.0
1147051000,2024-03,15441.78,40500.0,,1.8
1147052000,2024-03,15441.78,40500.0,,1.8
1147053000,2024-03,15441.78,40500.0,,1.8
1147054000,2024-03,15441.78,40500.0,,1.8
1147055000,2024-03,15441.78,40500.0,,1.8
1147056000,2024-03,30166.67,55000.0,,0.43
1147057000,2024-03,30166.67,55000.0,,0.43
1147058000,2024-03,30166.67,55000.0,,0.43
1147059000,2024-03,30166.67,55000.0,,0.43
1147060000,2024-03,30166.67,55000.0,,0.43
1147061000,2024-03,30166.67,55000.0,,0.43
1147061100,2024-03,30166.67,55000.0,,0.43
1147062000,2024-03,22010.0,34995.0,,1.33
1147063000,2024-03,22010.0,34995.0,,1.33
1147064000,2024-03,22010.0,34995.0,,1.33
1147065000,2024-03,22010.0,34995.0,,1.33
1147067000,2024-03,22010.0,34995.0,,1.33
1147068000,2024-03,22010.0,34995.0,,1.33
1150051000,2024-03,21285.71,35000.0,,1.75
1150052000,2024-03,19400.0,19400.0,,0.25
1150053000,2024-03,19400.0,19400.0,,0.25
1150053500,2024-03,19400.0,19400.0,,0.25
1150054000,2024-03,2981.5,9166.67,,2.5
1150055000,2024-03,2981.5,9166.67,,2.5
1150056000,2024-03,2981.5,9166.67,,2.5
1150057000,2024-03,2981.5,9166.67,,2.5
1150059000,2024-03,2981.5,9166.67,,2.5
1150059100,2024-03,2981.5,9166.67,,2.5
1150059300,2024-03,2981.5,9166.67,,2.5
1150060300,2024-03,15333.1,22961.91,,2.0
1150060400,2024-03,17666.67,25000.0,,0.75
1150060500,2024-03,21285.71,35000.0,,1.75
1150061100,2024-03,13747.85,17132.64,,2.0
1150061500,2024-03,6395.21,13357.82,,3.5
1150062000,2024-03,7141.24,13498.23,,5.0
1150063000,2024-03,7141.24,13498.23,,5.0
1150064000,2024-03,5336.0,13620.0,,2.5
1150064100,2024-03,7401.77,16757.57,,3.5
1153051000,2024-03,650.0,,,2.0
1153052000,2024-03,13200.0,38975.0,,3.0
1153053000,2024-03,13200.0,38975.0,,3.0
1153054000,2024-03,13200.0,38975.0,,3.0
1153055000,2024-03,13200.0,38975.0,,3.0
1153056000,2024-03,13200.0,38975.0,,3.0
1153059500,2024-03,4006.5,4500.0,,6.0
1153072000,2024-03,5375.0,10150.0,,2.0
1153073000,2024-03,5375.0,10150.0,,2.0
1153074000,2024-03,6560.0,15750.0,,1.67
1153075000,2024-03,6560.0,15750.0,,1.67
1153076000,2024-03,6560.0,15750.0,,1.67
1153077000,2024-03,3250.0,10000.0,,2.0
1153078000,2024-03,5690.92,10000.0,,6.5
1153079000,2024-03,1000.0,,,1.0
1153080000,2024-03,2378.0,,,0.5
1154551000,2024-03,1500.0,,,3.0
1154561000,2024-03,5651.47,23100.0,,4.25
1154562000,2024-03,5651.47,23100.0,,4.25
1154563000,2024-03,5651.47,23100.0,,4.25
1154564000,2024-03,5651.47,23100.0,,4.25
1154567000,2024-03,4116.67,18500.0,,2.4
1154568000,2024-03,4116.67,18500.0,,2.4
1154569000,2024-03,4116.67,18500.0,,2.4
1154570000,2024-03,4116.67,18500.0,,2.4
1154571000,2024-03,4116.67,18500.0,,2.4
1156051500,2024-03,5856.86,27181.82,,4.64
1156053500,2024-03,4552.94,19000.0,,8.5
1156054000,2024-03,100000.0,100000.0,,1.0
1156055000,2024-03,6000.0,13500.0,,3.0
1156056000,2024-03,28800.0,61000.0,,5.0
1156058500,2024-03,22125.0,45000.0,,4.0
1156060500,2024-03,55000.0,55000.0,,1.0
1156061000,2024-03,52000.0,52000.0,,1.0
1156062000,2024-03,24666.67,35500.0,,3.0
1156063000,2024-03,6529.87,41500.0,,2.14
1156065000,2024-03,6529.87,41500.0,,2.14
1156066000,2024-03,6529.87,41500.0,,2.14
1156067000,2024-03,6216.71,13658.59,,7.14
1156068000,2024-03,6529.87,41500.0,,2.14
1156069000,2024-03,6529.87,41500.0,,2.14
1156070000,2024-03,6082.5,9681.25,,5.0
1156071000,2024-03,6082.5,9681.25,,5.0
1156072000,2024-03,6082.5,9681.25,,5.0
1159051000,2024-03,11681.11,46000.0,,4.5
1159052000,2024-03,1875.71,,,3.5
1159053000,2024-03,9956.0,27706.0,,1.5
1159054000,2024-03,9956.0,27706.0,,1.5
1159055000,2024-03,9956.0,27706.0,,1.5
1159056000,2024-03,9956.0,27706.0,,1.5
1159060500,2024-03,500.0,,,1.0
1159062000,2024-03,9213.64,13333.33,,4.4
1159063000,2024-03,9213.64,13333.33,,4.4
1159064000,2024-03,9213.64,13333.33,,4.4
1159065000,2024-03,9213.64,13333.33,,4.4
1159065100,2024-03,9213.64,13333.33,,4.4
1159066000,2024-03,8619.5,,,4.0
1159067000,2024-03,10700.0,49500.0,,2.5
1159068000,2024-03,10700.0,49500.0,,2.5
1162052500,2024-03,9281.45,21450.0,,3.44
1162054500,2024-03,9281.45,21450.0,,3.44
1162056500,2024-03,9281.45,21450.0,,3.44
1162057500,2024-03,9281.45,21450.0,,3.44
1162058500,2024-03,9281.45,21450.0,,3.44
1162059500,2024-03,9281.45,21450.0,,3.44
1162060500,2024-03,9281.45,21450.0,,3.44
1162061500,2024-03,9281.45,21450.0,,3.44
1162062500,2024-03,9281.45,21450.0,,3.44
1162063000,2024-03,4575.0,,,4.0
1162064500,2024-03,7461.67,15777.78,,2.73
1162065500,2024-03,7461.67,15777.78,,2.73
1162066500,2024-03,7461.67,15777.78,,2.73
1162068500,2024-03,7461.67,15777.78,,2.73
1162069500,2024-03,7461.67,15777.78,,2.73
1162071500,2024-03,7461.67,15777.78,,2.73
1162072500,2024-03,7461.67,15777.78,,2.73
1162073500,2024-03,7461.67,15777.78,,2.73
1162074500,2024-03,7461.67,15777.78,,2.73
1162076500,2024-03,7461.67,15777.78,,2.73
1162077500,2024-03,7461.67,15777.78,,2.73
1165051000,2024-03,23690.0,67500.0,,5.0
1165052000,2024-03,23690.0,67500.0,,5.0
1165053000,2024-03,24844.12,58777.78,,5.67
1165053100,2024-03,23690.0,67500.0,,5.0
1165054000,2024-03,22666.67,48000.0,,1.5
1165055000,2024-03,51802.86,78855.0,,1.75
1165056000,2024-03,51802.86,78855.0,,1.75
1165057000,2024-03,51802.86,78855.0,,1.75
1165058000,2024-03,22666.67,48000.0,,1.5
1165058100,2024-03,51802.86,78855.0,,1.75
1165059000,2024-03,33500.0,41333.33,,0.67
1165060000,2024-03,33500.0,41333.33,,0.67
1165061000,2024-03,33500.0,41333.33,,0.67
1165062000,2024-03,33500.0,41333.33,,0.67
1165062100,2024-03,33500.0,41333.33,,0.67
1165065100,2024-03,21701.5,36639.09,,10.0
1165065200,2024-03,13252.5,25806.0,,6.0
1165066000,2024-03,65000.0,65000.0,,2.0
1168051000,2024-03,35000.0,,,1.0
1168052100,2024-03,3877.25,,,4.0
1168053100,2024-03,3877.25,,,4.0
1168054500,2024-03,35000.0,,,1.0
1168056500,2024-03,70000.0,70000.0,,1.0
1168058000,2024-03,15213.33,,,1.5
1168059000,2024-03,15213.33,,,1.5
1168060000,2024-03,14250.0,39000.0,,0.8
1168061000,2024-03,14250.0,39000.0,,0.8
1168063000,2024-03,14250.0,39000.0,,0.8
1168064000,2024-03,9432.69,26350.0,,8.0
1168065000,2024-03,9432.69,26350.0,,8.0
1168066000,2024-03,6500.0,,,1.6
1168067000,2024-03,8041.67,21000.0,,2.4
1168067500,2024-03,9593.75,27000.0,,3.2
1168069000,2024-03,6500.0,,,1.6
1168070000,2024-03,12125.0,,,4.0
1168072000,2024-03,25500.0,38727.27,,1.13
1168073000,2024-03,25500.0,38727.27,,1.13
1168074000,2024-03,9593.75,27000.0,,3.2
1168075000,2024-03,60000.0,60000.0,,0.33
1171051000,2024-03,9650.0,34575.0,,4.5
1171052000,2024-03,9650.0,34575.0,,4.5
1171053100,2024-03,31261.57,73550.0,,2.33
1171053200,2024-03,31261.57,73550.0,,2.33
1171054000,2024-03,6899.2,14700.0,,2.5
1171055000,2024-03,6899.2,14700.0,,2.5
1171056100,2024-03,9000.0,,,1.33
1171056200,2024-03,9000.0,,,1.33
1171056600,2024-03,9000.0,,,1.33
1171057000,2024-03,12038.4,22000.0,,5.0
1171058000,2024-03,13625.0,35000.0,,2.0
1171059000,2024-03,13625.0,35000.0,,2.0
1171060000,2024-03,5318.57,13230.0,,7.0
1171061000,2024-03,4987.5,12000.0,,10.0
1171062000,2024-03,38342.33,63916.67,,2.0
1171063100,2024-03,38342.33,63916.67,,2.0
1171063200,2024-03,38342.33,63916.67,,2.0
1171064100,2024-03,22444.44,27400.0,,3.0
1171064200,2024-03,19300.86,30833.33,,4.67
1171064600,2024-03,19300.86,30833.33,,4.67
1171064700,2024-03,23920.25,65033.33,,4.0
1171065000,2024-03,16887.5,36750.0,,3.0
1171067000,2024-03,16887.5,36750.0,,3.0
1171068000,2024-03,16887.5,36750.0,,3.0
1171069000,2024-03,20000.0,,,0.5
1171071000,2024-03,20000.0,,,0.5
1171072000,2024-03,16887.5,36750.0,,3.0
1174051500,2024-03,10967.88,25200.0,,4.0
1174052000,2024-03,24055.5,76000.0,,1.0
1174052500,2024-03,24055.5,76000.0,,1.0
1174052600,2024-03,24055.5,76000.0,,1.0
1174053000,2024-03,11450.0,,,1.0
1174054000,2024-03,11450.0,,,1.0
1174055000,2024-03,43125.0,70000.0,,2.0
1174056000,2024-03,43125.0,70000.0,,2.0
1174057000,2024-03,11058.6,26075.0,,3.33
1174058000,2024-03,11058.6,26075.0,,3.33
1174059000,2024-03,11058.6,26075.0,,3.33
1174060000,2024-03,6990.91,9250.0,,3.67
1174061000,2024-03,6990.91,9250.0,,3.67
1174062000,2024-03,6990.91,9250.0,,3.67
1174064000,2024-03,7215.38,35500.0,,4.33
1174065000,2024-03,7215.38,35500.0,,4.33
1174066000,2024-03,7215.38,35500.0,,4.33
1174068500,2024-03,24333.33,29000.0,,3.0
1174069000,2024-03,31750.0,40250.0,,2.0
1174070000,2024-03,31750.0,40250.0,,2.0
1111053000,2024-04,25500.0,50000.0,,2.0
1111064000,2024-04,1000.0,,,1.0
1111065000,2024-04,6375.0,,,4.0
1111070000,2024-04,6413.67,12000.0,,1.5
1111071000,2024-04,6413.67,12000.0,,1.5
1114054000,2024-04,2000.0,,,0.5
1114055000,2024-04,2000.0,,,0.5
1114057000,2024-04,31750.0,31750.0,,2.0
1114058000,2024-04,15250.0,27500.0,,2.0
1114059000,2024-04,3000.0,,,1.0
1114060500,2024-04,3000.0,,,1.0
1114061000,2024-04,12806.45,64500.0,,1.41
1114061500,2024-04,12806.45,64500.0,,1.41
1114062000,2024-04,19300.0,64500.0,,0.91
1114062500,2024-04,19300.0,64500.0,,0.91
1114063000,2024-04,19300.0,64500.0,,0.91
1114063500,2024-04,19300.0,64500.0,,0.91
1114064000,2024-04,19300.0,64500.0,,0.91
1114064500,2024-04,19300.0,64500.0,,0.91
1114065000,2024-04,19300.0,64500.0,,0.91
1114066000,2024-04,19300.0,64500.0,,0.91
1114066500,2024-04,19300.0,64500.0,,0.91
1114067000,2024-04,11850.0,23400.0,,4.0
1117051000,2024-04,7875.0,26000.0,,4.0
1117052000,2024-04,750.0,,,2.0
1117053000,2024-04,13125.0,13125.0,,1.0
1117055500,2024-04,6401.5,20606.0,,4.0
1117056000,2024-04,58883.33,68660.0,,6.0
1117057000,2024-04,2166.67,,,3.0
1117062500,2024-04,33333.33,30000.0,,3.0
1117063000,2024-04,51000.0,51000.0,,1.5
1117064000,2024-04,51000.0,51000.0,,1.5
1117065000,2024-04,625.0,,,2.0
1117066000,2024-04,625.0,,,2.0
1117068500,2024-04,36250.0,13500.0,,2.0
1117069000,2024-04,2650.0,,,2.0
1117070000,2024-04,6000.0,,,1.0
1120052000,2024-04,1000.0,,,0.5
1120053500,2024-04,3666.67,,,4.5
1120054000,2024-04,1000.0,,,1.0
1120055000,2024-04,10000.0,,,0.33
1120056000,2024-04,10000.0,,,0.33
1120057000,2024-04,10000.0,,,0.33
1120059000,2024-04,60000.0,60000.0,,1.0
1120061500,2024-04,3000.0,5000.0,,2.0
1120062000,2024-04,55000.0,70000.0,,2.0
1120065000,2024-04,22737.5,30000.0,,8.0
1120066000,2024-04,22737.5,30000.0,,8.0
1120067000,2024-04,40500.0,,,1.5
1120069000,2024-04,40500.0,,,1.5
1120079000,2024-04,20000.0,20000.0,,1.0
1121571000,2024-04,885.71,,,7.0
1121573000,2024-04,7325.0,26000.0,,4.0
1121574000,2024-04,8926.17,21850.0,,4.5
1121575000,2024-04,8926.17,21850.0,,4.5
1121576000,2024-04,8926.17,21850.0,,4.5
1121577000,2024-04,8926.17,21850.0,,4.5
1121578000,2024-04,600.0,,,2.0
1121582000,2024-04,5963.16,19925.0,,4.75
1121583000,2024-04,5963.16,19925.0,,4.75
1121584000,2024-04,5963.16,19925.0,,4.75
1121584700,2024-04,5963.16,19925.0,,4.75
1121585000,2024-04,14133.33,46000.0,,3.0
1121586000,2024-04,14133.33,46000.0,,3.0
1121587000,2024-04,14133.33,46000.0,,3.0
1123053600,2024-04,7850.0,14700.0,,2.0
1123054500,2024-04,500.0,,,2.0
1123056000,2024-04,18151.0,50000.0,,1.0
1123057000,2024-04,18151.0,50000.0,,1.0
1123060000,2024-04,16471.71,57200.0,,3.5
1123061000,2024-04,15800.0,62000.0,,2.5
1123065000,2024-04,19500.0,26250.0,,2.0
1123066000,2024-04,19500.0,26250.0,,2.0
1123070500,2024-04,1725.0,,,4.0
1123071000,2024-04,38580.0,38580.0,,1.0
1123072000,2024-04,2800.0,8000.0,,2.5
1123073000,2024-04,2800.0,8000.0,,2.5
1126052000,2024-04,11407.5,26525.0,,2.67
1126054000,2024-04,11407.5,26525.0,,2.67
1126055000,2024-04,11407.5,26525.0,,2.67
1126056500,2024-04,11407.5,26525.0,,2.67
1126057000,2024-04,11407.5,26525.0,,2.67
1126057500,2024-04,11407.5,26525.0,,2.67
1126058000,2024-04,4066.67,8900.0,,3.0
1126059000,2024-04,4066.67,8900.0,,3.0
1126060000,2024-04,10000.0,11000.0,,2.5
1126061000,2024-04,10000.0,11000.0,,2.5
1126062000,2024-04,3261.25,,,2.0
1126063000,2024-04,3261.25,,,2.0
1126065500,2024-04,6165.33,5000.0,,4.5
1126066000,2024-04,6165.33,5000.0,,4.5
1126068000,2024-04,11666.67,24000.0,,1.5
1126069000,2024-04,11666.67,24000.0,,1.5
1129052500,2024-04,8500.0,,,1.0
1129057500,2024-04,1000.0,,,2.0
1129060000,2024-04,2000.0,,,4.0
1129061000,2024-04,7500.0,,,3.0
1129062000,2024-04,3056.92,3000.0,,1.08
1129063000,2024-04,1833.33,3000.0,,0.75
1129064000,2024-04,1833.33,3000.0,,0.75
1129065000,2024-04,1833.33,3000.0,,0.75
1129066000,2024-04,5810.0,,,0.33
1129068500,2024-04,3077.5,,,1.33
1129070500,2024-04,10500.0,10500.0,,1.0
1129071500,2024-04,2166.67,,,1.0
1129072500,2024-04,2166.67,,,1.0
1129076000,2024-04,1000.0,,,0.33
1129077000,2024-04,1000.0,,,0.33
1129078000,2024-04,1000.0,,,0.33
1129081000,2024-04,1200.0,,,6.0
1130553400,2024-04,10720.91,49750.0,,2.2
1130553500,2024-04,10720.91,49750.0,,2.2
1130554500,2024-04,10720.91,49750.0,,2.2
1130555500,2024-04,10720.91,49750.0,,2.2
1130557500,2024-04,10720.91,49750.0,,2.2
1130559000,2024-04,1000.0,,,0.33
1130559500,2024-04,1000.0,,,0.33
1130560000,2024-04,1000.0,,,0.33
1130560300,2024-04,1000.0,,,0.33
1130560600,2024-04,1000.0,,,0.33
1130560800,2024-04,1000.0,,,0.33
1130561000,2024-04,1550.0,4000.0,,0.75
1130561500,2024-04,1550.0,4000.0,,0.75
1130562000,2024-04,1550.0,4000.0,,0.75
1130562500,2024-04,1550.0,4000.0,,0.75
1130563000,2024-04,1550.0,4000.0,,0.75
1130563500,2024-04,1550.0,4000.0,,0.75
1130564500,2024-04,1807.14,4000.0,,1.75
1130566000,2024-04,1550.0,4000.0,,0.75
1132051100,2024-04,7875.0,25000.0,,0.8
1132051200,2024-04,7875.0,25000.0,,0.8
1132051300,2024-04,7875.0,25000.0,,0.8
1132051400,2024-04,7875.0,25000.0,,0.8
1132051500,2024-04,7875.0,25000.0,,0.8
1132052100,2024-04,10000.0,16500.0,,3.0
1132052200,2024-04,10000.0,16500.0,,3.0
1132066000,2024-04,7250.0,12500.0,,0.5
1132067000,2024-04,7250.0,12500.0,,0.5
1132068000,2024-04,7250.0,12500.0,,0.5
1132068100,2024-04,7250.0,12500.0,,0.5
1132069000,2024-04,20750.0,27000.0,,1.33
1132070000,2024-04,20750.0,27000.0,,1.33
1132071000,2024-04,20750.0,27000.0,,1.33
1135056000,2024-04,11750.0,15500.0,,1.33
1135057000,2024-04,11750.0,15500.0,,1.33
1135058000,2024-04,11750.0,15500.0,,1.33
1135059500,2024-04,11037.14,17420.0,,3.5
1135060000,2024-04,11037.14,17420.0,,3.5
1135061100,2024-04,15200.0,34500.0,,2.5
1135061200,2024-04,15200.0,34500.0,,2.5
1135061900,2024-04,49000.0,49000.0,,0.25
1135062100,2024-04,49000.0,49000.0,,0.25
1135062400,2024-04,16243.24,34492.71,,1.03
1135062500,2024-04,49000.0,49000.0,,0.25
1135063000,2024-04,5714.29,18172.0,,0.78
1135064000,2024-04,5714.29,18172.0,,0.78
1135066500,2024-04,5714.29,18172.0,,0.78
1135067000,2024-04,5714.29,18172.0,,0.78
1135069500,2024-04,5714.29,18172.0,,0.78
1135070000,2024-04,5714.29,18172.0,,0.78
1135071000,2024-04,5714.29,18172.0,,0.78
1135072000,2024-04,5714.29,18172.0,,0.78
1138051000,2024-04,12833.33,60000.0,,6.0
1138052000,2024-04,415.0,,,1.0
1138053000,2024-04,415.0,,,1.0
1138055100,2024-04,9280.0,10400.0,,2.5
1138055200,2024-04,9280.0,10400.0,,2.5
1138056000,2024-04,14000.0,14000.0,,1.0
1138057000,2024-04,13166.67,35000.0,,3.0
1138058000,2024-04,11062.5,22000.0,,2.67
1138059000,2024-04,11062.5,22000.0,,2.67
1138060000,2024-04,11062.5,22000.0,,2.67
1138062500,2024-04,6750.0,13000.0,,2.0
1138063100,2024-04,850.0,,,1.0
1138063200,2024-04,850.0,,,1.0
1138064000,2024-04,28066.67,73500.0,,3.0
1138069000,2024-04,12210.5,23921.0,,2.0
1141052000,2024-04,21333.33,52000.0,,3.0
1141055500,2024-04,1000.0,,,0.5
1141056500,2024-04,1000.0,,,0.5
1141058500,2024-04,150.0,,,2.0
1141061500,2024-04,2333.33,,,3.0
1141062000,2024-04,21800.0,32200.0,,1.0
1141064000,2024-04,21800.0,32200.0,,1.0
1141065500,2024-04,21800.0,32200.0,,1.0
1141066000,2024-04,2000.0,,,0.5
1141068500,2024-04,2000.0,,,0.5
1141069000,2024-04,27490.0,65500.0,,2.5
1141070000,2024-04,27490.0,65500.0,,2.5
1141071000,2024-04,500.0,,,0.5
1141072000,2024-04,500.0,,,0.5
1144055500,2024-04,5988.08,11000.0,,4.0
1144056500,2024-04,3187.21,7400.0,,6.33
1144058500,2024-04,1066.67,,,1.0
1144059000,2024-04,11744.44,23000.0,,3.0
1144060000,2024-04,6892.86,22000.0,,2.33
1144061000,2024-04,8666.67,15500.0,,2.0
1144063000,2024-04,10403.64,10493.33,,1.83
1144065500,2024-04,2000.0,,,1.0
1144066000,2024-04,3056.0,,,7.5
1144069000,2024-04,8666.67,12500.0,,1.5
1144070000,2024-04,8666.67,12500.0,,1.5
1144071000,2024-04,5400.0,,,5.0
1144072000,2024-04,10900.0,26000.0,,2.5
1144073000,2024-04,12071.43,20500.0,,3.5
1147051000,2024-04,26333.33,6000.0,,0.6
1147052000,2024-04,26333.33,6000.0,,0.6
1147053000,2024-04,26333.33,6000.0,,0.6
1147054000,2024-04,26333.33,6000.0,,0.6
1147055000,2024-04,26333.33,6000.0,,0.6
1147056000,2024-04,18035.71,38000.0,,1.0
1147057000,2024-04,18035.71,38000.0,,1.0
1147058000,2024-04,18035.71,38000.0,,1.0
1147059000,2024-04,18035.71,38000.0,,1.0
1147060000,2024-04,18035.71,38000.0,,1.0
1147061000,2024-04,18035.71,38000.0,,1.0
1147061100,2024-04,18035.71,38000.0,,1.0
1147062000,2024-04,18184.12,27263.67,,1.33
1147063000,2024-04,18184.12,27263.67,,1.33
1147064000,2024-04,18184.12,27263.67,,1.33
1147065000,2024-04,18184.12,27263.67,,1.33
1147067000,2024-04,18184.12,27263.67,,1.33
1147068000,2024-04,18184.12,27263.67,,1.33
1150051000,2024-04,14100.0,,,1.0
1150052000,2024-04,17368.0,26546.67,,1.25
1150053000,2024-04,17368.0,26546.67,,1.25
1150053500,2024-04,17368.0,26546.67,,1.25
1150054000,2024-04,6622.26,18250.0,,2.38
1150055000,2024-04,6622.26,18250.0,,2.38
1150056000,2024-04,6622.26,18250.0,,2.38
1150057000,2024-04,6622.26,18250.0,,2.38
1150059000,2024-04,6622.26,18250.0,,2.38
1150059100,2024-04,6622.26,18250.0,,2.38
1150059300,2024-04,6622.26,18250.0,,2.38
1150060300,2024-04,18541.82,31556.52,,2.75
1150060400,2024-04,23000.0,,,0.5
1150060500,2024-04,14100.0,,,1.0
1150061100,2024-04,14027.5,27950.0,,2.0
1150061500,2024-04,7704.56,17900.0,,3.38
1150062000,2024-04,8298.95,17148.48,,4.75
1150063000,2024-04,8298.95,17148.48,,4.75
1150064000,2024-04,4240.0,17260.0,,2.25
1150064100,2024-04,8406.15,31838.46,,3.25
1153051000,2024-04,42500.0,50000.0,,2.0
1153052000,2024-04,5022.1,31921.0,,2.0
1153053000,2024-04,5022.1,31921.0,,2.0
1153054000,2024-04,5022.1,31921.0,,2.0
1153055000,2024-04,5022.1,31921.0,,2.0
1153056000,2024-04,5022.1,31921.0,,2.0
1153059500,2024-04,2450.0,,,4.0
1153072000,2024-04,1402.67,,,1.5
1153073000,2024-04,1402.67,,,1.5
1153074000,2024-04,5142.86,15000.0,,2.33
1153075000,2024-04,5142.86,15000.0,,2.33
1153076000,2024-04,5142.86,15000.0,,2.33
1153077000,2024-04,666.67,,,1.5
1153078000,2024-04,8937.38,12710.8,,8.0
1153079000,2024-04,12000.0,,,1.0
1153080000,2024-04,3420.0,,,0.5
1154551000,2024-04,4325.0,,,4.0
1154561000,2024-04,3382.35,13300.0,,4.25
1154562000,2024-04,3382.35,13300.0,,4.25
1154563000,2024-04,3382.35,13300.0,,4.25
1154564000,2024-04,3382.35,13300.0,,4.25
1154567000,2024-04,4281.25,7500.0,,3.2
1154568000,2024-04,4281.25,7500.0,,3.2
1154569000,2024-04,4281.25,7500.0,,3.2
1154570000,2024-04,4281.25,7500.0,,3.2
1154571000,2024-04,4281.25,7500.0,,3.2
1156051500,2024-04,7048.36,22514.29,,4.71
1156053500,2024-04,1616.67,,,3.0
1156054000,2024-04,8857.14,70000.0,,14.0
1156055000,2024-04,4280.0,,,3.0
1156056000,2024-04,19700.0,15750.0,,5.0
1156058500,2024-04,13020.0,59000.0,,5.0
1156061000,2024-04,24250.0,57000.0,,2.0
1156062000,2024-04,20500.0,35666.67,,3.0
1156063000,2024-04,11560.32,22514.29,,2.71
1156065000,2024-04,11560.32,22514.29,,2.71
1156066000,2024-04,11560.32,22514.29,,2.71
1156067000,2024-04,8457.7,20554.64,,6.46
1156068000,2024-04,11560.32,22514.29,,2.71
1156069000,2024-04,11560.32,22514.29,,2.71
1156070000,2024-04,6212.0,18595.0,,3.75
1156071000,2024-04,6212.0,18595.0,,3.75
1156072000,2024-04,6212.0,18595.0,,3.75
1159051000,2024-04,3890.0,,,5.0
1159052000,2024-04,4737.5,,,4.0
1159053000,2024-04,15789.47,31785.71,,4.75
1159054000,2024-04,19090.91,45500.0,,2.75
1159055000,2024-04,19090.91,45500.0,,2.75
1159056000,2024-04,19090.91,45500.0,,2.75
1159060500,2024-04,1250.0,,,2.0
1159062000,2024-04,5388.89,12000.0,,1.8
1159063000,2024-04,28464.29,60333.33,,2.8
1159064000,2024-04,5388.89,12000.0,,1.8
1159065000,2024-04,5388.89,12000.0,,1.8
1159065100,2024-04,5388.89,12000.0,,1.8
1159066000,2024-04,9750.0,,,2.0
1159067000,2024-04,10527.27,22000.0,,5.5
1159068000,2024-04,10527.27,22000.0,,5.5
1162052500,2024-04,3611.54,12500.0,,2.89
1162054500,2024-04,3611.54,12500.0,,2.89
1162056500,2024-04,3611.54,12500.0,,2.89
1162057500,2024-04,3611.54,12500.0,,2.89
1162058500,2024-04,3611.54,12500.0,,2.89
1162059500,2024-04,3611.54,12500.0,,2.89
1162060500,2024-04,3611.54,12500.0,,2.89
1162061500,2024-04,3611.54,12500.0,,2.89
1162062500,2024-04,3611.54,12500.0,,2.89
1162063000,2024-04,4260.0,,,3.0
1162064500,2024-04,3857.74,14900.0,,2.82
1162065500,2024-04,3857.74,14900.0,,2.82
1162066500,2024-04,3857.74,14900.0,,2.82
1162068500,2024-04,3857.74,14900.0,,2.82
1162069500,2024-04,3857.74,14900.0,,2.82
1162071500,2024-04,3857.74,14900.0,,2.82
1162072500,2024-04,3857.74,14900.0,,2.82
1162073500,2024-04,3857.74,14900.0,,2.82
1162074500,2024-04,3857.74,14900.0,,2.82
1162076500,2024-04,3857.74,14900.0,,2.82
1162077500,2024-04,3857.74,14900.0,,2.82
1165051000,2024-04,15600.0,48250.0,,2.25
1165052000,2024-04,15600.0,48250.0,,2.25
1165053000,2024-04,18210.26,43950.0,,3.25
1165053100,2024-04,15600.0,48250.0,,2.25
1165054000,2024-04,2166.67,,,1.5
1165055000,2024-04,28700.0,63000.0,,2.5
1165056000,2024-04,28700.0,63000.0,,2.5
1165057000,2024-04,28700.0,63000.0,,2.5
1165058000,2024-04,2166.67,,,1.5
1165058100,2024-04,28700.0,63000.0,,2.5
1165059000,2024-04,24083.33,37500.0,,1.0
1165060000,2024-04,24083.33,37500.0,,1.0
1165061000,2024-04,24083.33,37500.0,,1.0
1165062000,2024-04,24083.33,37500.0,,1.0
1165062100,2024-04,24083.33,37500.0,,1.0
1165065100,2024-04,7666.67,30750.0,,4.5
1165065200,2024-04,9571.43,30750.0,,3.5
1168051000,2024-04,29750.0,57500.0,,1.0
1168052100,2024-04,16333.33,42500.0,,6.0
1168053100,2024-04,16333.33,42500.0,,6.0
1168054500,2024-04,29750.0,57500.0,,1.0
1168056500,2024-04,12000.0,,,2.0
1168058000,2024-04,48250.0,95500.0,,2.0
1168059000,2024-04,48250.0,95500.0,,2.0
1168060000,2024-04,3766.36,,,2.2
1168061000,2024-04,3766.36,,,2.2
1168063000,2024-04,3766.36,,,2.2
1168064000,2024-04,6841.88,21335.0,,8.0
1168065000,2024-04,6841.88,21335.0,,8.0
1168065500,2024-04,8875.0,,,2.0
1168065600,2024-04,8875.0,,,2.0
1168066000,2024-04,61468.75,93850.0,,1.6
1168067000,2024-04,45747.33,81321.43,,3.0
1168067500,2024-04,27986.15,81321.43,,5.2
1168069000,2024-04,61468.75,93850.0,,1.6
1168070000,2024-04,21900.0,28000.0,,2.0
1168072000,2024-04,27780.0,50000.0,,1.4
1168073000,2024-04,27780.0,50000.0,,1.4
1168074000,2024-04,27986.15,81321.43,,5.2
1171051000,2024-04,6250.0,,,2.0
1171052000,2024-04,6250.0,,,2.0
1171053100,2024-04,27550.0,52250.0,,1.33
1171053200,2024-04,27550.0,52250.0,,1.33
1171054000,2024-04,8631.25,33000.0,,4.0
1171055000,2024-04,8631.25,33000.0,,4.0
1171056100,2024-04,4675.0,5700.0,,1.33
1171056200,2024-04,4675.0,5700.0,,1.33
1171056600,2024-04,4675.0,5700.0,,1.33
1171057000,2024-04,1726.5,,,2.0
1171058000,2024-04,5860.0,,,2.5
1171059000,2024-04,5860.0,,,2.5
1171060000,2024-04,5500.0,10000.0,,2.0
1171061000,2024-04,7914.73,19250.0,,11.0
1171062000,2024-04,33000.0,33000.0,,0.33
1171063100,2024-04,33000.0,33000.0,,0.33
1171063200,2024-04,33000.0,33000.0,,0.33
1171064100,2024-04,10462.5,18000.0,,2.67
1171064200,2024-04,10281.7,18000.0,,3.33
1171064600,2024-04,10281.7,18000.0,,3.33
1171064700,2024-04,21552.83,52250.0,,2.0
1171065000,2024-04,12992.22,24543.33,,2.25
1171067000,2024-04,12992.22,24543.33,,2.25
1171068000,2024-04,12992.22,24543.33,,2.25
1171072000,2024-04,12992.22,24543.33,,2.25
1174051500,2024-04,6336.6,,,1.25
1174052000,2024-04,4275.0,,,0.25
1174052500,2024-04,4275.0,,,0.25
1174052600,2024-04,4275.0,,,0.25
1174053000,2024-04,833.33,,,1.5
1174054000,2024-04,833.33,,,1.5
1174055000,2024-04,1016.67,,,3.0
1174056000,2024-04,1016.67,,,3.0
1174057000,2024-04,6883.33,13000.0,,2.0
1174058000,2024-04,6883.33,13000.0,,2.0
1174059000,2024-04,6883.33,13000.0,,2.0
1174060000,2024-04,8358.33,31000.0,,4.0
1174061000,2024-04,8358.33,31000.0,,4.0
1174062000,2024-04,8358.33,31000.0,,4.0
1174064000,2024-04,11476.47,20460.0,,5.67
1174065000,2024-04,11476.47,20460.0,,5.67
1174066000,2024-04,11476.47,20460.0,,5.67
1174068500,2024-04,4200.0,10000.0,,8.0
1174069000,2024-04,32275.0,73666.67,,4.0
1174070000,2024-04,32275.0,73666.67,,4.0
1111051500,2024-05,21500.0,21500.0,,1.0
1111053000,2024-05,1000.0,,,1.0
1111056000,2024-05,30000.0,,,1.0
1111060000,2024-05,14500.0,14500.0,,1.0
1111061500,2024-05,1000.0,,,1.0
1111065000,2024-05,350.0,,,2.0
1111067000,2024-05,7000.0,,,0.33
1111068000,2024-05,7000.0,,,0.33
1111069000,2024-05,7000.0,,,0.33
1111070000,2024-05,750.0,,,1.0
1111071000,2024-05,750.0,,,1.0
1114054000,2024-05,10000.0,,,0.5
1114055000,2024-05,10000.0,,,0.5
1114057000,2024-05,1000.0,,,0.5
1114058000,2024-05,1000.0,,,0.5
1114059000,2024-05,14425.0,28350.0,,2.0
1114061000,2024-05,7550.0,9000.0,,0.55
1114061500,2024-05,7550.0,9000.0,,0.55
1114062000,2024-05,7550.0,9000.0,,0.55
1114062500,2024-05,7550.0,9000.0,,0.55
1114063000,2024-05,7550.0,9000.0,,0.55
1114063500,2024-05,7550.0,9000.0,,0.55
1114064000,2024-05,7550.0,9000.0,,0.55
1114064500,2024-05,7550.0,9000.0,,0.55
1114065000,2024-05,7550.0,9000.0,,0.55
1114066000,2024-05,7550.0,9000.0,,0.55
1114066500,2024-05,7550.0,9000.0,,0.55
1114067000,2024-05,2500.0,,,2.0
1117051000,2024-05,11633.33,18900.0,,3.0
1117052000,2024-05,2500.0,4000.0,,2.0
1117053000,2024-05,0.0,,,1.0
1117055500,2024-05,1000.0,,,4.0
1117056000,2024-05,58020.0,78000.0,,3.0
1117057000,2024-05,26812.5,36750.0,,4.0
1117062500,2024-05,20000.0,,,2.0
1117063000,2024-05,19000.0,32500.0,,2.5
1117064000,2024-05,19000.0,32500.0,,2.5
1117065000,2024-05,20100.0,98000.0,,2.5
1117066000,2024-05,20100.0,98000.0,,2.5
1117068500,2024-05,37533.33,,,6.0
1117069000,2024-05,230333.33,230333.33,,3.0
1120052000,2024-05,46500.0,92000.0,,1.0
1120053500,2024-05,63250.0,84000.0,,2.0
1120054000,2024-05,1000.0,,,1.0
1120055000,2024-05,18000.0,,,2.0
1120056000,2024-05,18000.0,,,2.0
1120057000,2024-05,18000.0,,,2.0
1120061500,2024-05,30000.0,72000.0,,3.0
1120064500,2024-05,7000.0,,,3.0
1120065000,2024-05,27142.86,37600.0,,3.5
1120066000,2024-05,27142.86,37600.0,,3.5
1120067000,2024-05,8980.0,19900.0,,2.5
1120069000,2024-05,8980.0,19900.0,,2.5
1121571000,2024-05,3388.89,15000.0,,9.0
1121573000,2024-05,4333.33,,,3.0
1121574000,2024-05,3332.78,5745.0,,4.5
1121575000,2024-05,3332.78,5745.0,,4.5
1121576000,2024-05,3332.78,5745.0,,4.5
1121577000,2024-05,3332.78,5745.0,,4.5
1121578000,2024-05,3450.0,,,4.0
1121581000,2024-05,3200.0,3200.0,,1.0
1121582000,2024-05,6028.57,29500.0,,1.75
1121583000,2024-05,6028.57,29500.0,,1.75
1121584000,2024-05,6028.57,29500.0,,1.75
1121584700,2024-05,6028.57,29500.0,,1.75
1121585000,2024-05,8115.38,31150.0,,4.33
1121586000,2024-05,8115.38,31150.0,,4.33
1121587000,2024-05,8115.38,31150.0,,4.33
1123053600,2024-05,15288.0,43864.0,,6.0
1123054500,2024-05,500.0,,,1.0
1123056000,2024-05,21000.0,22000.0,,0.67
1123057000,2024-05,21000.0,22000.0,,0.67
1123060000,2024-05,11330.77,20800.0,,2.17
1123061000,2024-05,7033.33,20000.0,,1.5
1123065000,2024-05,5030.0,29000.0,,5.0
1123066000,2024-05,5030.0,29000.0,,5.0
1123070500,2024-05,4250.0,,,2.0
1123071000,2024-05,1000.0,,,2.0
1123072000,2024-05,3600.0,,,2.5
1123073000,2024-05,3600.0,,,2.5
1123074000,2024-05,3000.0,,,1.0
1123075000,2024-05,3000.0,,,1.0
1126052000,2024-05,6091.67,16700.0,,2.0
1126054000,2024-05,6091.67,16700.0,,2.0
1126055000,2024-05,6091.67,16700.0,,2.0
1126056500,2024-05,6091.67,16700.0,,2.0
1126057000,2024-05,6091.67,16700.0,,2.0
1126057500,2024-05,6091.67,16700.0,,2.0
1126058000,2024-05,2289.38,,,4.0
1126059000,2024-05,2289.38,,,4.0
1126060000,2024-05,450.0,,,2.0
1126061000,2024-05,450.0,,,2.0
1126062000,2024-05,10600.0,20200.0,,2.0
1126063000,2024-05,10600.0,20200.0,,2.0
1126065500,2024-05,10750.0,17500.0,,2.0
1126066000,2024-05,10750.0,17500.0,,2.0
1126068000,2024-05,21500.0,42000.0,,1.0
1126069000,2024-05,21500.0,42000.0,,1.0
1129052500,2024-05,30000.0,30000.0,,1.0
1129055500,2024-05,12785.71,59500.0,,1.17
1129057500,2024-05,59500.0,59500.0,,0.17
1129058000,2024-05,59500.0,59500.0,,0.17
1129059000,2024-05,59500.0,59500.0,,0.17
1129060000,2024-05,14700.0,14700.0,,1.0
1129062000,2024-05,11711.47,31708.33,,3.17
1129063000,2024-05,10675.23,28562.5,,2.17
1129064000,2024-05,6606.5,18250.0,,2.0
1129065000,2024-05,6606.5,18250.0,,2.0
1129066000,2024-05,13956.67,38000.0,,1.0
1129068500,2024-05,12592.5,23250.0,,1.33
1129070500,2024-05,1266.67,,,3.0
1129071500,2024-05,8500.0,8500.0,,0.33
1129072500,2024-05,11875.0,11875.0,,1.33
1129076000,2024-05,15333.33,22500.0,,1.0
1129077000,2024-05,15333.33,22500.0,,1.0
1129078000,2024-05,15333.33,22500.0,,1.0
1129081000,2024-05,500.0,,,1.0
1130553400,2024-05,14608.33,27550.0,,1.2
1130553500,2024-05,14608.33,27550.0,,1.2
1130554500,2024-05,14608.33,27550.0,,1.2
1130555500,2024-05,14608.33,27550.0,,1.2
1130557500,2024-05,14608.33,27550.0,,1.2
1130559000,2024-05,1733.33,,,0.5
1130559500,2024-05,1733.33,,,0.5
1130560000,2024-05,1733.33,,,0.5
1130560300,2024-05,1733.33,,,0.5
1130560600,2024-05,1733.33,,,0.5
1130560800,2024-05,1733.33,,,0.5
1130561000,2024-05,4027.6,11850.0,,1.25
1130561500,2024-05,4027.6,11850.0,,1.25
1130562000,2024-05,4027.6,11850.0,,1.25
1130562500,2024-05,4027.6,11850.0,,1.25
1130563000,2024-05,4027.6,11850.0,,1.25
1130563500,2024-05,4027.6,11850.0,,1.25
1130564500,2024-05,2904.22,11850.0,,2.25
1130566000,2024-05,4027.6,11850.0,,1.25
1132051100,2024-05,7111.11,,,1.8
1132051200,2024-05,7111.11,,,1.8
1132051300,2024-05,7111.11,,,1.8
1132051400,2024-05,7111.11,,,1.8
1132051500,2024-05,7111.11,,,1.8
1132052100,2024-05,8866.67,24500.0,,3.0
1132052200,2024-05,8866.67,24500.0,,3.0
1132066000,2024-05,7566.67,18700.0,,0.75
1132067000,2024-05,7566.67,18700.0,,0.75
1132068000,2024-05,7566.67,18700.0,,0.75
1132068100,2024-05,7566.67,18700.0,,0.75
1132069000,2024-05,1083.33,,,2.0
1132070000,2024-05,1083.33,,,2.0
1132071000,2024-05,1083.33,,,2.0
1135056000,2024-05,500.0,,,0.33
1135057000,2024-05,500.0,,,0.33
1135058000,2024-05,500.0,,,0.33
1135059500,2024-05,13000.0,,,1.0
1135060000,2024-05,13000.0,,,1.0
1135061900,2024-05,1333.33,,,0.75
1135062100,2024-05,1333.33,,,0.75
1135062400,2024-05,7493.01,14859.6,,1.97
1135062500,2024-05,1333.33,,,0.75
1135063000,2024-05,11272.82,14859.6,,1.22
1135064000,2024-05,11272.82,14859.6,,1.22
1135066500,2024-05,11272.82,14859.6,,1.22
1135067000,2024-05,11272.82,14859.6,,1.22
1135069500,2024-05,11272.82,14859.6,,1.22
1135070000,2024-05,11272.82,14859.6,,1.22
1135071000,2024-05,11272.82,14859.6,,1.22
1135072000,2024-05,11272.82,14859.6,,1.22
1138051000,2024-05,4100.0,8000.0,,3.0
1138052000,2024-05,12150.0,23375.0,,2.5
1138053000,2024-05,12150.0,23375.0,,2.5
1138055100,2024-05,9758.33,24250.0,,3.0
1138055200,2024-05,9758.33,24250.0,,3.0
1138058000,2024-05,10745.45,15050.0,,3.67
1138059000,2024-05,10745.45,15050.0,,3.67
1138060000,2024-05,10745.45,15050.0,,3.67
1138062500,2024-05,9118.89,20590.0,,9.0
1138063100,2024-05,1850.0,,,2.0
1138063200,2024-05,1850.0,,,2.0
1138064000,2024-05,22800.0,61000.0,,5.0
1138069000,2024-05,5250.0,,,2.0
1141052000,2024-05,40000.0,40000.0,,1.0
1141055500,2024-05,650.0,,,1.0
1141056500,2024-05,1762.5,,,4.0
1141058500,2024-05,11750.0,23000.0,,2.0
1141061500,2024-05,3380.0,15000.0,,6.0
1141062000,2024-05,15040.0,29000.0,,1.67
1141064000,2024-05,15040.0,29000.0,,1.67
1141065500,2024-05,15040.0,29000.0,,1.67
1141066000,2024-05,14800.0,26750.0,,2.5
1141068500,2024-05,14800.0,26750.0,,2.5
1141069000,2024-05,21725.0,42200.0,,2.0
1141070000,2024-05,21725.0,42200.0,,2.0
1141071000,2024-05,22252.25,14000.0,,2.0
1141072000,2024-05,22252.25,14000.0,,2.0
1144055500,2024-05,26000.0,70000.0,,1.5
1144056500,2024-05,9657.78,70000.0,,4.5
1144058500,2024-05,3000.0,,,1.0
1144059000,2024-05,10981.25,58850.0,,2.67
1144060000,2024-05,15548.0,44712.5,,4.17
1144061000,2024-05,24000.0,70000.0,,1.0
1144063000,2024-05,17259.09,44712.5,,3.67
1144065500,2024-05,10428.57,,,7.0
1144066000,2024-05,8691.76,22250.0,,8.5
1144068000,2024-05,7333.33,,,3.0
1144069000,2024-05,1800.0,,,2.5
1144070000,2024-05,1800.0,,,2.5
1144071000,2024-05,3350.83,9000.0,,6.0
1144072000,2024-05,10833.33,30000.0,,3.0
1144073000,2024-05,10833.33,30000.0,,3.0
1147051000,2024-05,33300.0,47500.0,,1.0
1147052000,2024-05,33300.0,47500.0,,1.0
1147053000,2024-05,33300.0,47500.0,,1.0
1147054000,2024-05,33300.0,47500.0,,1.0
1147055000,2024-05,33300.0,47500.0,,1.0
1147056000,2024-05,8164.5,12000.0,,0.57
1147057000,2024-05,8164.5,12000.0,,0.57
1147058000,2024-05,8164.5,12000.0,,0.57
1147059000,2024-05,8164.5,12000.0,,0.57
1147060000,2024-05,8164.5,12000.0,,0.57
1147061000,2024-05,8164.5,12000.0,,0.57
1147061100,2024-05,8164.5,12000.0,,0.57
1147062000,2024-05,9156.78,32400.0,,1.5
1147063000,2024-05,9156.78,32400.0,,1.5
1147064000,2024-05,9156.78,32400.0,,1.5
1147065000,2024-05,9156.78,32400.0,,1.5
1147067000,2024-05,9156.78,32400.0,,1.5
1147068000,2024-05,9156.78,32400.0,,1.5
1150051000,2024-05,10500.0,20000.0,,0.5
1150052000,2024-05,7256.25,12762.5,,1.0
1150053000,2024-05,7256.25,12762.5,,1.0
1150053500,2024-05,7256.25,12762.5,,1.0
1150054000,2024-05,6077.78,16875.0,,2.25
1150055000,2024-05,6077.78,16875.0,,2.25
1150056000,2024-05,6077.78,16875.0,,2.25
1150057000,2024-05,6077.78,16875.0,,2.25
1150059000,2024-05,6077.78,16875.0,,2.25
1150059100,2024-05,6077.78,16875.0,,2.25
1150059300,2024-05,6077.78,16875.0,,2.25
1150060300,2024-05,12382.16,22534.28,,4.1
1150060400,2024-05,10500.0,20000.0,,0.5
1150060500,2024-05,10500.0,20000.0,,0.5
1150061100,2024-05,13634.66,27133.83,,4.1
1150061500,2024-05,8351.07,16875.0,,3.75
1150062000,2024-05,13652.71,25035.65,,4.1
1150063000,2024-05,13652.71,25035.65,,4.1
1150064000,2024-05,7715.5,,,1.0
1150064100,2024-05,12771.14,27133.83,,3.6
1153051000,2024-05,40000.0,,,1.0
1153052000,2024-05,7275.0,29525.0,,4.4
1153053000,2024-05,7275.0,29525.0,,4.4
1153054000,2024-05,7275.0,29525.0,,4.4
1153055000,2024-05,7275.0,29525.0,,4.4
1153056000,2024-05,7275.0,29525.0,,4.4
1153072000,2024-05,5391.6,,,2.5
1153073000,2024-05,5391.6,,,2.5
1153074000,2024-05,17114.69,27666.67,,4.33
1153075000,2024-05,17114.69,27666.67,,4.33
1153076000,2024-05,17114.69,27666.67,,4.33
1153077000,2024-05,2250.0,,,1.0
1153078000,2024-05,7634.5,,,2.0
1153079000,2024-05,15063.0,18815.5,,3.0
1154561000,2024-05,7352.38,25950.0,,5.25
1154562000,2024-05,7352.38,25950.0,,5.25
1154563000,2024-05,7352.38,25950.0,,5.25
1154564000,2024-05,7352.38,25950.0,,5.25
1154567000,2024-05,3616.67,9366.67,,3.0
1154568000,2024-05,3616.67,9366.67,,3.0
1154569000,2024-05,3616.67,9366.67,,3.0
1154570000,2024-05,3616.67,9366.67,,3.0
1154571000,2024-05,3616.67,9366.67,,3.0
1156051500,2024-05,11552.94,21057.14,,2.43
1156053500,2024-05,7083.33,27500.0,,6.0
1156054000,2024-05,26250.0,56750.0,,7.0
1156055000,2024-05,19766.67,17800.0,,3.0
1156056000,2024-05,16000.0,,,2.0
1156058500,2024-05,7969.4,12750.0,,5.0
1156060500,2024-05,72000.0,72000.0,,1.0
1156061000,2024-05,18397.67,45686.0,,3.0
1156062000,2024-05,39593.0,45686.0,,1.0
1156063000,2024-05,11552.94,21057.14,,2.43
1156065000,2024-05,11552.94,21057.14,,2.43
1156066000,2024-05,11552.94,21057.14,,2.43
1156067000,2024-05,7332.82,15288.1,,4.68
1156068000,2024-05,11552.94,21057.14,,2.43
1156069000,2024-05,11552.94,21057.14,,2.43
1156070000,2024-05,2777.78,3750.0,,2.25
1156071000,2024-05,2777.78,3750.0,,2.25
1156072000,2024-05,2777.78,3750.0,,2.25
1159051000,2024-05,7800.0,11333.33,,2.5
1159052000,2024-05,5666.67,12000.0,,1.5
1159053000,2024-05,4854.12,10700.0,,4.25
1159054000,2024-05,5732.31,10700.0,,3.25
1159055000,2024-05,5732.31,10700.0,,3.25
1159056000,2024-05,5732.31,10700.0,,3.25
1159060500,2024-05,1350.0,,,2.0
1159062000,2024-05,7314.29,13666.67,,2.8
1159063000,2024-05,7314.29,13666.67,,2.8
1159064000,2024-05,7314.29,13666.67,,2.8
1159065000,2024-05,7314.29,13666.67,,2.8
1159065100,2024-05,7314.29,13666.67,,2.8
1159066000,2024-05,11666.67,,,3.0
1159067000,2024-05,4350.0,,,2.0
1159068000,2024-05,4350.0,,,2.0
1162052500,2024-05,6659.09,20570.0,,3.67
1162054500,2024-05,6659.09,20570.0,,3.67
1162056500,2024-05,6659.09,20570.0,,3.67
1162057500,2024-05,6659.09,20570.0,,3.67
1162058500,2024-05,6659.09,20570.0,,3.67
1162059500,2024-05,6659.09,20570.0,,3.67
1162060500,2024-05,6659.09,20570.0,,3.67
1162061500,2024-05,6659.09,20570.0,,3.67
1162062500,2024-05,6659.09,20570.0,,3.67
1162063000,2024-05,1500.0,,,4.0
1162064500,2024-05,3741.43,17875.0,,3.18
1162065500,2024-05,3741.43,17875.0,,3.18
1162066500,2024-05,3741.43,17875.0,,3.18
1162068500,2024-05,3741.43,17875.0,,3.18
1162069500,2024-05,3741.43,17875.0,,3.18
1162071500,2024-05,3741.43,17875.0,,3.18
1162072500,2024-05,3741.43,17875.0,,3.18
1162073500,2024-05,3741.43,17875.0,,3.18
1162074500,2024-05,3741.43,17875.0,,3.18
1162076500,2024-05,3741.43,17875.0,,3.18
1162077500,2024-05,3741.43,17875.0,,3.18
1165051000,2024-05,5320.0,28000.0,,4.25
1165052000,2024-05,5320.0,28000.0,,4.25
1165053000,2024-05,7642.32,28444.44,,5.75
1165053100,2024-05,5320.0,28000.0,,4.25
1165054000,2024-05,85000.0,85000.0,,0.5
1165055000,2024-05,51006.67,115000.0,,2.25
1165056000,2024-05,51006.67,115000.0,,2.25
1165057000,2024-05,51006.67,115000.0,,2.25
1165058000,2024-05,85000.0,85000.0,,0.5
1165058100,2024-05,51006.67,115000.0,,2.25
1165059000,2024-05,14222.22,28666.67,,1.5
1165060000,2024-05,14222.22,28666.67,,1.5
1165061000,2024-05,14222.22,28666.67,,1.5
1165062000,2024-05,14222.22,28666.67,,1.5
1165062100,2024-05,14222.22,28666.67,,1.5
1165065100,2024-05,6980.0,17650.0,,5.0
1165065200,2024-05,6980.0,17650.0,,5.0
1165066000,2024-05,21520.0,37622.0,,2.0
1168051000,2024-05,60150.0,120000.0,,1.0
1168052100,2024-05,8730.77,35750.0,,6.5
1168053100,2024-05,8730.77,35750.0,,6.5
1168054500,2024-05,60150.0,120000.0,,1.0
1168056500,2024-05,40250.0,59000.0,,4.0
1168058000,2024-05,8000.0,,,3.0
1168059000,2024-05,8000.0,,,3.0
1168060000,2024-05,7580.0,18000.0,,2.0
1168061000,2024-05,7580.0,18000.0,,2.0
1168063000,2024-05,7580.0,18000.0,,2.0
1168064000,2024-05,11783.89,25000.0,,9.0
1168065000,2024-05,11783.89,25000.0,,9.0
1168065500,2024-05,100000.0,,,0.5
1168065600,2024-05,100000.0,,,0.5
1168066000,2024-05,5796.0,,,1.0
1168067000,2024-05,31013.33,113500.0,,1.8
1168067500,2024-05,18680.0,81666.67,,3.8
1168069000,2024-05,5796.0,,,1.0
1168070000,2024-05,7812.3,14046.0,,10.0
1168072000,2024-05,45907.06,113500.0,,1.13
1168073000,2024-05,45907.06,113500.0,,1.13
1168074000,2024-05,18680.0,81666.67,,3.8
1168075000,2024-05,6000.0,,,0.33
1171051000,2024-05,11155.86,25950.0,,3.5
1171052000,2024-05,11155.86,25950.0,,3.5
1171053100,2024-05,46325.0,61666.67,,1.33
1171053200,2024-05,46325.0,61666.67,,1.33
1171054000,2024-05,3475.0,,,2.0
1171055000,2024-05,3475.0,,,2.0
1171056100,2024-05,5188.57,,,2.33
1171056200,2024-05,5188.57,,,2.33
1171056600,2024-05,5188.57,,,2.33
1171057000,2024-05,8588.75,9000.0,,4.0
1171058000,2024-05,9166.67,22000.0,,3.0
1171059000,2024-05,9166.67,22000.0,,3.0
1171060000,2024-05,3714.29,,,7.0
1171061000,2024-05,15233.33,31950.0,,9.0
1171062000,2024-05,13972.67,29000.0,,2.0
1171063100,2024-05,13972.67,29000.0,,2.0
1171063200,2024-05,13972.67,29000.0,,2.0
1171064100,2024-05,18812.5,,,1.33
1171064200,2024-05,27378.0,16018.0,,2.0
1171064600,2024-05,27378.0,16018.0,,2.0
1171064700,2024-05,45719.67,50254.5,,2.0
1171065000,2024-05,10722.73,26400.0,,2.75
1171067000,2024-05,10722.73,26400.0,,2.75
1171068000,2024-05,10722.73,26400.0,,2.75
1171069000,2024-05,33000.0,33000.0,,0.5
1171071000,2024-05,33000.0,33000.0,,0.5
1171072000,2024-05,10722.73,26400.0,,2.75
1174051500,2024-05,22515.82,61666.67,,2.75
1174052000,2024-05,33095.71,61666.67,,1.75
1174052500,2024-05,33095.71,61666.67,,1.75
1174052600,2024-05,33095.71,61666.67,,1.75
1174053000,2024-05,1000.0,,,0.5
1174054000,2024-05,1000.0,,,0.5
1174055000,2024-05,28000.0,55000.0,,1.0
1174056000,2024-05,28000.0,55000.0,,1.0
1174057000,2024-05,6392.29,15800.0,,2.33
1174058000,2024-05,6392.29,15800.0,,2.33
1174059000,2024-05,6392.29,15800.0,,2.33
1174060000,2024-05,3360.05,4225.0,,7.0
1174061000,2024-05,3360.05,4225.0,,7.0
1174062000,2024-05,3360.05,4225.0,,7.0
1174064000,2024-05,2614.29,,,2.33
1174065000,2024-05,2614.29,,,2.33
1174066000,2024-05,2614.29,,,2.33
1174068500,2024-05,8704.73,28000.0,,11.0
1174069000,2024-05,33600.0,52125.0,,7.5
1174070000,2024-05,33600.0,52125.0,,7.5
1111053000,2024-06,2000.0,,,1.0
1111058000,2024-06,35000.0,,,1.0
1111060000,2024-06,2000.0,,,1.0
1111063000,2024-06,500.0,,,1.0
1111065000,2024-06,3957.14,23000.0,,7.0
1111067000,2024-06,733.33,,,1.0
1111068000,2024-06,733.33,,,1.0
1111069000,2024-06,733.33,,,1.0
1111070000,2024-06,1000.0,,,0.5
1111071000,2024-06,1000.0,,,0.5
1114052000,2024-06,35000.0,35000.0,,1.0
1114057000,2024-06,1000.0,,,0.5
1114058000,2024-06,1000.0,,,0.5
1114059000,2024-06,1000.0,,,1.0
1114061000,2024-06,23113.68,32858.46,,0.86
1114061500,2024-06,23113.68,32858.46,,0.86
1114062000,2024-06,17000.0,62000.0,,0.36
1114062500,2024-06,17000.0,62000.0,,0.36
1114063000,2024-06,17000.0,62000.0,,0.36
1114063500,2024-06,17000.0,62000.0,,0.36
1114064000,2024-06,17000.0,62000.0,,0.36
1114064500,2024-06,17000.0,62000.0,,0.36
1114065000,2024-06,17000.0,62000.0,,0.36
1114066000,2024-06,17000.0,62000.0,,0.36
1114066500,2024-06,17000.0,62000.0,,0.36
1114067000,2024-06,19200.0,38500.0,,5.0
1117051000,2024-06,500.0,,,1.0
1117052000,2024-06,500.0,,,1.0
1117053000,2024-06,500.0,,,2.0
1117055500,2024-06,17000.0,33000.0,,4.0
1117056000,2024-06,25000.0,47500.0,,4.0
1117058000,2024-06,12000.0,12000.0,,1.0
1117059000,2024-06,2000.0,,,2.0
1117063000,2024-06,10000.0,,,1.0
1117064000,2024-06,10000.0,,,1.0
1117065000,2024-06,13285.71,80000.0,,3.5
1117066000,2024-06,13285.71,80000.0,,3.5
1117068500,2024-06,16500.0,,,2.0
1117070000,2024-06,14250.0,50000.0,,4.0
1120052000,2024-06,24333.33,70000.0,,1.5
1120053500,2024-06,15400.0,70000.0,,2.5
1120054000,2024-06,15000.0,,,1.0
1120055000,2024-06,23833.33,68500.0,,2.0
1120056000,2024-06,46666.67,68500.0,,1.0
1120057000,2024-06,46666.67,68500.0,,1.0
1120058000,2024-06,20000.0,,,1.0
1120059000,2024-06,37500.0,72000.0,,2.0
1120061500,2024-06,7000.0,,,3.0
1120062000,2024-06,3000.0,,,1.0
1120064500,2024-06,53666.67,100000.0,,6.0
1120065000,2024-06,40000.0,,,0.5
1120066000,2024-06,40000.0,,,0.5
1120067000,2024-06,4722.5,7445.0,,2.0
1120069000,2024-06,4722.5,7445.0,,2.0
1120072000,2024-06,13000.0,,,0.5
1120079000,2024-06,4457.14,,,3.5
1121571000,2024-06,1066.67,,,15.0
1121573000,2024-06,760.0,,,5.0
1121574000,2024-06,9085.71,16250.0,,1.75
1121575000,2024-06,9085.71,16250.0,,1.75
1121576000,2024-06,9085.71,16250.0,,1.75
1121577000,2024-06,9085.71,16250.0,,1.75
1121578000,2024-06,7375.0,,,4.0
1121581000,2024-06,1066.67,,,3.0
1121582000,2024-06,10144.44,19500.0,,2.25
1121583000,2024-06,10144.44,19500.0,,2.25
1121584000,2024-06,10144.44,19500.0,,2.25
1121584700,2024-06,10144.44,19500.0,,2.25
1121585000,2024-06,8818.18,28000.0,,3.67
1121586000,2024-06,8818.18,28000.0,,3.67
1121587000,2024-06,8818.18,28000.0,,3.67
1123053600,2024-06,10750.0,,,4.0
1123054500,2024-06,4460.0,15000.0,,5.0
1123056000,2024-06,12700.0,18833.33,,1.67
1123057000,2024-06,12700.0,18833.33,,1.67
1123060000,2024-06,15460.0,19888.89,,4.17
1123061000,2024-06,17300.0,22000.0,,2.5
1123065000,2024-06,5500.0,6500.0,,2.0
1123066000,2024-06,5500.0,6500.0,,2.0
1123070500,2024-06,1500.0,,,1.0
1123071000,2024-06,4983.33,28000.0,,6.0
1123072000,2024-06,625.0,,,2.0
1123073000,2024-06,625.0,,,2.0
1123074000,2024-06,16662.5,40000.0,,4.0
1123075000,2024-06,16662.5,40000.0,,4.0
1126052000,2024-06,2741.18,5500.0,,2.83
1126054000,2024-06,2741.18,5500.0,,2.83
1126055000,2024-06,2741.18,5500.0,,2.83
1126056500,2024-06,2741.18,5500.0,,2.83
1126057000,2024-06,2741.18,5500.0,,2.83
1126057500,2024-06,2741.18,5500.0,,2.83
1126058000,2024-06,2320.0,,,2.5
1126059000,2024-06,2320.0,,,2.5
1126060000,2024-06,13500.0,20000.0,,1.5
1126061000,2024-06,13500.0,20000.0,,1.5
1126062000,2024-06,11425.0,22350.0,,2.0
1126063000,2024-06,11425.0,22350.0,,2.0
1126065500,2024-06,1000.0,2000.0,,1.0
1126066000,2024-06,1000.0,2000.0,,1.0
1129052500,2024-06,550.0,,,2.0
1129055500,2024-06,1173.68,7300.0,,3.17
1129057500,2024-06,6100.0,10471.43,,2.17
1129058000,2024-06,7300.0,7300.0,,0.17
1129059000,2024-06,7300.0,7300.0,,0.17
1129060000,2024-06,500.0,,,1.0
1129061000,2024-06,2333.33,,,3.0
1129062000,2024-06,24166.74,40798.75,,3.58
1129063000,2024-06,8224.78,17646.25,,1.92
1129064000,2024-06,8312.86,21095.0,,1.75
1129065000,2024-06,8312.86,21095.0,,1.75
1129066000,2024-06,42500.0,52375.0,,1.67
1129068500,2024-06,24622.22,43300.0,,3.0
1129070500,2024-06,300.0,,,1.0
1129071500,2024-06,2275.0,7000.0,,1.33
1129072500,2024-06,1514.29,7000.0,,2.33
1129076000,2024-06,15700.0,15700.0,,0.33
1129077000,2024-06,15700.0,15700.0,,0.33
1129078000,2024-06,15700.0,15700.0,,0.33
1129081000,2024-06,15000.0,29500.0,,2.0
1130553400,2024-06,5707.14,25000.0,,1.4
1130553500,2024-06,5707.14,25000.0,,1.4
1130554500,2024-06,5707.14,25000.0,,1.4
1130555500,2024-06,5707.14,25000.0,,1.4
1130557500,2024-06,5707.14,25000.0,,1.4
1130559000,2024-06,1900.0,6500.0,,0.83
1130559500,2024-06,1900.0,6500.0,,0.83
1130560000,2024-06,1900.0,6500.0,,0.83
1130560300,2024-06,1900.0,6500.0,,0.83
1130560600,2024-06,1900.0,6500.0,,0.83
1130560800,2024-06,1900.0,6500.0,,0.83
1130561000,2024-06,1600.0,8200.0,,1.25
1130561500,2024-06,1600.0,8200.0,,1.25
1130562000,2024-06,1600.0,8200.0,,1.25
1130562500,2024-06,1600.0,8200.0,,1.25
1130563000,2024-06,1600.0,8200.0,,1.25
1130563500,2024-06,1600.0,8200.0,,1.25
1130564500,2024-06,4000.0,8200.0,,2.25
1130566000,2024-06,1600.0,8200.0,,1.25
1132051100,2024-06,3350.0,18000.0,,1.6
1132051200,2024-06,3350.0,18000.0,,1.6
1132051300,2024-06,3350.0,18000.0,,1.6
1132051400,2024-06,3350.0,18000.0,,1.6
1132051500,2024-06,3350.0,18000.0,,1.6
1132052100,2024-06,11000.0,20500.0,,2.0
1132052200,2024-06,11000.0,20500.0,,2.0
1132066000,2024-06,8978.67,18750.0,,1.5
1132067000,2024-06,8978.67,18750.0,,1.5
1132068000,2024-06,8978.67,18750.0,,1.5
1132068100,2024-06,8978.67,18750.0,,1.5
1132069000,2024-06,13600.0,27000.0,,0.67
1132070000,2024-06,13600.0,27000.0,,0.67
1132071000,2024-06,13600.0,27000.0,,0.67
1135056000,2024-06,21000.0,21000.0,,0.33
1135057000,2024-06,21000.0,21000.0,,0.33
1135058000,2024-06,21000.0,21000.0,,0.33
1135059500,2024-06,5325.78,30500.0,,4.5
1135060000,2024-06,5325.78,30500.0,,4.5
1135061900,2024-06,8833.33,25000.0,,0.75
1135062100,2024-06,8833.33,25000.0,,0.75
1135062400,2024-06,8850.03,26333.33,,1.86
1135062500,2024-06,8833.33,25000.0,,0.75
1135063000,2024-06,8861.3,27333.33,,1.11
1135064000,2024-06,8861.3,27333.33,,1.11
1135066500,2024-06,8861.3,27333.33,,1.11
1135067000,2024-06,8861.3,27333.33,,1.11
1135069500,2024-06,8861.3,27333.33,,1.11
1135070000,2024-06,8861.3,27333.33,,1.11
1135071000,2024-06,8861.3,27333.33,,1.11
1135072000,2024-06,8861.3,27333.33,,1.11
1138051000,2024-06,12625.0,,,4.0
1138052000,2024-06,13975.0,21500.0,,2.0
1138053000,2024-06,13975.0,21500.0,,2.0
1138055100,2024-06,1000.0,,,0.5
1138055200,2024-06,1000.0,,,0.5
1138056000,2024-06,5000.0,,,1.0
1138057000,2024-06,833.33,,,6.0
1138058000,2024-06,14520.0,15600.0,,1.67
1138059000,2024-06,14520.0,15600.0,,1.67
1138060000,2024-06,14520.0,15600.0,,1.67
1138062500,2024-06,14250.0,28000.0,,2.0
1138063100,2024-06,1440.0,,,2.5
1138063200,2024-06,1440.0,,,2.5
1138064000,2024-06,27125.0,51916.67,,6.0
1138069000,2024-06,31957.33,90000.0,,3.0
1141055500,2024-06,14900.0,68000.0,,2.5
1141056500,2024-06,24666.67,48000.0,,3.0
1141058500,2024-06,3788.89,14000.0,,4.5
1141061500,2024-06,12500.0,27750.0,,6.0
1141066000,2024-06,18833.33,55000.0,,1.5
1141068500,2024-06,18833.33,55000.0,,1.5
1141069000,2024-06,10000.0,,,0.5
1141070000,2024-06,10000.0,,,0.5
1141071000,2024-06,1420.0,,,2.5
1141072000,2024-06,1420.0,,,2.5
1144055500,2024-06,25150.64,30328.5,,3.67
1144056500,2024-06,28875.0,60000.0,,5.33
1144058500,2024-06,16500.0,60000.0,,1.33
1144059000,2024-06,30881.81,53698.62,,5.33
1144060000,2024-06,19229.65,29980.57,,2.83
1144061000,2024-06,30328.5,30328.5,,0.67
1144063000,2024-06,35613.0,43466.0,,1.33
1144065500,2024-06,6000.0,,,4.0
1144066000,2024-06,9066.09,12000.0,,11.5
1144068000,2024-06,2500.0,,,2.0
1144069000,2024-06,12500.0,21000.0,,2.0
1144070000,2024-06,12500.0,21000.0,,2.0
1144071000,2024-06,600.0,,,2.0
1144072000,2024-06,6511.11,,,4.5
1144073000,2024-06,6511.11,,,4.5
1144074000,2024-06,11000.0,,,4.0
1147051000,2024-06,20173.33,36200.0,,1.8
1147052000,2024-06,20173.33,36200.0,,1.8
1147053000,2024-06,20173.33,36200.0,,1.8
1147054000,2024-06,20173.33,36200.0,,1.8
1147055000,2024-06,20173.33,36200.0,,1.8
1147056000,2024-06,14075.0,18666.67,,0.57
1147057000,2024-06,14075.0,18666.67,,0.57
1147058000,2024-06,14075.0,18666.67,,0.57
1147059000,2024-06,14075.0,18666.67,,0.57
1147060000,2024-06,14075.0,18666.67,,0.57
1147061000,2024-06,14075.0,18666.67,,0.57
1147061100,2024-06,14075.0,18666.67,,0.57
1147062000,2024-06,33537.5,65000.0,,1.33
1147063000,2024-06,33537.5,65000.0,,1.33
1147064000,2024-06,33537.5,65000.0,,1.33
1147065000,2024-06,33537.5,65000.0,,1.33
1147067000,2024-06,33537.5,65000.0,,1.33
1147068000,2024-06,33537.5,65000.0,,1.33
1150051000,2024-06,21750.0,28666.67,,1.0
1150052000,2024-06,8975.0,22558.33,,2.25
1150053000,2024-06,8975.0,22558.33,,2.25
1150053500,2024-06,8975.0,22558.33,,2.25
1150054000,2024-06,3742.94,12143.33,,2.12
1150055000,2024-06,3742.94,12143.33,,2.12
1150056000,2024-06,3742.94,12143.33,,2.12
1150057000,2024-06,3742.94,12143.33,,2.12
1150059000,2024-06,3742.94,12143.33,,2.12
1150059100,2024-06,3742.94,12143.33,,2.12
1150059300,2024-06,3742.94,12143.33,,2.12
1150060300,2024-06,9448.54,25357.29,,3.95
1150060400,2024-06,20500.0,40000.0,,0.5
1150060500,2024-06,21750.0,28666.67,,1.0
1150061100,2024-06,4634.12,17550.0,,1.7
1150061500,2024-06,3410.95,12143.33,,2.62
1150062000,2024-06,14235.92,31326.32,,2.45
1150063000,2024-06,14235.92,31326.32,,2.45
1150064000,2024-06,10666.67,25000.0,,0.75
1150064100,2024-06,7629.74,21688.89,,1.95
1153051000,2024-06,16666.67,46000.0,,3.0
1153052000,2024-06,5040.0,31500.0,,3.0
1153053000,2024-06,5040.0,31500.0,,3.0
1153054000,2024-06,5040.0,31500.0,,3.0
1153055000,2024-06,5040.0,31500.0,,3.0
1153056000,2024-06,5040.0,31500.0,,3.0
1153059500,2024-06,3928.57,12500.0,,7.0
1153072000,2024-06,5875.0,11000.0,,2.0
1153073000,2024-06,5875.0,11000.0,,2.0
1153074000,2024-06,20885.25,,,1.33
1153075000,2024-06,20885.25,,,1.33
1153076000,2024-06,20885.25,,,1.33
1153077000,2024-06,2125.0,6500.0,,2.0
1153078000,2024-06,2125.0,6500.0,,2.0
1153079000,2024-06,1500.0,,,1.0
1154551000,2024-06,9500.0,12600.0,,4.0
1154561000,2024-06,8745.45,30166.67,,2.75
1154562000,2024-06,8745.45,30166.67,,2.75
1154563000,2024-06,8745.45,30166.67,,2.75
1154564000,2024-06,8745.45,30166.67,,2.75
1154567000,2024-06,3078.57,15500.0,,2.8
1154568000,2024-06,3078.57,15500.0,,2.8
1154569000,2024-06,3078.57,15500.0,,2.8
1154570000,2024-06,3078.57,15500.0,,2.8
1154571000,2024-06,3078.57,15500.0,,2.8
1156051500,2024-06,6907.84,47500.0,,3.64
1156053500,2024-06,5270.94,22500.0,,8.5
1156054000,2024-06,17000.0,,,3.0
1156055000,2024-06,13775.0,25050.0,,4.0
1156056000,2024-06,17675.0,17675.0,,2.0
1156058500,2024-06,10538.67,15708.0,,3.0
1156060500,2024-06,2500.0,,,1.0
1156061000,2024-06,31572.5,42857.14,,5.0
1156062000,2024-06,18132.5,37200.0,,5.0
1156063000,2024-06,18912.5,47500.0,,1.14
1156065000,2024-06,18912.5,47500.0,,1.14
1156066000,2024-06,18912.5,47500.0,,1.14
1156067000,2024-06,8691.58,27307.69,,3.39
1156068000,2024-06,18912.5,47500.0,,1.14
1156069000,2024-06,18912.5,47500.0,,1.14
1156070000,2024-06,3500.0,10000.0,,2.25
1156071000,2024-06,3500.0,10000.0,,2.25
1156072000,2024-06,3500.0,10000.0,,2.25
1159051000,2024-06,7914.29,,,3.5
1159052000,2024-06,7914.29,,,3.5
1159053000,2024-06,6445.45,27500.0,,5.5
1159054000,2024-06,12580.0,27500.0,,2.5
1159055000,2024-06,12580.0,27500.0,,2.5
1159056000,2024-06,12580.0,27500.0,,2.5
1159062000,2024-06,9500.0,44000.0,,2.8
1159063000,2024-06,9500.0,44000.0,,2.8
1159064000,2024-06,9500.0,44000.0,,2.8
1159065000,2024-06,9500.0,44000.0,,2.8
1159065100,2024-06,9500.0,44000.0,,2.8
1159066000,2024-06,3250.0,11000.0,,6.0
1159067000,2024-06,10625.0,16000.0,,4.0
1159068000,2024-06,10625.0,16000.0,,4.0
1162052500,2024-06,5737.93,15200.0,,3.22
1162054500,2024-06,5737.93,15200.0,,3.22
1162056500,2024-06,5737.93,15200.0,,3.22
1162057500,2024-06,5737.93,15200.0,,3.22
1162058500,2024-06,5737.93,15200.0,,3.22
1162059500,2024-06,5737.93,15200.0,,3.22
1162060500,2024-06,5737.93,15200.0,,3.22
1162061500,2024-06,5737.93,15200.0,,3.22
1162062500,2024-06,5737.93,15200.0,,3.22
1162063000,2024-06,12700.0,17000.0,,2.0
1162064500,2024-06,3841.1,20900.0,,4.36
1162065500,2024-06,3841.1,20900.0,,4.36
1162066500,2024-06,3841.1,20900.0,,4.36
1162068500,2024-06,3841.1,20900.0,,4.36
1162069500,2024-06,3841.1,20900.0,,4.36
1162071500,2024-06,3841.1,20900.0,,4.36
1162072500,2024-06,3841.1,20900.0,,4.36
1162073500,2024-06,3841.1,20900.0,,4.36
1162074500,2024-06,3841.1,20900.0,,4.36
1162076500,2024-06,3841.1,20900.0,,4.36
1162077500,2024-06,3841.1,20900.0,,4.36
1165051000,2024-06,22591.67,,,3.0
1165052000,2024-06,22591.67,,,3.0
1165053000,2024-06,24741.31,52353.67,,5.33
1165053100,2024-06,22591.67,,,3.0
1165054000,2024-06,64456.0,117640.0,,2.5
1165055000,2024-06,27427.78,68283.33,,2.25
1165056000,2024-06,27427.78,68283.33,,2.25
1165057000,2024-06,27427.78,68283.33,,2.25
1165058000,2024-06,64456.0,117640.0,,2.5
1165058100,2024-06,27427.78,68283.33,,2.25
1165059000,2024-06,27505.14,52353.67,,2.33
1165060000,2024-06,27505.14,52353.67,,2.33
1165061000,2024-06,27505.14,52353.67,,2.33
1165062000,2024-06,27505.14,52353.67,,2.33
1165062100,2024-06,27505.14,52353.67,,2.33
1165065100,2024-06,34795.78,59383.75,,9.0
1165065200,2024-06,37678.33,47767.5,,3.0
1165066000,2024-06,20000.0,20000.0,,1.0
1168051000,2024-06,55000.0,100000.0,,3.0
1168052100,2024-06,6985.0,13166.67,,3.5
1168053100,2024-06,6985.0,13166.67,,3.5
1168054500,2024-06,55000.0,100000.0,,3.0
1168058000,2024-06,27790.0,49360.0,,4.0
1168059000,2024-06,27790.0,49360.0,,4.0
1168060000,2024-06,54450.0,105400.0,,2.0
1168061000,2024-06,54450.0,105400.0,,2.0
1168063000,2024-06,54450.0,105400.0,,2.0
1168064000,2024-06,18000.0,66500.0,,10.5
1168065000,2024-06,18000.0,66500.0,,10.5
1168065500,2024-06,11333.33,30000.0,,1.5
1168065600,2024-06,11333.33,30000.0,,1.5
1168066000,2024-06,22671.33,28000.0,,1.2
1168067000,2024-06,23628.5,27000.0,,1.6
1168067500,2024-06,40751.56,76000.0,,3.6
1168069000,2024-06,22671.33,28000.0,,1.2
1168070000,2024-06,23002.0,59000.0,,3.0
1168072000,2024-06,26500.0,26500.0,,0.4
1168073000,2024-06,26500.0,26500.0,,0.4
1168074000,2024-06,40751.56,76000.0,,3.6
1171051000,2024-06,27500.0,27500.0,,1.0
1171052000,2024-06,27500.0,27500.0,,1.0
1171053100,2024-06,8000.0,,,0.33
1171053200,2024-06,8000.0,,,0.33
1171054000,2024-06,2000.0,,,1.0
1171055000,2024-06,2000.0,,,1.0
1171056100,2024-06,8437.5,25500.0,,2.67
1171056200,2024-06,8437.5,25500.0,,2.67
1171056600,2024-06,8437.5,25500.0,,2.67
1171057000,2024-06,12625.0,16500.0,,4.0
1171058000,2024-06,7375.0,27000.0,,4.0
1171059000,2024-06,7375.0,27000.0,,4.0
1171060000,2024-06,3033.33,,,3.0
1171061000,2024-06,5722.22,14750.0,,9.0
1171062000,2024-06,12833.33,,,1.0
1171063100,2024-06,12833.33,,,1.0
1171063200,2024-06,12833.33,,,1.0
1171064100,2024-06,11700.0,23500.0,,1.67
1171064200,2024-06,10980.17,23500.0,,2.0
1171064600,2024-06,10980.17,23500.0,,2.0
1171064700,2024-06,7690.5,,,0.67
1171065000,2024-06,54590.91,108250.0,,2.75
1171067000,2024-06,54590.91,108250.0,,2.75
1171068000,2024-06,54590.91,108250.0,,2.75
1171072000,2024-06,54590.91,108250.0,,2.75
1174051500,2024-06,7207.6,75000.0,,3.75
1174052000,2024-06,26095.33,75000.0,,0.75
1174052500,2024-06,26095.33,75000.0,,0.75
1174052600,2024-06,26095.33,75000.0,,0.75
1174053000,2024-06,33533.33,35800.0,,1.5
1174054000,2024-06,33533.33,35800.0,,1.5
1174055000,2024-06,59500.0,80750.0,,2.0
1174056000,2024-06,59500.0,80750.0,,2.0
1174057000,2024-06,9144.44,17400.0,,3.0
1174058000,2024-06,9144.44,17400.0,,3.0
1174059000,2024-06,9144.44,17400.0,,3.0
1174060000,2024-06,6941.67,19150.0,,4.0
1174061000,2024-06,6941.67,19150.0,,4.0
1174062000,2024-06,6941.67,19150.0,,4.0
1174064000,2024-06,17800.0,29825.0,,2.33
1174065000,2024-06,17800.0,29825.0,,2.33
1174066000,2024-06,17800.0,29825.0,,2.33
1174068500,2024-06,7447.5,30975.0,,10.0
1174069000,2024-06,41923.08,53333.33,,6.5
1174070000,2024-06,41923.08,53333.33,,6.5
1111051500,2024-07,5000.0,,,1.0
1111053000,2024-07,1000.0,,,1.0
1111057000,2024-07,10000.0,,,1.0
1111058000,2024-07,1500.0,,,1.0
1111060000,2024-07,27500.0,,,1.0
1111061500,2024-07,500.0,,,1.0
1111064000,2024-07,12016.67,14550.0,,3.0
1111065000,2024-07,5375.0,12666.67,,8.0
1111070000,2024-07,20500.0,20500.0,,1.0
1111071000,2024-07,20500.0,20500.0,,1.0
1114052000,2024-07,38000.0,38000.0,,1.0
1114055000,2024-07,1000.0,,,2.0
1114057000,2024-07,2583.33,,,3.0
1114058000,2024-07,366.67,,,1.5
1114059000,2024-07,1666.67,,,1.5
1114061000,2024-07,3627.27,13750.0,,1.0
1114061500,2024-07,3627.27,13750.0,,1.0
1114062000,2024-07,3627.27,13750.0,,1.0
1114062500,2024-07,3627.27,13750.0,,1.0
1114063000,2024-07,3627.27,13750.0,,1.0
1114063500,2024-07,3627.27,13750.0,,1.0
1114064000,2024-07,3627.27,13750.0,,1.0
1114064500,2024-07,3627.27,13750.0,,1.0
1114065000,2024-07,3627.27,13750.0,,1.0
1114066000,2024-07,3627.27,13750.0,,1.0
1114066500,2024-07,3627.27,13750.0,,1.0
1114067000,2024-07,25320.0,25320.0,,2.0
1114068000,2024-07,30000.0,30000.0,,1.0
1117051000,2024-07,24500.0,33000.0,,2.0
1117055500,2024-07,1550.0,,,2.0
1117056000,2024-07,37860.0,25825.0,,5.0
1117057000,2024-07,57000.0,57000.0,,1.0
1117058000,2024-07,15750.0,30000.0,,2.0
1117059000,2024-07,2000.0,,,2.0
1117062500,2024-07,45530.0,105000.0,,5.0
1117063000,2024-07,42978.0,67963.33,,2.5
1117064000,2024-07,42978.0,67963.33,,2.5
1117065000,2024-07,2311.11,13500.0,,4.5
1117066000,2024-07,2311.11,13500.0,,4.5
1117068500,2024-07,32583.33,57750.0,,3.0
1117069000,2024-07,75000.0,75000.0,,1.0
1120053500,2024-07,13600.0,,,5.0
1120054000,2024-07,1000.0,,,2.0
1120055000,2024-07,4700.0,,,1.67
1120056000,2024-07,4700.0,,,1.67
1120057000,2024-07,4700.0,,,1.67
1120058000,2024-07,24000.0,45000.0,,2.0
1120061500,2024-07,24000.0,24000.0,,1.0
1120064500,2024-07,86375.0,68250.0,,2.0
1120065000,2024-07,22650.0,40466.67,,3.0
1120066000,2024-07,22650.0,40466.67,,3.0
1120067000,2024-07,450.0,,,1.5
1120069000,2024-07,450.0,,,1.5
1120079000,2024-07,9250.0,18000.0,,2.0
1121571000,2024-07,1411.11,8000.0,,18.0
1121573000,2024-07,5300.0,12000.0,,5.0
1121574000,2024-07,2238.46,2500.0,,3.25
1121575000,2024-07,2238.46,2500.0,,3.25
1121576000,2024-07,2238.46,2500.0,,3.25
1121577000,2024-07,2238.46,2500.0,,3.25
1121578000,2024-07,8666.67,11000.0,,3.0
1121581000,2024-07,15000.0,15000.0,,2.0
1121582000,2024-07,7805.77,42500.0,,3.25
1121583000,2024-07,7805.77,42500.0,,3.25
1121584000,2024-07,7805.77,42500.0,,3.25
1121584700,2024-07,7805.77,42500.0,,3.25
1121585000,2024-07,15603.57,27707.14,,4.67
1121586000,2024-07,15603.57,27707.14,,4.67
1121587000,2024-07,15603.57,27707.14,,4.67
1123053600,2024-07,2883.33,13500.0,,6.0
1123054500,2024-07,1333.33,,,3.0
1123056000,2024-07,5360.0,20000.0,,1.67
1123057000,2024-07,5360.0,20000.0,,1.67
1123060000,2024-07,25196.77,51714.29,,5.17
1123061000,2024-07,34642.86,57000.0,,3.5
1123065000,2024-07,6319.33,,,3.0
1123066000,2024-07,6319.33,,,3.0
1123070500,2024-07,2000.0,,,1.0
1123071000,2024-07,1300.0,,,4.0
1123072000,2024-07,2957.14,22000.0,,7.0
1123073000,2024-07,2957.14,22000.0,,7.0
1123074000,2024-07,2577.78,9100.0,,4.5
1123075000,2024-07,2577.78,9100.0,,4.5
1126052000,2024-07,8823.08,28500.0,,2.17
1126054000,2024-07,8823.08,28500.0,,2.17
1126055000,2024-07,8823.08,28500.0,,2.17
1126056500,2024-07,8823.08,28500.0,,2.17
1126057000,2024-07,8823.08,28500.0,,2.17
1126057500,2024-07,8823.08,28500.0,,2.17
1126058000,2024-07,11733.33,25000.0,,1.5
1126059000,2024-07,11733.33,25000.0,,1.5
1126060000,2024-07,5883.33,21000.0,,3.0
1126061000,2024-07,5883.33,21000.0,,3.0
1126062000,2024-07,8000.0,,,1.0
1126063000,2024-07,8000.0,,,1.0
1126065500,2024-07,3360.0,3000.0,,2.5
1126066000,2024-07,3360.0,3000.0,,2.5
1126068000,2024-07,8500.0,,,1.5
1126069000,2024-07,8500.0,,,1.5
1129052500,2024-07,14425.0,25350.0,,4.0
1129055500,2024-07,875.0,,,1.33
1129057500,2024-07,6714.29,,,2.33
1129058000,2024-07,500.0,,,0.33
1129059000,2024-07,500.0,,,0.33
1129060000,2024-07,3000.0,12000.0,,5.0
1129061000,2024-07,24666.67,65000.0,,3.0
1129062000,2024-07,12942.86,30884.62,,2.92
1129063000,2024-07,9451.61,26833.33,,2.58
1129064000,2024-07,10777.78,26833.33,,2.25
1129065000,2024-07,10777.78,26833.33,,2.25
1129066000,2024-07,40000.0,40000.0,,0.33
1129068500,2024-07,9060.0,40000.0,,1.67
1129070500,2024-07,35000.0,35000.0,,1.0
1129071500,2024-07,1325.0,,,1.33
1129072500,2024-07,1325.0,,,1.33
1129076000,2024-07,10250.0,,,0.67
1129077000,2024-07,10250.0,,,0.67
1129078000,2024-07,10250.0,,,0.67
1129081000,2024-07,16400.0,44000.0,,3.0
1130553400,2024-07,9320.36,25927.5,,2.2
1130553500,2024-07,9320.36,25927.5,,2.2
1130554500,2024-07,9320.36,25927.5,,2.2
1130555500,2024-07,9320.36,25927.5,,2.2
1130557500,2024-07,9320.36,25927.5,,2.2
1130559000,2024-07,1250.0,,,0.33
1130559500,2024-07,1250.0,,,0.33
1130560000,2024-07,1250.0,,,0.33
1130560300,2024-07,1250.0,,,0.33
1130560600,2024-07,1250.0,,,0.33
1130560800,2024-07,1250.0,,,0.33
1130561000,2024-07,2900.0,16500.0,,1.5
1130561500,2024-07,2900.0,16500.0,,1.5
1130562000,2024-07,2900.0,16500.0,,1.5
1130562500,2024-07,2900.0,16500.0,,1.5
1130563000,2024-07,2900.0,16500.0,,1.5
1130563500,2024-07,2900.0,16500.0,,1.5
1130564500,2024-07,2900.0,16500.0,,1.5
1130566000,2024-07,2900.0,16500.0,,1.5
1132051100,2024-07,3333.33,18900.0,,1.8
1132051200,2024-07,3333.33,18900.0,,1.8
1132051300,2024-07,3333.33,18900.0,,1.8
1132051400,2024-07,3333.33,18900.0,,1.8
1132051500,2024-07,3333.33,18900.0,,1.8
1132052100,2024-07,12500.0,12500.0,,1.0
1132052200,2024-07,12500.0,12500.0,,1.0
1132066000,2024-07,8524.12,25500.0,,2.0
1132067000,2024-07,8524.12,25500.0,,2.0
1132068000,2024-07,8524.12,25500.0,,2.0
1132068100,2024-07,8524.12,25500.0,,2.0
1132069000,2024-07,11500.0,22000.0,,0.67
1132070000,2024-07,11500.0,22000.0,,0.67
1132071000,2024-07,11500.0,22000.0,,0.67
1135056000,2024-07,4000.0,,,1.33
1135057000,2024-07,4000.0,,,1.33
1135058000,2024-07,4000.0,,,1.33
1135059500,2024-07,4156.0,,,3.0
1135060000,2024-07,4156.0,,,3.0
1135061100,2024-07,26000.0,26000.0,,0.5
1135061200,2024-07,26000.0,26000.0,,0.5
1135061900,2024-07,30000.0,53500.0,,1.0
1135062100,2024-07,30000.0,53500.0,,1.0
1135062400,2024-07,19180.15,37617.65,,2.22
1135062500,2024-07,30000.0,53500.0,,1.0
1135063000,2024-07,10327.55,19750.0,,1.22
1135064000,2024-07,10327.55,19750.0,,1.22
1135066500,2024-07,10327.55,19750.0,,1.22
1135067000,2024-07,10327.55,19750.0,,1.22
1135069500,2024-07,10327.55,19750.0,,1.22
1135070000,2024-07,10327.55,19750.0,,1.22
1135071000,2024-07,10327.55,19750.0,,1.22
1135072000,2024-07,10327.55,19750.0,,1.22
1138051000,2024-07,18500.0,36500.0,,4.0
1138052000,2024-07,4741.67,12825.0,,3.0
1138053000,2024-07,4741.67,12825.0,,3.0
1138055100,2024-07,7000.0,5500.0,,1.5
1138055200,2024-07,7000.0,5500.0,,1.5
1138056000,2024-07,9100.0,,,1.0
1138057000,2024-07,1500.0,,,3.0
1138058000,2024-07,2500.0,3500.0,,2.0
1138059000,2024-07,2500.0,3500.0,,2.0
1138060000,2024-07,2500.0,3500.0,,2.0
1138062500,2024-07,4720.0,10650.0,,5.0
1138063100,2024-07,5460.0,25000.0,,2.5
1138063200,2024-07,5460.0,25000.0,,2.5
1138064000,2024-07,2000.0,,,2.0
1138065000,2024-07,4592.5,,,2.0
1138069000,2024-07,63745.0,63745.0,,1.0
1141052000,2024-07,11633.33,33600.0,,3.0
1141055500,2024-07,6000.0,,,2.0
1141056500,2024-07,13833.33,30000.0,,3.0
1141058500,2024-07,2562.5,7000.0,,8.0
1141061500,2024-07,4200.0,42500.0,,13.0
1141062000,2024-07,17200.0,50000.0,,1.67
1141064000,2024-07,17200.0,50000.0,,1.67
1141065500,2024-07,17200.0,50000.0,,1.67
1141066000,2024-07,7833.33,11500.0,,1.5
1141068500,2024-07,7833.33,11500.0,,1.5
1141069000,2024-07,16864.5,24099.8,,6.0
1141070000,2024-07,16864.5,24099.8,,6.0
1141071000,2024-07,8850.0,18000.0,,3.0
1141072000,2024-07,8850.0,18000.0,,3.0
1144055500,2024-07,41615.38,75285.71,,2.17
1144056500,2024-07,10800.0,75000.0,,4.17
1144058500,2024-07,500.0,,,0.83
1144059000,2024-07,36070.37,68666.67,,4.5
1144060000,2024-07,5438.0,36400.0,,8.33
1144061000,2024-07,31600.0,75500.0,,1.67
1144063000,2024-07,8196.55,36400.0,,4.83
1144065500,2024-07,2000.0,,,2.0
1144066000,2024-07,3284.21,,,9.5
1144068000,2024-07,10950.0,15266.67,,6.0
1144069000,2024-07,4666.67,20000.0,,3.0
1144070000,2024-07,4666.67,20000.0,,3.0
1144071000,2024-07,3400.0,,,5.0
1144072000,2024-07,16833.33,27000.0,,1.5
1144073000,2024-07,27300.0,37666.67,,2.5
1144074000,2024-07,666.67,,,3.0
1147051000,2024-07,41886.24,70500.0,,3.4
1147052000,2024-07,41886.24,70500.0,,3.4
1147053000,2024-07,41886.24,70500.0,,3.4
1147054000,2024-07,41886.24,70500.0,,3.4
1147055000,2024-07,41886.24,70500.0,,3.4
1147056000,2024-07,15337.5,30000.0,,1.14
1147057000,2024-07,15337.5,30000.0,,1.14
1147058000,2024-07,15337.5,30000.0,,1.14
1147059000,2024-07,15337.5,30000.0,,1.14
1147060000,2024-07,15337.5,30000.0,,1.14
1147061000,2024-07,15337.5,30000.0,,1.14
1147061100,2024-07,15337.5,30000.0,,1.14
1147062000,2024-07,15672.78,55500.0,,1.5
1147063000,2024-07,15672.78,55500.0,,1.5
1147064000,2024-07,15672.78,55500.0,,1.5
1147065000,2024-07,15672.78,55500.0,,1.5
1147067000,2024-07,15672.78,55500.0,,1.5
1147068000,2024-07,15672.78,55500.0,,1.5
1150051000,2024-07,5800.0,20000.0,,2.5
1150052000,2024-07,500.0,,,0.25
1150053000,2024-07,500.0,,,0.25
1150053500,2024-07,500.0,,,0.25
1150054000,2024-07,7918.46,14068.0,,1.62
1150055000,2024-07,7918.46,14068.0,,1.62
1150056000,2024-07,7918.46,14068.0,,1.62
1150057000,2024-07,7918.46,14068.0,,1.62
1150059000,2024-07,7918.46,14068.0,,1.62
1150059100,2024-07,7918.46,14068.0,,1.62
1150059300,2024-07,7918.46,14068.0,,1.62
1150060300,2024-07,4293.31,20000.0,,2.75
1150060400,2024-07,11000.0,20000.0,,0.5
1150060500,2024-07,5800.0,20000.0,,2.5
1150061100,2024-07,3180.03,,,3.0
1150061500,2024-07,6181.33,14068.0,,2.62
1150062000,2024-07,3176.65,20000.0,,4.0
1150063000,2024-07,3176.65,20000.0,,4.0
1150064000,2024-07,5875.0,20000.0,,1.0
1150064100,2024-07,4018.87,20000.0,,3.0
1153051000,2024-07,57000.0,57000.0,,1.0
1153052000,2024-07,7466.67,25750.0,,4.2
1153053000,2024-07,7466.67,25750.0,,4.2
1153054000,2024-07,7466.67,25750.0,,4.2
1153055000,2024-07,7466.67,25750.0,,4.2
1153056000,2024-07,7466.67,25750.0,,4.2
1153059500,2024-07,1860.0,4150.0,,5.0
1153072000,2024-07,20682.18,37000.0,,5.5
1153073000,2024-07,20682.18,37000.0,,5.5
1153074000,2024-07,13390.5,8000.0,,4.0
1153075000,2024-07,13390.5,8000.0,,4.0
1153076000,2024-07,13390.5,8000.0,,4.0
1153077000,2024-07,750.0,,,3.0
1153078000,2024-07,600.0,,,4.0
1153079000,2024-07,1327.0,,,2.0
1154551000,2024-07,3346.15,13000.0,,13.0
1154561000,2024-07,2261.9,10100.0,,5.25
1154562000,2024-07,2261.9,10100.0,,5.25
1154563000,2024-07,2261.9,10100.0,,5.25
1154564000,2024-07,2261.9,10100.0,,5.25
1154567000,2024-07,9536.36,26666.67,,2.2
1154568000,2024-07,9536.36,26666.67,,2.2
1154569000,2024-07,9536.36,26666.67,,2.2
1154570000,2024-07,9536.36,26666.67,,2.2
1154571000,2024-07,9536.36,26666.67,,2.2
1156051500,2024-07,11186.36,27975.0,,2.36
1156053500,2024-07,12941.18,26625.0,,8.5
1156054000,2024-07,15500.0,,,4.0
1156055000,2024-07,14000.0,27000.0,,2.0
1156056000,2024-07,1459.5,,,4.0
1156058500,2024-07,12000.0,,,1.0
1156060500,2024-07,50000.0,,,1.0
1156061000,2024-07,2925.0,,,4.0
1156062000,2024-07,15625.0,36500.0,,4.0
1156063000,2024-07,13928.85,27975.0,,1.86
1156065000,2024-07,13928.85,27975.0,,1.86
1156066000,2024-07,13928.85,27975.0,,1.86
1156067000,2024-07,8021.68,33166.67,,5.11
1156068000,2024-07,13928.85,27975.0,,1.86
1156069000,2024-07,13928.85,27975.0,,1.86
1156070000,2024-07,4646.15,48000.0,,3.25
1156071000,2024-07,4646.15,48000.0,,3.25
1156072000,2024-07,4646.15,48000.0,,3.25
1159051000,2024-07,980.0,,,5.0
1159052000,2024-07,975.0,,,4.0
1159053000,2024-07,14250.0,38425.0,,3.0
1159054000,2024-07,21125.0,38425.0,,2.0
1159055000,2024-07,21125.0,38425.0,,2.0
1159056000,2024-07,21125.0,38425.0,,2.0
1159060500,2024-07,30260.0,75000.0,,5.0
1159062000,2024-07,8833.33,16666.67,,3.6
1159063000,2024-07,19956.52,16666.67,,4.6
1159064000,2024-07,8833.33,16666.67,,3.6
1159065000,2024-07,8833.33,16666.67,,3.6
1159065100,2024-07,8833.33,16666.67,,3.6
1159066000,2024-07,5500.0,13000.0,,6.0
1159067000,2024-07,21255.56,52000.0,,4.5
1159068000,2024-07,21255.56,52000.0,,4.5
1162052500,2024-07,6105.18,18900.0,,5.0
1162054500,2024-07,6105.18,18900.0,,5.0
1162056500,2024-07,6105.18,18900.0,,5.0
1162057500,2024-07,6105.18,18900.0,,5.0
1162058500,2024-07,6105.18,18900.0,,5.0
1162059500,2024-07,6105.18,18900.0,,5.0
1162060500,2024-07,6105.18,18900.0,,5.0
1162061500,2024-07,6105.18,18900.0,,5.0
1162062500,2024-07,6105.18,18900.0,,5.0
1162063000,2024-07,8375.0,9250.0,,4.0
1162064500,2024-07,5434.68,18127.78,,4.27
1162065500,2024-07,5434.68,18127.78,,4.27
1162066500,2024-07,5434.68,18127.78,,4.27
1162068500,2024-07,5434.68,18127.78,,4.27
1162069500,2024-07,5434.68,18127.78,,4.27
1162071500,2024-07,5434.68,18127.78,,4.27
1162072500,2024-07,5434.68,18127.78,,4.27
1162073500,2024-07,5434.68,18127.78,,4.27
1162074500,2024-07,5434.68,18127.78,,4.27
1162076500,2024-07,5434.68,18127.78,,4.27
1162077500,2024-07,5434.68,18127.78,,4.27
1165051000,2024-07,12685.71,,,3.5
1165052000,2024-07,12685.71,,,3.5
1165053000,2024-07,12824.14,40750.0,,4.83
1165053100,2024-07,12685.71,,,3.5
1165054000,2024-07,3000.0,,,1.0
1165055000,2024-07,31536.36,56733.33,,2.75
1165056000,2024-07,31536.36,56733.33,,2.75
1165057000,2024-07,31536.36,56733.33,,2.75
1165058000,2024-07,3000.0,,,1.0
1165058100,2024-07,31536.36,56733.33,,2.75
1165059000,2024-07,13187.5,40750.0,,1.33
1165060000,2024-07,13187.5,40750.0,,1.33
1165061000,2024-07,13187.5,40750.0,,1.33
1165062000,2024-07,13187.5,40750.0,,1.33
1165062100,2024-07,13187.5,40750.0,,1.33
1165065100,2024-07,13180.91,20722.0,,5.5
1165065200,2024-07,13887.78,20722.0,,4.5
1165066000,2024-07,2000.0,,,1.0
1168051000,2024-07,50490.0,48675.0,,2.5
1168052100,2024-07,3272.73,14000.0,,5.5
1168053100,2024-07,3272.73,14000.0,,5.5
1168054500,2024-07,50490.0,48675.0,,2.5
1168056500,2024-07,1000.0,,,1.0
1168058000,2024-07,17077.14,22000.0,,3.5
1168059000,2024-07,17077.14,22000.0,,3.5
1168060000,2024-07,23000.0,16000.0,,0.8
1168061000,2024-07,23000.0,16000.0,,0.8
1168063000,2024-07,23000.0,16000.0,,0.8
1168064000,2024-07,6376.07,20732.5,,7.0
1168065000,2024-07,6376.07,20732.5,,7.0
1168065500,2024-07,95050.0,130087.5,,3.5
1168065600,2024-07,95050.0,130087.5,,3.5
1168066000,2024-07,40783.33,48450.0,,1.2
1168067000,2024-07,29474.27,34830.0,,2.2
1168067500,2024-07,27747.8,31691.67,,3.0
1168069000,2024-07,40783.33,48450.0,,1.2
1168070000,2024-07,30542.86,57000.0,,7.0
1168072000,2024-07,61927.55,87982.14,,1.33
1168073000,2024-07,61927.55,87982.14,,1.33
1168074000,2024-07,27747.8,31691.67,,3.0
1168075000,2024-07,200000.0,200000.0,,0.33
1171053100,2024-07,2000.0,,,0.33
1171053200,2024-07,2000.0,,,0.33
1171054000,2024-07,6820.0,8000.0,,2.5
1171055000,2024-07,6820.0,8000.0,,2.5
1171056100,2024-07,16814.0,40000.0,,1.67
1171056200,2024-07,16814.0,40000.0,,1.67
1171056600,2024-07,16814.0,40000.0,,1.67
1171057000,2024-07,50799.67,76000.0,,3.0
1171058000,2024-07,16016.67,30033.33,,3.0
1171059000,2024-07,16016.67,30033.33,,3.0
1171060000,2024-07,7906.67,29190.0,,12.0
1171061000,2024-07,10250.0,37000.0,,4.0
1171062000,2024-07,32666.67,92000.0,,2.0
1171063100,2024-07,32666.67,92000.0,,2.0
1171063200,2024-07,32666.67,92000.0,,2.0
1171064100,2024-07,12675.0,40550.0,,2.67
1171064200,2024-07,20875.0,47112.5,,3.33
1171064600,2024-07,20875.0,47112.5,,3.33
1171064700,2024-07,36450.0,53675.0,,1.0
1171065000,2024-07,27266.67,72800.0,,2.25
1171067000,2024-07,27266.67,72800.0,,2.25
1171068000,2024-07,27266.67,72800.0,,2.25
1171069000,2024-07,35000.0,65000.0,,1.5
1171071000,2024-07,35000.0,65000.0,,1.5
1171072000,2024-07,27266.67,72800.0,,2.25
1174051500,2024-07,22402.0,70000.0,,3.5
1174052000,2024-07,7500.0,,,0.5
1174052500,2024-07,7500.0,,,0.5
1174052600,2024-07,7500.0,,,0.5
1174053000,2024-07,1000.0,,,0.5
1174054000,2024-07,1000.0,,,0.5
1174055000,2024-07,56451.6,92333.33,,2.5
1174056000,2024-07,56451.6,92333.33,,2.5
1174057000,2024-07,15962.5,31250.0,,2.67
1174058000,2024-07,15962.5,31250.0,,2.67
1174059000,2024-07,15962.5,31250.0,,2.67
1174060000,2024-07,9772.73,16375.0,,3.67
1174061000,2024-07,9772.73,16375.0,,3.67
1174062000,2024-07,9772.73,16375.0,,3.67
1174064000,2024-07,14700.0,34750.0,,1.67
1174065000,2024-07,14700.0,34750.0,,1.67
1174066000,2024-07,14700.0,34750.0,,1.67
1174068500,2024-07,11000.0,38500.0,,8.0
1174069000,2024-07,52500.0,85000.0,,3.5
1174070000,2024-07,52500.0,85000.0,,3.5
1111051500,2024-08,31000.0,31000.0,,1.0
1111056000,2024-08,27000.0,27000.0,,2.0
1111058000,2024-08,25000.0,40000.0,,2.0
1111060000,2024-08,0.0,,,1.0
1111061500,2024-08,1000.0,,,1.0
1111063000,2024-08,15000.0,15000.0,,1.0
1111064000,2024-08,1333.33,,,3.0
1111065000,2024-08,962.5,,,8.0
1111067000,2024-08,612.5,,,1.33
1111068000,2024-08,612.5,,,1.33
1111069000,2024-08,612.5,,,1.33
1111070000,2024-08,14000.0,27250.0,,2.0
1111071000,2024-08,14000.0,27250.0,,2.0
1114052000,2024-08,50000.0,50000.0,,0.5
1114054000,2024-08,50000.0,50000.0,,0.5
1114055000,2024-08,500.0,,,1.0
1114057000,2024-08,1000.0,,,0.5
1114058000,2024-08,1000.0,,,0.5
1114059000,2024-08,5066.67,14200.0,,3.0
1114060500,2024-08,5000.0,,,1.0
1114061000,2024-08,8566.0,51000.0,,0.73
1114061500,2024-08,8566.0,51000.0,,0.73
1114062000,2024-08,8566.0,51000.0,,0.73
1114062500,2024-08,8566.0,51000.0,,0.73
1114063000,2024-08,8566.0,51000.0,,0.73
1114063500,2024-08,8566.0,51000.0,,0.73
1114064000,2024-08,8566.0,51000.0,,0.73
1114064500,2024-08,8566.0,51000.0,,0.73
1114065000,2024-08,8566.0,51000.0,,0.73
1114066000,2024-08,8566.0,51000.0,,0.73
1114066500,2024-08,8566.0,51000.0,,0.73
1114067000,2024-08,10600.0,20000.0,,5.0
1114068000,2024-08,8000.0,,,2.0
1117051000,2024-08,11375.0,15000.0,,4.0
1117052000,2024-08,750.0,,,4.0
1117055500,2024-08,4940.0,14740.0,,7.0
1117056000,2024-08,19440.0,19440.0,,1.0
1117057000,2024-08,1000.0,,,1.0
1117058000,2024-08,37500.0,35000.0,,2.0
1117059000,2024-08,31700.0,60000.0,,3.0
1117062500,2024-08,41333.33,195000.0,,6.0
1117063000,2024-08,39000.0,95000.0,,2.5
1117064000,2024-08,39000.0,95000.0,,2.5
1117065000,2024-08,13666.67,77000.0,,3.0
1117066000,2024-08,13666.67,77000.0,,3.0
1117068500,2024-08,10000.0,,,1.0
1117069000,2024-08,32000.0,63000.0,,2.0
1117070000,2024-08,14250.0,28000.0,,2.0
1120052000,2024-08,1250.0,,,1.0
1120053500,2024-08,916.67,,,3.0
1120054000,2024-08,14000.0,,,1.0
1120055000,2024-08,27000.0,75000.0,,2.0
1120056000,2024-08,27000.0,75000.0,,2.0
1120057000,2024-08,27000.0,75000.0,,2.0
1120059000,2024-08,79000.0,,,1.0
1120061500,2024-08,55750.0,61500.0,,2.0
1120062000,2024-08,65000.0,65000.0,,1.0
1120064500,2024-08,5000.0,,,1.0
1120065000,2024-08,75750.0,26250.0,,2.0
1120066000,2024-08,75750.0,26250.0,,2.0
1120067000,2024-08,3500.0,,,1.0
1120069000,2024-08,3500.0,,,1.0
1120072000,2024-08,18000.0,18000.0,,0.5
1120079000,2024-08,6333.33,18000.0,,1.5
1121571000,2024-08,1431.58,,,19.0
1121573000,2024-08,1387.5,,,10.0
1121574000,2024-08,3688.89,21000.0,,4.5
1121575000,2024-08,3688.89,21000.0,,4.5
1121576000,2024-08,3688.89,21000.0,,4.5
1121577000,2024-08,3688.89,21000.0,,4.5
1121578000,2024-08,7440.0,25000.0,,5.0
1121581000,2024-08,65000.0,65000.0,,1.0
1121582000,2024-08,5697.06,32675.0,,4.25
1121583000,2024-08,5697.06,32675.0,,4.25
1121584000,2024-08,5697.06,32675.0,,4.25
1121584700,2024-08,5697.06,32675.0,,4.25
1121585000,2024-08,7407.31,21000.0,,4.33
1121586000,2024-08,7407.31,21000.0,,4.33
1121587000,2024-08,7407.31,21000.0,,4.33
1123053600,2024-08,9554.17,31150.0,,12.0
1123054500,2024-08,860.0,4000.0,,10.0
1123056000,2024-08,13848.14,17468.5,,2.33
1123057000,2024-08,13848.14,17468.5,,2.33
1123060000,2024-08,6178.95,17267.71,,7.33
1123061000,2024-08,2600.0,17000.0,,5.0
1123065000,2024-08,6324.17,21000.0,,6.0
1123066000,2024-08,6324.17,21000.0,,6.0
1123070500,2024-08,500.0,,,1.0
1123071000,2024-08,533.33,,,3.0
1123072000,2024-08,2910.0,,,5.0
1123073000,2024-08,2910.0,,,5.0
1123074000,2024-08,7241.09,23417.33,,5.5
1123075000,2024-08,7241.09,23417.33,,5.5
1126052000,2024-08,8506.25,19916.67,,2.67
1126054000,2024-08,8506.25,19916.67,,2.67
1126055000,2024-08,8506.25,19916.67,,2.67
1126056500,2024-08,8506.25,19916.67,,2.67
1126057000,2024-08,8506.25,19916.67,,2.67
1126057500,2024-08,8506.25,19916.67,,2.67
1126058000,2024-08,8480.83,31500.0,,3.0
1126059000,2024-08,8480.83,31500.0,,3.0
1126060000,2024-08,4800.0,16000.0,,2.0
1126061000,2024-08,4800.0,16000.0,,2.0
1126062000,2024-08,2250.0,5500.0,,2.0
1126063000,2024-08,2250.0,5500.0,,2.0
1126065500,2024-08,1425.29,,,3.5
1126066000,2024-08,1425.29,,,3.5
1126068000,2024-08,8080.2,10634.5,,2.5
1126069000,2024-08,8080.2,10634.5,,2.5
1129052500,2024-08,2050.0,5500.0,,6.0
1129055500,2024-08,5866.67,13500.0,,7.5
1129057500,2024-08,6842.11,22071.43,,9.5
1129058000,2024-08,26000.0,67500.0,,0.5
1129059000,2024-08,26000.0,67500.0,,0.5
1129060000,2024-08,666.67,,,3.0
1129061000,2024-08,6000.0,,,1.0
1129062000,2024-08,12323.08,47280.0,,2.17
1129063000,2024-08,15466.67,47280.0,,1.5
1129064000,2024-08,10200.0,33800.0,,1.0
1129065000,2024-08,10200.0,33800.0,,1.0
1129066000,2024-08,5250.0,,,0.67
1129068500,2024-08,8328.57,33000.0,,2.33
1129070500,2024-08,750.0,,,2.0
1129071500,2024-08,9560.0,33000.0,,1.67
1129072500,2024-08,7618.18,33000.0,,3.67
1129076000,2024-08,5407.25,,,1.33
1129077000,2024-08,5407.25,,,1.33
1129078000,2024-08,5407.25,,,1.33
1129081000,2024-08,1833.33,,,3.0
1130553400,2024-08,9588.89,36500.0,,1.8
1130553500,2024-08,9588.89,36500.0,,1.8
1130554500,2024-08,9588.89,36500.0,,1.8
1130555500,2024-08,9588.89,36500.0,,1.8
1130557500,2024-08,9588.89,36500.0,,1.8
1130559000,2024-08,1550.0,,,0.5
1130559500,2024-08,1550.0,,,0.5
1130560000,2024-08,1550.0,,,0.5
1130560300,2024-08,1550.0,,,0.5
1130560600,2024-08,1550.0,,,0.5
1130560800,2024-08,1550.0,,,0.5
1130561000,2024-08,3950.0,15950.0,,1.25
1130561500,2024-08,3950.0,15950.0,,1.25
1130562000,2024-08,3950.0,15950.0,,1.25
1130562500,2024-08,3950.0,15950.0,,1.25
1130563000,2024-08,3950.0,15950.0,,1.25
1130563500,2024-08,3950.0,15950.0,,1.25
1130564500,2024-08,2416.67,15950.0,,2.25
1130566000,2024-08,3950.0,15950.0,,1.25
1132051100,2024-08,10730.77,25700.0,,2.6
1132051200,2024-08,10730.77,25700.0,,2.6
1132051300,2024-08,10730.77,25700.0,,2.6
1132051400,2024-08,10730.77,25700.0,,2.6
1132051500,2024-08,10730.77,25700.0,,2.6
1132052100,2024-08,1672.86,,,3.5
1132052200,2024-08,1672.86,,,3.5
1132066000,2024-08,7859.8,31500.0,,1.25
1132067000,2024-08,7859.8,31500.0,,1.25
1132068000,2024-08,7859.8,31500.0,,1.25
1132068100,2024-08,7859.8,31500.0,,1.25
1132069000,2024-08,4311.11,7750.0,,3.0
1132070000,2024-08,4311.11,7750.0,,3.0
1132071000,2024-08,4311.11,7750.0,,3.0
1135056000,2024-08,3865.0,11525.0,,1.67
1135057000,2024-08,3865.0,11525.0,,1.67
1135058000,2024-08,3865.0,11525.0,,1.67
1135059500,2024-08,4781.25,31000.0,,8.0
1135060000,2024-08,4781.25,31000.0,,8.0
1135061100,2024-08,15600.0,25333.33,,2.5
1135061200,2024-08,15600.0,25333.33,,2.5
1135061900,2024-08,3500.0,,,1.0
1135062100,2024-08,3500.0,,,1.0
1135062400,2024-08,6701.96,32880.0,,3.11
1135062500,2024-08,3500.0,,,1.0
1135063000,2024-08,8218.68,32880.0,,2.11
1135064000,2024-08,8218.68,32880.0,,2.11
1135066500,2024-08,8218.68,32880.0,,2.11
1135067000,2024-08,8218.68,32880.0,,2.11
1135069500,2024-08,8218.68,32880.0,,2.11
1135070000,2024-08,8218.68,32880.0,,2.11
1135071000,2024-08,8218.68,32880.0,,2.11
1135072000,2024-08,8218.68,32880.0,,2.11
1138051000,2024-08,4833.33,8500.0,,3.0
1138052000,2024-08,11083.33,12000.0,,3.0
1138053000,2024-08,11083.33,12000.0,,3.0
1138055100,2024-08,13500.0,22000.0,,1.0
1138055200,2024-08,13500.0,22000.0,,1.0
1138056000,2024-08,3901.33,,,3.0
1138057000,2024-08,3923.0,18125.0,,7.0
1138058000,2024-08,2833.33,,,2.0
1138059000,2024-08,2833.33,,,2.0
1138060000,2024-08,2833.33,,,2.0
1138062500,2024-08,666.67,,,3.0
1138063100,2024-08,40800.0,40800.0,,0.5
1138063200,2024-08,40800.0,40800.0,,0.5
1138064000,2024-08,23000.0,23000.0,,1.0
1138065000,2024-08,5000.0,,,1.0
1138069000,2024-08,1000.0,,,1.0
1141052000,2024-08,500.0,,,1.0
1141055500,2024-08,7687.5,,,4.0
1141056500,2024-08,19000.0,,,1.5
1141058500,2024-08,3830.43,,,11.5
1141061500,2024-08,5070.0,40000.0,,10.0
1141062000,2024-08,1050.0,,,1.33
1141064000,2024-08,1050.0,,,1.33
1141065500,2024-08,1050.0,,,1.33
1141066000,2024-08,7150.0,8400.0,,3.0
1141068500,2024-08,7150.0,8400.0,,3.0
1141069000,2024-08,35900.0,89000.0,,2.5
1141070000,2024-08,35900.0,89000.0,,2.5
1141071000,2024-08,10083.33,21000.0,,3.0
1141072000,2024-08,10083.33,21000.0,,3.0
1144055500,2024-08,15045.16,61800.0,,5.17
1144056500,2024-08,13308.11,61800.0,,6.17
1144058500,2024-08,4000.0,,,1.0
1144059000,2024-08,21183.33,43307.14,,5.0
1144060000,2024-08,10171.43,87000.0,,3.5
1144061000,2024-08,8409.09,15000.0,,3.67
1144063000,2024-08,17225.0,87000.0,,2.0
1144065500,2024-08,45500.0,89000.0,,2.0
1144066000,2024-08,3588.89,,,4.5
1144068000,2024-08,2000.0,,,1.0
1144069000,2024-08,750.0,,,1.0
1144070000,2024-08,750.0,,,1.0
1144071000,2024-08,13583.33,57500.0,,6.0
1144072000,2024-08,2357.14,,,3.5
1144073000,2024-08,19681.82,50000.0,,5.5
1144074000,2024-08,13500.0,60000.0,,5.0
1147051000,2024-08,34508.33,66683.33,,2.4
1147052000,2024-08,34508.33,66683.33,,2.4
1147053000,2024-08,34508.33,66683.33,,2.4
1147054000,2024-08,34508.33,66683.33,,2.4
1147055000,2024-08,34508.33,66683.33,,2.4
1147056000,2024-08,6577.27,7500.0,,1.57
1147057000,2024-08,6577.27,7500.0,,1.57
1147058000,2024-08,6577.27,7500.0,,1.57
1147059000,2024-08,6577.27,7500.0,,1.57
1147060000,2024-08,6577.27,7500.0,,1.57
1147061000,2024-08,6577.27,7500.0,,1.57
1147061100,2024-08,6577.27,7500.0,,1.57
1147062000,2024-08,28174.18,35463.2,,1.83
1147063000,2024-08,28174.18,35463.2,,1.83
1147064000,2024-08,28174.18,35463.2,,1.83
1147065000,2024-08,28174.18,35463.2,,1.83
1147067000,2024-08,28174.18,35463.2,,1.83
1147068000,2024-08,28174.18,35463.2,,1.83
1150051000,2024-08,23582.69,46179.17,,3.25
1150052000,2024-08,12375.0,42500.0,,2.0
1150053000,2024-08,12375.0,42500.0,,2.0
1150053500,2024-08,12375.0,42500.0,,2.0
1150054000,2024-08,19176.39,39067.86,,2.25
1150055000,2024-08,19176.39,39067.86,,2.25
1150056000,2024-08,19176.39,39067.86,,2.25
1150057000,2024-08,19176.39,39067.86,,2.25
1150059000,2024-08,19176.39,39067.86,,2.25
1150059100,2024-08,19176.39,39067.86,,2.25
1150059300,2024-08,19176.39,39067.86,,2.25
1150060300,2024-08,12400.26,24485.42,,9.65
1150060400,2024-08,11915.0,27537.5,,1.25
1150060500,2024-08,23582.69,46179.17,,3.25
1150061100,2024-08,16521.37,29010.81,,7.9
1150061500,2024-08,24972.5,44631.67,,3.75
1150062000,2024-08,10540.81,17923.07,,9.65
1150063000,2024-08,10540.81,17923.07,,9.65
1150064000,2024-08,3114.29,10000.0,,1.75
1150064100,2024-08,10486.97,18708.0,,8.15
1153051000,2024-08,22500.0,43000.0,,2.0
1153052000,2024-08,5196.15,25500.0,,5.2
1153053000,2024-08,5196.15,25500.0,,5.2
1153054000,2024-08,5196.15,25500.0,,5.2
1153055000,2024-08,5196.15,25500.0,,5.2
1153056000,2024-08,5196.15,25500.0,,5.2
1153059500,2024-08,4837.5,14500.0,,8.0
1153072000,2024-08,14694.12,13333.33,,8.5
1153073000,2024-08,14694.12,13333.33,,8.5
1153074000,2024-08,995.43,,,2.33
1153075000,2024-08,995.43,,,2.33
1153076000,2024-08,995.43,,,2.33
1153077000,2024-08,4171.43,,,3.5
1153078000,2024-08,4171.43,,,3.5
1153079000,2024-08,4433.33,9000.0,,3.0
1154551000,2024-08,3025.0,12000.0,,10.0
1154561000,2024-08,7078.57,15540.0,,3.5
1154562000,2024-08,7078.57,15540.0,,3.5
1154563000,2024-08,7078.57,15540.0,,3.5
1154564000,2024-08,7078.57,15540.0,,3.5
1154567000,2024-08,6788.4,31500.0,,3.0
1154568000,2024-08,6788.4,31500.0,,3.0
1154569000,2024-08,6788.4,31500.0,,3.0
1154570000,2024-08,6788.4,31500.0,,3.0
1154571000,2024-08,6788.4,31500.0,,3.0
1156051500,2024-08,11645.8,28242.86,,4.93
1156053500,2024-08,12242.42,32666.67,,16.5
1156054000,2024-08,60000.0,80000.0,,3.0
1156055000,2024-08,27500.0,,,2.0
1156056000,2024-08,23445.0,40862.5,,5.0
1156058500,2024-08,7840.0,13000.0,,5.0
1156060500,2024-08,105000.0,105000.0,,1.0
1156061000,2024-08,18800.0,40000.0,,2.5
1156062000,2024-08,20733.33,39500.0,,4.5
1156063000,2024-08,15192.94,28242.86,,2.43
1156065000,2024-08,15192.94,28242.86,,2.43
1156066000,2024-08,15192.94,28242.86,,2.43
1156067000,2024-08,13137.78,29778.57,,4.18
1156068000,2024-08,15192.94,28242.86,,2.43
1156069000,2024-08,15192.94,28242.86,,2.43
1156070000,2024-08,10285.71,32850.0,,1.75
1156071000,2024-08,10285.71,32850.0,,1.75
1156072000,2024-08,10285.71,32850.0,,1.75
1159051000,2024-08,6881.75,33500.0,,10.0
1159052000,2024-08,1402.5,4500.0,,7.0
1159053000,2024-08,5163.33,34666.67,,7.5
1159054000,2024-08,7161.11,34666.67,,4.5
1159055000,2024-08,7161.11,34666.67,,4.5
1159056000,2024-08,7161.11,34666.67,,4.5
1159060500,2024-08,36071.43,120000.0,,7.0
1159062000,2024-08,11769.23,53000.0,,2.6
1159063000,2024-08,11769.23,53000.0,,2.6
1159064000,2024-08,11769.23,53000.0,,2.6
1159065000,2024-08,11769.23,53000.0,,2.6
1159065100,2024-08,11769.23,53000.0,,2.6
1159066000,2024-08,14300.0,25950.0,,4.0
1159067000,2024-08,4100.0,20000.0,,4.0
1159068000,2024-08,4100.0,20000.0,,4.0
1162052500,2024-08,6154.15,23260.0,,3.78
1162054500,2024-08,6154.15,23260.0,,3.78
1162056500,2024-08,6154.15,23260.0,,3.78
1162057500,2024-08,6154.15,23260.0,,3.78
1162058500,2024-08,6154.15,23260.0,,3.78
1162059500,2024-08,6154.15,23260.0,,3.78
1162060500,2024-08,6154.15,23260.0,,3.78
1162061500,2024-08,6154.15,23260.0,,3.78
1162062500,2024-08,6154.15,23260.0,,3.78
1162063000,2024-08,5000.0,,,3.0
1162064500,2024-08,8022.0,28754.44,,4.18
1162065500,2024-08,8022.0,28754.44,,4.18
1162066500,2024-08,8022.0,28754.44,,4.18
1162068500,2024-08,8022.0,28754.44,,4.18
1162069500,2024-08,8022.0,28754.44,,4.18
1162071500,2024-08,8022.0,28754.44,,4.18
1162072500,2024-08,8022.0,28754.44,,4.18
1162073500,2024-08,8022.0,28754.44,,4.18
1162074500,2024-08,8022.0,28754.44,,4.18
1162076500,2024-08,8022.0,28754.44,,4.18
1162077500,2024-08,8022.0,28754.44,,4.18
1165051000,2024-08,37526.92,56966.67,,3.25
1165052000,2024-08,37526.92,56966.67,,3.25
1165053000,2024-08,37339.55,71891.67,,5.58
1165053100,2024-08,37526.92,56966.67,,3.25
1165054000,2024-08,54250.0,177500.0,,4.0
1165055000,2024-08,28341.67,115000.0,,3.0
1165056000,2024-08,28341.67,115000.0,,3.0
1165057000,2024-08,28341.67,115000.0,,3.0
1165058000,2024-08,54250.0,177500.0,,4.0
1165058100,2024-08,28341.67,115000.0,,3.0
1165059000,2024-08,37078.57,116666.67,,2.33
1165060000,2024-08,37078.57,116666.67,,2.33
1165061000,2024-08,37078.57,116666.67,,2.33
1165062000,2024-08,37078.57,116666.67,,2.33
1165062100,2024-08,37078.57,116666.67,,2.33
1165065100,2024-08,9882.88,26531.0,,4.0
1165065200,2024-08,17132.75,26531.0,,2.0
1165066000,2024-08,2000.0,,,1.0
1168051000,2024-08,29000.0,30000.0,,2.5
1168052100,2024-08,12375.12,33205.0,,8.0
1168053100,2024-08,12375.12,33205.0,,8.0
1168054500,2024-08,29000.0,30000.0,,2.5
1168056500,2024-08,84000.0,84000.0,,1.0
1168058000,2024-08,12350.0,34166.67,,5.0
1168059000,2024-08,12350.0,34166.67,,5.0
1168060000,2024-08,58536.09,84225.0,,2.2
1168061000,2024-08,58536.09,84225.0,,2.2
1168063000,2024-08,58536.09,84225.0,,2.2
1168064000,2024-08,13823.68,25483.33,,9.5
1168065000,2024-08,13823.68,25483.33,,9.5
1168065500,2024-08,68125.0,170000.0,,2.0
1168065600,2024-08,68125.0,170000.0,,2.0
1168066000,2024-08,26714.29,153000.0,,1.4
1168067000,2024-08,20440.4,153000.0,,2.0
1168067500,2024-08,40395.29,94050.0,,4.2
1168069000,2024-08,26714.29,153000.0,,1.4
1168070000,2024-08,9398.71,16000.0,,7.0
1168072000,2024-08,13086.57,26200.0,,0.93
1168073000,2024-08,13086.57,26200.0,,0.93
1168074000,2024-08,40395.29,94050.0,,4.2
1168075000,2024-08,26200.0,26200.0,,0.33
1171051000,2024-08,12386.67,31320.0,,3.0
1171052000,2024-08,12386.67,31320.0,,3.0
1171053100,2024-08,14144.67,29800.0,,3.0
1171053200,2024-08,14144.67,29800.0,,3.0
1171054000,2024-08,11990.43,26500.0,,7.0
1171055000,2024-08,11990.43,26500.0,,7.0
1171056100,2024-08,21000.0,53000.0,,2.33
1171056200,2024-08,21000.0,53000.0,,2.33
1171056600,2024-08,21000.0,53000.0,,2.33
1171057000,2024-08,8943.77,29000.0,,13.0
1171058000,2024-08,18798.57,25282.5,,3.5
1171059000,2024-08,18798.57,25282.5,,3.5
1171060000,2024-08,12000.0,15500.0,,5.0
1171061000,2024-08,12547.22,21226.67,,9.0
1171062000,2024-08,16959.78,46000.0,,3.0
1171063100,2024-08,16959.78,46000.0,,3.0
1171063200,2024-08,16959.78,46000.0,,3.0
1171064100,2024-08,13457.5,37043.75,,6.0
1171064200,2024-08,13007.42,32512.33,,8.0
1171064600,2024-08,13007.42,32512.33,,8.0
1171064700,2024-08,13149.67,27683.17,,5.0
1171065000,2024-08,18859.17,46615.0,,3.0
1171067000,2024-08,18859.17,46615.0,,3.0
1171068000,2024-08,18859.17,46615.0,,3.0
1171072000,2024-08,18859.17,46615.0,,3.0
1174051500,2024-08,25058.0,51400.0,,2.5
1174052000,2024-08,10000.0,,,0.5
1174052500,2024-08,10000.0,,,0.5
1174052600,2024-08,10000.0,,,0.5
1174053000,2024-08,900.0,,,1.5
1174054000,2024-08,900.0,,,1.5
1174055000,2024-08,5250.0,,,2.0
1174056000,2024-08,5250.0,,,2.0
1174057000,2024-08,2531.11,,,3.0
1174058000,2024-08,2531.11,,,3.0
1174059000,2024-08,2531.11,,,3.0
1174060000,2024-08,14058.33,42866.67,,4.0
1174061000,2024-08,14058.33,42866.67,,4.0
1174062000,2024-08,14058.33,42866.67,,4.0
1174064000,2024-08,6063.64,13500.0,,3.67
1174065000,2024-08,6063.64,13500.0,,3.67
1174066000,2024-08,6063.64,13500.0,,3.67
1174068500,2024-08,10750.0,27000.0,,4.0
1174069000,2024-08,41550.0,68375.0,,10.0
1174070000,2024-08,41550.0,68375.0,,10.0
1111053000,2024-09,1000.0,,,2.0
1111055000,2024-09,5000.0,,,1.0
1111056000,2024-09,9500.0,14000.0,,4.0
1111058000,2024-09,15000.0,,,1.0
1111060000,2024-09,15000.0,,,1.0
1111061500,2024-09,1000.0,,,2.0
1111063000,2024-09,1000.0,,,1.0
1111064000,2024-09,3500.0,,,6.0
1111065000,2024-09,4450.0,16000.0,,4.0
1111067000,2024-09,200.0,,,0.67
1111068000,2024-09,200.0,,,0.67
1111069000,2024-09,200.0,,,0.67
1111070000,2024-09,9512.5,32550.0,,2.0
1111071000,2024-09,9512.5,32550.0,,2.0
1114054000,2024-09,1000.0,,,0.5
1114055000,2024-09,1000.0,,,0.5
1114057000,2024-09,1000.0,,,1.0
1114061000,2024-09,13537.5,45000.0,,0.73
1114061500,2024-09,13537.5,45000.0,,0.73
1114062000,2024-09,13537.5,45000.0,,0.73
1114062500,2024-09,13537.5,45000.0,,0.73
1114063000,2024-09,13537.5,45000.0,,0.73
1114063500,2024-09,13537.5,45000.0,,0.73
1114064000,2024-09,13537.5,45000.0,,0.73
1114064500,2024-09,13537.5,45000.0,,0.73
1114065000,2024-09,13537.5,45000.0,,0.73
1114066000,2024-09,13537.5,45000.0,,0.73
1114066500,2024-09,13537.5,45000.0,,0.73
1114067000,2024-09,21666.67,53000.0,,3.0
1114068000,2024-09,20400.0,,,5.0
1117051000,2024-09,19000.0,26500.0,,5.0
1117053000,2024-09,7333.33,,,3.0
1117055500,2024-09,750.0,,,4.0
1117056000,2024-09,8666.67,34000.0,,6.0
1117057000,2024-09,9500.0,18000.0,,3.0
1117062500,2024-09,53900.38,117067.67,,8.0
1117063000,2024-09,41848.75,68500.0,,2.0
1117064000,2024-09,41848.75,68500.0,,2.0
1117065000,2024-09,10000.0,,,1.5
1117066000,2024-09,10000.0,,,1.5
1117068500,2024-09,233666.67,340000.0,,3.0
1117069000,2024-09,11000.0,28000.0,,3.0
1117070000,2024-09,20000.0,20000.0,,1.0
1120052000,2024-09,29075.0,63000.0,,2.0
1120053500,2024-09,24830.0,47666.67,,5.0
1120054000,2024-09,15250.0,30000.0,,2.0
1120055000,2024-09,11200.0,,,1.67
1120056000,2024-09,25000.0,,,0.67
1120057000,2024-09,25000.0,,,0.67
1120058000,2024-09,36500.0,70000.0,,2.0
1120061500,2024-09,14766.67,,,6.0
1120064500,2024-09,30375.0,73000.0,,4.0
1120065000,2024-09,15940.0,18850.0,,2.5
1120066000,2024-09,15940.0,18850.0,,2.5
1120067000,2024-09,13400.0,38200.0,,3.0
1120069000,2024-09,13400.0,38200.0,,3.0
1120072000,2024-09,17750.0,35000.0,,1.0
1120079000,2024-09,9770.0,27333.33,,5.0
1121571000,2024-09,4084.62,18500.0,,13.0
1121573000,2024-09,1000.0,,,2.0
1121574000,2024-09,10916.83,32325.0,,3.0
1121575000,2024-09,10916.83,32325.0,,3.0
1121576000,2024-09,10916.83,32325.0,,3.0
1121577000,2024-09,10916.83,32325.0,,3.0
1121578000,2024-09,3250.0,,,4.0
1121581000,2024-09,1000.0,,,1.0
1121582000,2024-09,22068.42,34875.0,,4.75
1121583000,2024-09,22068.42,34875.0,,4.75
1121584000,2024-09,22068.42,34875.0,,4.75
1121584700,2024-09,22068.42,34875.0,,4.75
1121585000,2024-09,18337.5,53250.0,,5.33
1121586000,2024-09,18337.5,53250.0,,5.33
1121587000,2024-09,18337.5,53250.0,,5.33
1123053600,2024-09,24544.44,65300.0,,9.0
1123054500,2024-09,27650.0,55000.0,,2.0
1123056000,2024-09,5966.3,22050.0,,3.33
1123057000,2024-09,5966.3,22050.0,,3.33
1123060000,2024-09,6237.89,22885.71,,5.83
1123061000,2024-09,6600.0,24000.0,,2.5
1123065000,2024-09,8318.0,,,3.0
1123066000,2024-09,8318.0,,,3.0
1123070500,2024-09,15750.0,30500.0,,4.0
1123071000,2024-09,6550.0,12500.0,,4.0
1123072000,2024-09,1333.33,,,1.5
1123073000,2024-09,1333.33,,,1.5
1123074000,2024-09,14700.0,42500.0,,4.5
1123075000,2024-09,14700.0,42500.0,,4.5
1126052000,2024-09,6294.65,12400.0,,4.33
1126054000,2024-09,6294.65,12400.0,,4.33
1126055000,2024-09,6294.65,12400.0,,4.33
1126056500,2024-09,6294.65,12400.0,,4.33
1126057000,2024-09,6294.65,12400.0,,4.33
1126057500,2024-09,6294.65,12400.0,,4.33
1126058000,2024-09,9837.14,42000.0,,3.5
1126059000,2024-09,9837.14,42000.0,,3.5
1126060000,2024-09,13766.67,13766.67,,1.5
1126061000,2024-09,13766.67,13766.67,,1.5
1126062000,2024-09,1950.0,,,2.0
1126063000,2024-09,1950.0,,,2.0
1126065500,2024-09,4830.0,10500.0,,5.0
1126066000,2024-09,4830.0,10500.0,,5.0
1126068000,2024-09,11390.0,40950.0,,2.5
1126069000,2024-09,11390.0,40950.0,,2.5
1129052500,2024-09,14000.0,14000.0,,2.0
1129055500,2024-09,41000.0,41000.0,,0.17
1129057500,2024-09,2947.37,41000.0,,3.17
1129058000,2024-09,41000.0,41000.0,,0.17
1129059000,2024-09,41000.0,41000.0,,0.17
1129060000,2024-09,5000.0,5000.0,,1.0
1129061000,2024-09,3500.0,,,2.0
1129062000,2024-09,22777.14,67000.0,,1.75
1129063000,2024-09,16700.0,41000.0,,0.42
1129064000,2024-09,500.0,,,0.25
1129065000,2024-09,500.0,,,0.25
1129066000,2024-09,24676.25,80000.0,,1.33
1129068500,2024-09,28957.86,59000.0,,2.33
1129070500,2024-09,15000.0,15000.0,,1.0
1129071500,2024-09,34666.67,48500.0,,1.0
1129072500,2024-09,17833.33,48500.0,,2.0
1129076000,2024-09,10390.29,33500.0,,2.33
1129077000,2024-09,10390.29,33500.0,,2.33
1129078000,2024-09,10390.29,33500.0,,2.33
1129081000,2024-09,6733.33,9600.0,,3.0
1130553400,2024-09,2850.0,7000.0,,2.0
1130553500,2024-09,2850.0,7000.0,,2.0
1130554500,2024-09,2850.0,7000.0,,2.0
1130555500,2024-09,2850.0,7000.0,,2.0
1130557500,2024-09,2850.0,7000.0,,2.0
1130559000,2024-09,300.0,,,0.17
1130559500,2024-09,300.0,,,0.17
1130560000,2024-09,300.0,,,0.17
1130560300,2024-09,300.0,,,0.17
1130560600,2024-09,300.0,,,0.17
1130560800,2024-09,300.0,,,0.17
1130561000,2024-09,676.92,,,1.62
1130561500,2024-09,676.92,,,1.62
1130562000,2024-09,676.92,,,1.62
1130562500,2024-09,676.92,,,1.62
1130563000,2024-09,676.92,,,1.62
1130563500,2024-09,676.92,,,1.62
1130564500,2024-09,676.92,,,1.62
1130566000,2024-09,676.92,,,1.62
1132051100,2024-09,3450.0,12400.0,,2.4
1132051200,2024-09,3450.0,12400.0,,2.4
1132051300,2024-09,3450.0,12400.0,,2.4
1132051400,2024-09,3450.0,12400.0,,2.4
1132051500,2024-09,3450.0,12400.0,,2.4
1132052100,2024-09,3350.0,9000.0,,2.0
1132052200,2024-09,3350.0,9000.0,,2.0
1132066000,2024-09,6553.5,,,0.5
1132067000,2024-09,6553.5,,,0.5
1132068000,2024-09,6553.5,,,0.5
1132068100,2024-09,6553.5,,,0.5
1132069000,2024-09,3900.0,,,1.67
1132070000,2024-09,3900.0,,,1.67
1132071000,2024-09,3900.0,,,1.67
1135056000,2024-09,12750.0,44000.0,,1.33
1135057000,2024-09,12750.0,44000.0,,1.33
1135058000,2024-09,12750.0,44000.0,,1.33
1135059500,2024-09,3300.0,10000.0,,2.5
1135060000,2024-09,3300.0,10000.0,,2.5
1135061100,2024-09,7000.0,,,0.5
1135061200,2024-09,7000.0,,,0.5
1135061900,2024-09,8600.0,,,1.25
1135062100,2024-09,8600.0,,,1.25
1135062400,2024-09,10165.94,22796.4,,2.58
1135062500,2024-09,8600.0,,,1.25
1135063000,2024-09,11634.0,22796.4,,1.33
1135064000,2024-09,11634.0,22796.4,,1.33
1135066500,2024-09,11634.0,22796.4,,1.33
1135067000,2024-09,11634.0,22796.4,,1.33
1135069500,2024-09,11634.0,22796.4,,1.33
1135070000,2024-09,11634.0,22796.4,,1.33
1135071000,2024-09,11634.0,22796.4,,1.33
1135072000,2024-09,11634.0,22796.4,,1.33
1138051000,2024-09,2125.0,,,4.0
1138052000,2024-09,2904.5,,,2.0
1138053000,2024-09,2904.5,,,2.0
1138055100,2024-09,21000.0,29000.0,,1.5
1138055200,2024-09,21000.0,29000.0,,1.5
1138056000,2024-09,1166.67,,,3.0
1138057000,2024-09,8153.89,16683.33,,9.0
1138058000,2024-09,3000.0,10000.0,,1.33
1138059000,2024-09,3000.0,10000.0,,1.33
1138060000,2024-09,3000.0,10000.0,,1.33
1138062500,2024-09,2666.67,6000.0,,3.0
1138063100,2024-09,12325.0,23000.0,,2.0
1138063200,2024-09,12325.0,23000.0,,2.0
1138064000,2024-09,1000.0,,,1.0
1138065000,2024-09,5000.0,,,1.0
1138069000,2024-09,21041.5,23676.88,,10.0
1141055500,2024-09,20115.0,38210.0,,3.0
1141056500,2024-09,22403.33,38210.0,,4.5
1141058500,2024-09,5666.32,2500.0,,9.5
1141061500,2024-09,9303.85,35816.67,,13.0
1141062000,2024-09,51666.67,51666.67,,1.0
1141064000,2024-09,51666.67,51666.67,,1.0
1141065500,2024-09,51666.67,51666.67,,1.0
1141066000,2024-09,500.0,,,0.5
1141068500,2024-09,500.0,,,0.5
1141069000,2024-09,19285.71,75000.0,,3.5
1141070000,2024-09,19285.71,75000.0,,3.5
1141071000,2024-09,31875.0,48250.0,,2.0
1141072000,2024-09,31875.0,48250.0,,2.0
1144055500,2024-09,42000.0,72681.82,,4.0
1144056500,2024-09,32985.0,52408.39,,9.33
1144058500,2024-09,9000.0,32000.0,,1.33
1144059000,2024-09,6703.5,17860.5,,2.0
1144060000,2024-09,1277.62,3721.0,,2.67
1144061000,2024-09,42500.0,105000.0,,1.0
1144063000,2024-09,2110.5,3721.0,,0.67
1144065500,2024-09,20500.0,,,3.0
1144066000,2024-09,5162.86,26000.0,,14.0
1144068000,2024-09,1000.0,,,3.0
1144069000,2024-09,5833.33,5000.0,,3.0
1144070000,2024-09,5833.33,5000.0,,3.0
1144071000,2024-09,4172.5,,,4.0
1144072000,2024-09,10045.45,31000.0,,5.5
1144073000,2024-09,10045.45,31000.0,,5.5
1144074000,2024-09,5099.4,15185.0,,5.0
1147051000,2024-09,58620.21,82625.0,,2.8
1147052000,2024-09,58620.21,82625.0,,2.8
1147053000,2024-09,58620.21,82625.0,,2.8
1147054000,2024-09,58620.21,82625.0,,2.8
1147055000,2024-09,58620.21,82625.0,,2.8
1147056000,2024-09,1794.71,300.0,,1.0
1147057000,2024-09,1794.71,300.0,,1.0
1147058000,2024-09,1794.71,300.0,,1.0
1147059000,2024-09,1794.71,300.0,,1.0
1147060000,2024-09,1794.71,300.0,,1.0
1147061000,2024-09,1794.71,300.0,,1.0
1147061100,2024-09,1794.71,300.0,,1.0
1147062000,2024-09,5207.64,21500.0,,1.83
1147063000,2024-09,5207.64,21500.0,,1.83
1147064000,2024-09,5207.64,21500.0,,1.83
1147065000,2024-09,5207.64,21500.0,,1.83
1147067000,2024-09,5207.64,21500.0,,1.83
1147068000,2024-09,5207.64,21500.0,,1.83
1150051000,2024-09,14832.0,21000.0,,2.5
1150052000,2024-09,11444.11,20000.0,,2.25
1150053000,2024-09,11444.11,20000.0,,2.25
1150053500,2024-09,11444.11,20000.0,,2.25
1150054000,2024-09,6526.96,22660.0,,2.88
1150055000,2024-09,6526.96,22660.0,,2.88
1150056000,2024-09,6526.96,22660.0,,2.88
1150057000,2024-09,6526.96,22660.0,,2.88
1150059000,2024-09,6526.96,22660.0,,2.88
1150059100,2024-09,6526.96,22660.0,,2.88
1150059300,2024-09,6526.96,22660.0,,2.88
1150060300,2024-09,8325.59,21105.09,,6.95
1150060400,2024-09,21000.0,,,0.5
1150060500,2024-09,14832.0,21000.0,,2.5
1150061100,2024-09,8322.04,27923.27,,4.7
1150061500,2024-09,10745.19,30886.67,,3.38
1150062000,2024-09,5234.58,18620.52,,10.45
1150063000,2024-09,5234.58,18620.52,,10.45
1150064000,2024-09,6890.07,20887.5,,3.75
1150064100,2024-09,5968.72,21314.44,,7.95
1153052000,2024-09,3065.0,8000.0,,4.0
1153053000,2024-09,3065.0,8000.0,,4.0
1153054000,2024-09,3065.0,8000.0,,4.0
1153055000,2024-09,3065.0,8000.0,,4.0
1153056000,2024-09,3065.0,8000.0,,4.0
1153059500,2024-09,3388.89,8500.0,,9.0
1153072000,2024-09,12223.08,,,6.5
1153073000,2024-09,12223.08,,,6.5
1153074000,2024-09,13831.38,38250.0,,2.67
1153075000,2024-09,13831.38,38250.0,,2.67
1153076000,2024-09,13831.38,38250.0,,2.67
1153077000,2024-09,6133.33,,,1.5
1153078000,2024-09,7606.4,9816.0,,2.5
1153079000,2024-09,12000.0,12000.0,,1.0
1154551000,2024-09,6166.67,,,3.0
1154561000,2024-09,7357.5,31733.33,,5.0
1154562000,2024-09,7357.5,31733.33,,5.0
1154563000,2024-09,7357.5,31733.33,,5.0
1154564000,2024-09,7357.5,31733.33,,5.0
1154567000,2024-09,2471.43,20800.0,,2.8
1154568000,2024-09,2471.43,20800.0,,2.8
1154569000,2024-09,2471.43,20800.0,,2.8
1154570000,2024-09,2471.43,20800.0,,2.8
1154571000,2024-09,2471.43,20800.0,,2.8
1156051500,2024-09,9502.77,29605.6,,4.29
1156053500,2024-09,7686.67,34700.0,,15.0
1156054000,2024-09,33400.0,79000.0,,5.0
1156055000,2024-09,5750.0,20000.0,,4.0
1156056000,2024-09,24535.0,41790.0,,10.0
1156058500,2024-09,1244.2,,,5.0
1156060500,2024-09,29725.0,46450.0,,4.0
1156061000,2024-09,5400.0,,,2.5
1156062000,2024-09,25680.0,29900.0,,2.5
1156063000,2024-09,10721.0,29605.6,,3.29
1156065000,2024-09,10721.0,29605.6,,3.29
1156066000,2024-09,10721.0,29605.6,,3.29
1156067000,2024-09,8789.95,30797.41,,6.29
1156068000,2024-09,10721.0,29605.6,,3.29
1156069000,2024-09,10721.0,29605.6,,3.29
1156070000,2024-09,6675.0,32500.0,,3.0
1156071000,2024-09,6675.0,32500.0,,3.0
1156072000,2024-09,6675.0,32500.0,,3.0
1159051000,2024-09,3469.25,,,4.0
1159052000,2024-09,3469.25,,,4.0
1159053000,2024-09,15360.23,36900.0,,3.25
1159054000,2024-09,15360.23,36900.0,,3.25
1159055000,2024-09,15360.23,36900.0,,3.25
1159056000,2024-09,15360.23,36900.0,,3.25
1159060500,2024-09,28752.14,49741.25,,7.0
1159062000,2024-09,10483.35,21180.0,,4.0
1159063000,2024-09,10483.35,21180.0,,4.0
1159064000,2024-09,10483.35,21180.0,,4.0
1159065000,2024-09,10483.35,21180.0,,4.0
1159065100,2024-09,10483.35,21180.0,,4.0
1159066000,2024-09,6577.8,8525.0,,10.0
1159067000,2024-09,720.0,,,2.5
1159068000,2024-09,720.0,,,2.5
1162052500,2024-09,5047.62,32250.0,,4.67
1162054500,2024-09,5047.62,32250.0,,4.67
1162056500,2024-09,5047.62,32250.0,,4.67
1162057500,2024-09,5047.62,32250.0,,4.67
1162058500,2024-09,5047.62,32250.0,,4.67
1162059500,2024-09,5047.62,32250.0,,4.67
1162060500,2024-09,5047.62,32250.0,,4.67
1162061500,2024-09,5047.62,32250.0,,4.67
1162062500,2024-09,5047.62,32250.0,,4.67
1162063000,2024-09,10330.0,16825.0,,5.0
1162064500,2024-09,4678.18,20785.71,,5.0
1162065500,2024-09,4678.18,20785.71,,5.0
1162066500,2024-09,4678.18,20785.71,,5.0
1162068500,2024-09,4678.18,20785.71,,5.0
1162069500,2024-09,4678.18,20785.71,,5.0
1162071500,2024-09,4678.18,20785.71,,5.0
1162072500,2024-09,4678.18,20785.71,,5.0
1162073500,2024-09,4678.18,20785.71,,5.0
1162074500,2024-09,4678.18,20785.71,,5.0
1162076500,2024-09,4678.18,20785.71,,5.0
1162077500,2024-09,4678.18,20785.71,,5.0
1165051000,2024-09,15346.32,25050.0,,4.75
1165052000,2024-09,15346.32,25050.0,,4.75
1165053000,2024-09,15659.98,25342.86,,6.75
1165053100,2024-09,15346.32,25050.0,,4.75
1165054000,2024-09,50950.0,72500.0,,5.0
1165055000,2024-09,34759.38,73691.67,,4.0
1165056000,2024-09,34759.38,73691.67,,4.0
1165057000,2024-09,34759.38,73691.67,,4.0
1165058000,2024-09,50950.0,72500.0,,5.0
1165058100,2024-09,34759.38,73691.67,,4.0
1165059000,2024-09,16404.92,27100.0,,2.0
1165060000,2024-09,16404.92,27100.0,,2.0
1165061000,2024-09,16404.92,27100.0,,2.0
1165062000,2024-09,16404.92,27100.0,,2.0
1165062100,2024-09,16404.92,27100.0,,2.0
1165065100,2024-09,19976.62,32256.0,,6.5
1165065200,2024-09,19920.0,32256.0,,4.5
1165066000,2024-09,33250.0,,,4.0
1168051000,2024-09,56300.0,134000.0,,2.5
1168052100,2024-09,19307.69,37750.0,,6.5
1168053100,2024-09,19307.69,37750.0,,6.5
1168054500,2024-09,56300.0,134000.0,,2.5
1168056500,2024-09,31625.0,61250.0,,2.0
1168058000,2024-09,16673.08,77625.0,,6.5
1168059000,2024-09,16673.08,77625.0,,6.5
1168060000,2024-09,59600.0,133800.0,,3.0
1168061000,2024-09,59600.0,133800.0,,3.0
1168063000,2024-09,59600.0,133800.0,,3.0
1168064000,2024-09,18070.0,26622.5,,12.0
1168065000,2024-09,18070.0,26622.5,,12.0
1168065500,2024-09,22000.0,10000.0,,2.5
1168065600,2024-09,22000.0,10000.0,,2.5
1168066000,2024-09,24168.56,51500.0,,1.8
1168067000,2024-09,27719.81,60750.0,,3.2
1168067500,2024-09,43145.71,101333.33,,6.2
1168069000,2024-09,24168.56,51500.0,,1.8
1168070000,2024-09,15062.4,,,5.0
1168072000,2024-09,29935.48,59545.45,,2.07
1168073000,2024-09,29935.48,59545.45,,2.07
1168074000,2024-09,43145.71,101333.33,,6.2
1168075000,2024-09,25000.0,47000.0,,0.67
1171051000,2024-09,23250.0,40416.67,,3.5
1171052000,2024-09,23250.0,40416.67,,3.5
1171053100,2024-09,26500.0,36375.0,,2.0
1171053200,2024-09,26500.0,36375.0,,2.0
1171054000,2024-09,12108.33,20716.67,,3.0
1171055000,2024-09,12108.33,20716.67,,3.0
1171056100,2024-09,13216.67,,,2.0
1171056200,2024-09,13216.67,,,2.0
1171056600,2024-09,13216.67,,,2.0
1171057000,2024-09,12930.33,,,3.0
1171058000,2024-09,11312.5,26333.33,,4.0
1171059000,2024-09,11312.5,26333.33,,4.0
1171060000,2024-09,9127.31,21533.33,,13.0
1171061000,2024-09,9681.82,18000.0,,11.0
1171062000,2024-09,32500.0,63250.0,,3.0
1171063100,2024-09,32500.0,63250.0,,3.0
1171063200,2024-09,32500.0,63250.0,,3.0
1171064100,2024-09,25621.43,71500.0,,4.67
1171064200,2024-09,36401.9,77142.86,,7.0
1171064600,2024-09,36401.9,77142.86,,7.0
1171064700,2024-09,43441.54,58875.0,,4.33
1171065000,2024-09,18986.0,47697.5,,3.75
1171067000,2024-09,18986.0,47697.5,,3.75
1171068000,2024-09,18986.0,47697.5,,3.75
1171069000,2024-09,82583.33,82583.33,,1.5
1171071000,2024-09,82583.33,82583.33,,1.5
1171072000,2024-09,18986.0,47697.5,,3.75
1174051500,2024-09,5116.5,,,0.5
1174052000,2024-09,5116.5,,,0.5
1174052500,2024-09,5116.5,,,0.5
1174052600,2024-09,5116.5,,,0.5
1174053000,2024-09,4166.67,,,1.5
1174054000,2024-09,4166.67,,,1.5
1174055000,2024-09,20780.2,53500.0,,2.5
1174056000,2024-09,20780.2,53500.0,,2.5
1174057000,2024-09,18994.6,54000.0,,3.33
1174058000,2024-09,18994.6,54000.0,,3.33
1174059000,2024-09,18994.6,54000.0,,3.33
1174060000,2024-09,9192.75,25875.0,,6.67
1174061000,2024-09,9192.75,25875.0,,6.67
1174062000,2024-09,9192.75,25875.0,,6.67
1174064000,2024-09,14618.56,28771.43,,5.33
1174065000,2024-09,14618.56,28771.43,,5.33
1174066000,2024-09,14618.56,28771.43,,5.33
1174068500,2024-09,4617.78,,,9.0
1174069000,2024-09,52617.65,81833.33,,8.5
1174070000,2024-09,52617.65,81833.33,,8.5
1111051500,2024-10,41000.0,41000.0,,2.0
1111053000,2024-10,41500.0,82500.0,,8.0
1111055000,2024-10,4000.0,,,1.0
1111056000,2024-10,31000.0,31000.0,,1.0
1111057000,2024-10,15000.0,,,3.0
1111058000,2024-10,7928.57,14750.0,,7.0
1111060000,2024-10,6666.67,,,3.0
1111061500,2024-10,2850.0,,,4.0
1111063000,2024-10,15561.67,22435.0,,6.0
1111064000,2024-10,4000.0,,,4.0
1111065000,2024-10,4650.0,24000.0,,12.0
1111067000,2024-10,4166.67,12500.0,,4.0
1111068000,2024-10,4166.67,12500.0,,4.0
1111069000,2024-10,4166.67,12500.0,,4.0
1111070000,2024-10,13590.0,25366.67,,3.5
1111071000,2024-10,13590.0,25366.67,,3.5
1114052000,2024-10,26880.0,100000.0,,2.5
1114054000,2024-10,21280.0,100000.0,,2.5
1114055000,2024-10,1000.0,,,2.0
1114057000,2024-10,3250.0,,,3.0
1114058000,2024-10,500.0,,,0.5
1114059000,2024-10,23666.67,34000.0,,1.5
1114060500,2024-10,32350.0,64000.0,,2.0
1114061000,2024-10,18105.82,40444.44,,2.0
1114061500,2024-10,18105.82,40444.44,,2.0
1114062000,2024-10,18105.82,40444.44,,2.0
1114062500,2024-10,18105.82,40444.44,,2.0
1114063000,2024-10,18105.82,40444.44,,2.0
1114063500,2024-10,18105.82,40444.44,,2.0
1114064000,2024-10,18105.82,40444.44,,2.0
1114064500,2024-10,18105.82,40444.44,,2.0
1114065000,2024-10,18105.82,40444.44,,2.0
1114066000,2024-10,18105.82,40444.44,,2.0
1114066500,2024-10,18105.82,40444.44,,2.0
1114067000,2024-10,19271.43,50450.0,,7.0
1114068000,2024-10,36666.67,65000.0,,3.0
1117051000,2024-10,30160.0,60500.0,,5.0
1117052000,2024-10,4000.0,,,2.0
1117053000,2024-10,3335.0,,,4.0
1117055500,2024-10,2916.67,,,6.0
1117056000,2024-10,23207.73,35955.0,,11.0
1117057000,2024-10,19000.0,19000.0,,1.0
1117058000,2024-10,40833.33,60250.0,,3.0
1117059000,2024-10,3500.0,,,1.0
1117062500,2024-10,61389.6,114179.2,,10.0
1117063000,2024-10,68381.82,139600.0,,5.5
1117064000,2024-10,68381.82,139600.0,,5.5
1117065000,2024-10,17500.0,31333.33,,3.0
1117066000,2024-10,17500.0,31333.33,,3.0
1117068500,2024-10,153500.27,363501.0,,11.0
1117069000,2024-10,2500.0,,,2.0
1117070000,2024-10,8000.0,15000.0,,2.0
1120052000,2024-10,27333.33,47800.0,,4.5
1120053500,2024-10,16323.81,40971.43,,10.5
1120054000,2024-10,23680.0,38800.0,,10.0
1120055000,2024-10,36704.32,70499.5,,7.33
1120056000,2024-10,49343.44,70499.5,,5.33
1120057000,2024-10,49343.44,70499.5,,5.33
1120058000,2024-10,53000.0,53000.0,,1.0
1120059000,2024-10,34250.0,60000.0,,4.0
1120061500,2024-10,43250.0,54000.0,,4.0
1120062000,2024-10,39125.0,70500.0,,8.0
1120064500,2024-10,50006.92,71522.5,,13.0
1120065000,2024-10,25929.17,35750.0,,6.0
1120066000,2024-10,25929.17,35750.0,,6.0
1120067000,2024-10,11183.33,25666.67,,4.5
1120069000,2024-10,11183.33,25666.67,,4.5
1120072000,2024-10,533.33,,,1.5
1120079000,2024-10,9481.82,45000.0,,5.5
1121571000,2024-10,7319.24,32375.67,,17.0
1121573000,2024-10,6214.29,13000.0,,7.0
1121574000,2024-10,6634.78,18620.0,,5.75
1121575000,2024-10,6634.78,18620.0,,5.75
1121576000,2024-10,6634.78,18620.0,,5.75
1121577000,2024-10,6634.78,18620.0,,5.75
1121578000,2024-10,10666.67,19500.0,,9.0
1121581000,2024-10,29500.0,62000.0,,6.0
1121582000,2024-10,7463.0,25937.5,,7.5
1121583000,2024-10,7463.0,25937.5,,7.5
1121584000,2024-10,7463.0,25937.5,,7.5
1121584700,2024-10,7463.0,25937.5,,7.5
1121585000,2024-10,21575.81,42750.0,,10.33
1121586000,2024-10,21575.81,42750.0,,10.33
1121587000,2024-10,21575.81,42750.0,,10.33
1123053600,2024-10,9771.67,8000.0,,15.0
1123054500,2024-10,12889.22,30833.33,,9.0
1123056000,2024-10,26481.82,44133.33,,3.67
1123057000,2024-10,26481.82,44133.33,,3.67
1123060000,2024-10,20133.58,42709.26,,11.17
1123061000,2024-10,17030.0,41570.0,,7.5
1123065000,2024-10,16757.07,46020.0,,7.5
1123066000,2024-10,16757.07,46020.0,,7.5
1123070500,2024-10,12640.0,50000.0,,5.0
1123071000,2024-10,13050.0,45000.0,,4.0
1123072000,2024-10,10000.0,19866.67,,6.5
1123073000,2024-10,10000.0,19866.67,,6.5
1123074000,2024-10,28968.44,42604.74,,16.0
1123075000,2024-10,28968.44,42604.74,,16.0
1126052000,2024-10,9825.81,18200.0,,5.17
1126054000,2024-10,9825.81,18200.0,,5.17
1126055000,2024-10,9825.81,18200.0,,5.17
1126056500,2024-10,9825.81,18200.0,,5.17
1126057000,2024-10,9825.81,18200.0,,5.17
1126057500,2024-10,9825.81,18200.0,,5.17
1126058000,2024-10,18033.85,51333.33,,6.5
1126059000,2024-10,18033.85,51333.33,,6.5
1126060000,2024-10,11983.33,25250.0,,6.0
1126061000,2024-10,11983.33,25250.0,,6.0
1126062000,2024-10,11349.17,21922.5,,6.0
1126063000,2024-10,11349.17,21922.5,,6.0
1126065500,2024-10,5453.85,15375.0,,6.5
1126066000,2024-10,5453.85,15375.0,,6.5
1126068000,2024-10,13671.43,41000.0,,3.5
1126069000,2024-10,13671.43,41000.0,,3.5
1129052500,2024-10,28166.67,39200.0,,3.0
1129055500,2024-10,8150.0,47533.33,,4.0
1129057500,2024-10,8825.0,32511.11,,8.0
1129058000,2024-10,29100.0,47533.33,,1.0
1129059000,2024-10,29100.0,47533.33,,1.0
1129060000,2024-10,5714.29,13000.0,,7.0
1129061000,2024-10,1500.0,,,1.0
1129062000,2024-10,26189.24,39622.3,,8.67
1129063000,2024-10,22269.19,38580.95,,4.0
1129064000,2024-10,19992.25,35000.0,,3.0
1129065000,2024-10,19992.25,35000.0,,3.0
1129066000,2024-10,29549.29,40169.0,,4.67
1129068500,2024-10,25419.5,38130.0,,6.67
1129070500,2024-10,13500.0,70000.0,,7.0
1129071500,2024-10,15783.33,31333.33,,2.0
1129072500,2024-10,13855.56,31333.33,,3.0
1129076000,2024-10,23867.17,37384.33,,2.0
1129077000,2024-10,23867.17,37384.33,,2.0
1129078000,2024-10,23867.17,37384.33,,2.0
1129081000,2024-10,5933.33,14300.0,,3.0
1130553400,2024-10,7594.74,18016.67,,3.8
1130553500,2024-10,7594.74,18016.67,,3.8
1130554500,2024-10,7594.74,18016.67,,3.8
1130555500,2024-10,7594.74,18016.67,,3.8
1130557500,2024-10,7594.74,18016.67,,3.8
1130559000,2024-10,2375.0,5000.0,,0.67
1130559500,2024-10,2375.0,5000.0,,0.67
1130560000,2024-10,2375.0,5000.0,,0.67
1130560300,2024-10,2375.0,5000.0,,0.67
1130560600,2024-10,2375.0,5000.0,,0.67
1130560800,2024-10,2375.0,5000.0,,0.67
1130561000,2024-10,2250.0,7160.0,,3.5
1130561500,2024-10,2250.0,7160.0,,3.5
1130562000,2024-10,2250.0,7160.0,,3.5
1130562500,2024-10,2250.0,7160.0,,3.5
1130563000,2024-10,2250.0,7160.0,,3.5
1130563500,2024-10,2250.0,7160.0,,3.5
1130564500,2024-10,1972.22,3369.23,,4.5
1130566000,2024-10,2250.0,7160.0,,3.5
1132051100,2024-10,14034.0,25996.36,,5.0
1132051200,2024-10,14034.0,25996.36,,5.0
1132051300,2024-10,14034.0,25996.36,,5.0
1132051400,2024-10,14034.0,25996.36,,5.0
1132051500,2024-10,14034.0,25996.36,,5.0
1132052100,2024-10,8014.91,14500.0,,5.5
1132052200,2024-10,8014.91,14500.0,,5.5
1132066000,2024-10,8479.0,17000.0,,1.25
1132067000,2024-10,8479.0,17000.0,,1.25
1132068000,2024-10,8479.0,17000.0,,1.25
1132068100,2024-10,8479.0,17000.0,,1.25
1132069000,2024-10,19420.0,62000.0,,3.33
1132070000,2024-10,19420.0,62000.0,,3.33
1132071000,2024-10,19420.0,62000.0,,3.33
1135056000,2024-10,18301.79,25222.5,,4.67
1135057000,2024-10,18301.79,25222.5,,4.67
1135058000,2024-10,18301.79,25222.5,,4.67
1135059500,2024-10,9994.12,28625.0,,8.5
1135060000,2024-10,9994.12,28625.0,,8.5
1135061100,2024-10,24500.0,36125.0,,3.0
1135061200,2024-10,24500.0,36125.0,,3.0
1135061900,2024-10,28148.88,39053.1,,4.25
1135062100,2024-10,28148.88,39053.1,,4.25
1135062400,2024-10,20735.5,33332.72,,8.92
1135062500,2024-10,28148.88,39053.1,,4.25
1135063000,2024-10,13984.02,26897.3,,4.67
1135064000,2024-10,13984.02,26897.3,,4.67
1135066500,2024-10,13984.02,26897.3,,4.67
1135067000,2024-10,13984.02,26897.3,,4.67
1135069500,2024-10,13984.02,26897.3,,4.67
1135070000,2024-10,13984.02,26897.3,,4.67
1135071000,2024-10,13984.02,26897.3,,4.67
1135072000,2024-10,13984.02,26897.3,,4.67
1138051000,2024-10,8035.71,31250.0,,14.0
1138052000,2024-10,6900.0,23333.33,,7.5
1138053000,2024-10,6900.0,23333.33,,7.5
1138055100,2024-10,10325.0,14925.0,,4.0
1138055200,2024-10,10325.0,14925.0,,4.0
1138056000,2024-10,5285.71,15000.0,,7.0
1138057000,2024-10,4083.33,15000.0,,6.0
1138058000,2024-10,24392.86,45000.0,,4.67
1138059000,2024-10,24392.86,45000.0,,4.67
1138060000,2024-10,24392.86,45000.0,,4.67
1138062500,2024-10,11606.25,22712.5,,4.0
1138063100,2024-10,9700.0,22650.0,,2.5
1138063200,2024-10,9700.0,22650.0,,2.5
1138064000,2024-10,21750.0,43000.0,,2.0
1138065000,2024-10,70000.0,70000.0,,1.0
1138069000,2024-10,8300.0,42000.0,,6.0
1141052000,2024-10,19875.0,70000.0,,4.0
1141055500,2024-10,25902.33,54362.14,,7.5
1141056500,2024-10,31218.06,48153.5,,8.0
1141058500,2024-10,2200.0,21000.0,,12.5
1141061500,2024-10,9182.78,32030.0,,18.0
1141062000,2024-10,25746.15,44283.33,,4.33
1141064000,2024-10,25746.15,44283.33,,4.33
1141065500,2024-10,25746.15,44283.33,,4.33
1141066000,2024-10,20771.43,51200.0,,3.5
1141068500,2024-10,20771.43,51200.0,,3.5
1141069000,2024-10,15429.0,51650.0,,5.0
1141070000,2024-10,15429.0,51650.0,,5.0
1141071000,2024-10,25083.33,72000.0,,3.0
1141072000,2024-10,25083.33,72000.0,,3.0
1144055500,2024-10,36134.26,65291.67,,10.33
1144056500,2024-10,29129.31,59758.82,,16.0
1144058500,2024-10,6449.7,47266.67,,28.17
1144059000,2024-10,13179.73,56735.48,,35.17
1144060000,2024-10,32188.1,71814.29,,7.0
1144061000,2024-10,27384.84,64108.33,,6.33
1144063000,2024-10,35822.22,64775.0,,7.5
1144065500,2024-10,54947.37,70285.71,,9.5
1144066000,2024-10,6391.78,29614.29,,23.0
1144068000,2024-10,9750.0,16500.0,,4.0
1144069000,2024-10,4254.55,14500.0,,5.5
1144070000,2024-10,4254.55,14500.0,,5.5
1144071000,2024-10,5531.25,,,8.0
1144072000,2024-10,11804.07,26526.25,,13.5
1144073000,2024-10,12645.17,26526.25,,14.5
1144074000,2024-10,25674.42,64087.5,,12.0
1147051000,2024-10,66400.0,87424.14,,10.6
1147052000,2024-10,66400.0,87424.14,,10.6
1147053000,2024-10,66400.0,87424.14,,10.6
1147054000,2024-10,66400.0,87424.14,,10.6
1147055000,2024-10,66400.0,87424.14,,10.6
1147056000,2024-10,12220.0,22200.0,,1.43
1147057000,2024-10,12220.0,22200.0,,1.43
1147058000,2024-10,12220.0,22200.0,,1.43
1147059000,2024-10,12220.0,22200.0,,1.43
1147060000,2024-10,12220.0,22200.0,,1.43
1147061000,2024-10,12220.0,22200.0,,1.43
1147061100,2024-10,12220.0,22200.0,,1.43
1147062000,2024-10,32577.08,55582.35,,6.33
1147063000,2024-10,32577.08,55582.35,,6.33
1147064000,2024-10,32577.08,55582.35,,6.33
1147065000,2024-10,32577.08,55582.35,,6.33
1147067000,2024-10,32577.08,55582.35,,6.33
1147068000,2024-10,32577.08,55582.35,,6.33
1150051000,2024-10,26219.12,49860.0,,6.0
1150052000,2024-10,14411.76,39100.0,,4.25
1150053000,2024-10,14411.76,39100.0,,4.25
1150053500,2024-10,14411.76,39100.0,,4.25
1150054000,2024-10,12493.59,34135.0,,4.88
1150055000,2024-10,12493.59,34135.0,,4.88
1150056000,2024-10,12493.59,34135.0,,4.88
1150057000,2024-10,12493.59,34135.0,,4.88
1150059000,2024-10,12493.59,34135.0,,4.88
1150059100,2024-10,12493.59,34135.0,,4.88
1150059300,2024-10,12493.59,34135.0,,4.88
1150060300,2024-10,19781.87,51546.98,,10.05
1150060400,2024-10,19569.75,38100.0,,1.0
1150060500,2024-10,26219.12,49860.0,,6.0
1150061100,2024-10,28934.36,55117.06,,7.8
1150061500,2024-10,21410.32,41728.85,,7.88
1150062000,2024-10,17186.0,37691.99,,12.8
1150063000,2024-10,17186.0,37691.99,,12.8
1150064000,2024-10,13120.61,26646.38,,4.5
1150064100,2024-10,19035.56,43453.16,,9.3
1153051000,2024-10,31440.36,45140.67,,11.0
1153052000,2024-10,7341.67,21250.0,,7.2
1153053000,2024-10,7341.67,21250.0,,7.2
1153054000,2024-10,7341.67,21250.0,,7.2
1153055000,2024-10,7341.67,21250.0,,7.2
1153056000,2024-10,7341.67,21250.0,,7.2
1153059500,2024-10,10404.44,12328.0,,9.0
1153072000,2024-10,16266.67,10250.0,,4.5
1153073000,2024-10,16266.67,10250.0,,4.5
1153074000,2024-10,14155.72,23666.67,,9.67
1153075000,2024-10,14155.72,23666.67,,9.67
1153076000,2024-10,14155.72,23666.67,,9.67
1153077000,2024-10,3890.91,7500.0,,5.5
1153078000,2024-10,11988.24,32375.0,,8.5
1153079000,2024-10,13750.0,14375.0,,6.0
1153080000,2024-10,15250.0,22000.0,,2.0
1154551000,2024-10,3266.67,13800.0,,6.0
1154561000,2024-10,6641.46,19314.29,,7.0
1154562000,2024-10,6641.46,19314.29,,7.0
1154563000,2024-10,6641.46,19314.29,,7.0
1154564000,2024-10,6641.46,19314.29,,7.0
1154567000,2024-10,8106.45,23337.5,,6.2
1154568000,2024-10,8106.45,23337.5,,6.2
1154569000,2024-10,8106.45,23337.5,,6.2
1154570000,2024-10,8106.45,23337.5,,6.2
1154571000,2024-10,8106.45,23337.5,,6.2
1156051500,2024-10,16474.06,53551.07,,9.14
1156053500,2024-10,17084.81,36243.57,,26.0
1156054000,2024-10,52444.44,54500.0,,9.0
1156055000,2024-10,21950.0,41625.0,,12.0
1156056000,2024-10,21427.15,50577.57,,20.0
1156058500,2024-10,10650.0,18700.0,,14.0
1156060500,2024-10,49600.0,58333.33,,5.0
1156061000,2024-10,15847.06,52000.0,,8.5
1156062000,2024-10,13106.67,38000.0,,7.5
1156063000,2024-10,14334.44,44602.14,,5.14
1156065000,2024-10,14334.44,44602.14,,5.14
1156066000,2024-10,14334.44,44602.14,,5.14
1156067000,2024-10,12528.19,33940.86,,9.64
1156068000,2024-10,14334.44,44602.14,,5.14
1156069000,2024-10,14334.44,44602.14,,5.14
1156070000,2024-10,10463.89,26833.33,,4.5
1156071000,2024-10,10463.89,26833.33,,4.5
1156072000,2024-10,10463.89,26833.33,,4.5
1159051000,2024-10,20228.57,35381.82,,10.5
1159052000,2024-10,12507.69,25800.0,,6.5
1159053000,2024-10,16667.02,40908.33,,11.75
1159054000,2024-10,20552.86,56362.5,,8.75
1159055000,2024-10,20552.86,56362.5,,8.75
1159056000,2024-10,20552.86,56362.5,,8.75
1159060500,2024-10,48255.07,68077.78,,14.0
1159062000,2024-10,20643.85,34248.75,,6.6
1159063000,2024-10,26896.44,47522.86,,8.6
1159064000,2024-10,20643.85,34248.75,,6.6
1159065000,2024-10,20643.85,34248.75,,6.6
1159065100,2024-10,20643.85,34248.75,,6.6
1159066000,2024-10,27484.36,42714.29,,11.0
1159067000,2024-10,10338.89,48500.0,,9.0
1159068000,2024-10,10338.89,48500.0,,9.0
1162052500,2024-10,10760.03,34083.21,,7.11
1162054500,2024-10,10760.03,34083.21,,7.11
1162056500,2024-10,10760.03,34083.21,,7.11
1162057500,2024-10,10760.03,34083.21,,7.11
1162058500,2024-10,10760.03,34083.21,,7.11
1162059500,2024-10,10760.03,34083.21,,7.11
1162060500,2024-10,10760.03,34083.21,,7.11
1162061500,2024-10,10760.03,34083.21,,7.11
1162062500,2024-10,10760.03,34083.21,,7.11
1162063000,2024-10,3000.0,,,6.0
1162064500,2024-10,6177.57,27666.67,,9.18
1162065500,2024-10,6177.57,27666.67,,9.18
1162066500,2024-10,6177.57,27666.67,,9.18
1162068500,2024-10,6177.57,27666.67,,9.18
1162069500,2024-10,6177.57,27666.67,,9.18
1162071500,2024-10,6177.57,27666.67,,9.18
1162072500,2024-10,6177.57,27666.67,,9.18
1162073500,2024-10,6177.57,27666.67,,9.18
1162074500,2024-10,6177.57,27666.67,,9.18
1162076500,2024-10,6177.57,27666.67,,9.18
1162077500,2024-10,6177.57,27666.67,,9.18
1165051000,2024-10,56903.19,94402.17,,11.75
1165052000,2024-10,56903.19,94402.17,,11.75
1165053000,2024-10,46676.24,85183.93,,17.08
1165053100,2024-10,56903.19,94402.17,,11.75
1165054000,2024-10,67563.12,109220.0,,8.0
1165055000,2024-10,66450.43,164923.08,,11.0
1165056000,2024-10,66450.43,164923.08,,11.0
1165057000,2024-10,66450.43,164923.08,,11.0
1165058000,2024-10,67563.12,109220.0,,8.0
1165058100,2024-10,66450.43,164923.08,,11.0
1165059000,2024-10,24145.0,53381.0,,5.33
1165060000,2024-10,24145.0,53381.0,,5.33
1165061000,2024-10,24145.0,53381.0,,5.33
1165062000,2024-10,24145.0,53381.0,,5.33
1165062100,2024-10,24145.0,53381.0,,5.33
1165065100,2024-10,28275.04,47419.17,,12.5
1165065200,2024-10,11916.0,35700.0,,3.5
1165066000,2024-10,52000.0,77000.0,,3.0
1168051000,2024-10,62985.0,102641.67,,5.0
1168052100,2024-10,16931.58,67333.33,,9.5
1168053100,2024-10,16931.58,67333.33,,9.5
1168054500,2024-10,62985.0,102641.67,,5.0
1168056500,2024-10,24777.78,82500.0,,9.0
1168058000,2024-10,87527.78,130722.22,,9.0
1168059000,2024-10,87527.78,130722.22,,9.0
1168060000,2024-10,76123.08,113282.35,,7.8
1168061000,2024-10,76123.08,113282.35,,7.8
1168063000,2024-10,76123.08,113282.35,,7.8
1168064000,2024-10,41939.35,88407.78,,15.5
1168065000,2024-10,41939.35,88407.78,,15.5
1168065500,2024-10,67875.0,167500.0,,8.0
1168065600,2024-10,67875.0,167500.0,,8.0
1168066000,2024-10,58984.52,83623.68,,8.4
1168067000,2024-10,64895.74,90341.15,,10.8
1168067500,2024-10,69603.98,99410.93,,18.6
1168069000,2024-10,58984.52,83623.68,,8.4
1168070000,2024-10,29658.13,70000.0,,15.0
1168072000,2024-10,67250.79,116292.26,,5.07
1168073000,2024-10,67250.79,116292.26,,5.07
1168074000,2024-10,69603.98,99410.93,,18.6
1168075000,2024-10,50750.0,132500.0,,2.67
1171051000,2024-10,17914.86,42481.6,,7.0
1171052000,2024-10,17914.86,42481.6,,7.0
1171053100,2024-10,19283.33,39400.0,,4.0
1171053200,2024-10,19283.33,39400.0,,4.0
1171054000,2024-10,11126.47,15627.78,,8.5
1171055000,2024-10,11126.47,15627.78,,8.5
1171056100,2024-10,25255.0,55216.67,,6.67
1171056200,2024-10,25255.0,55216.67,,6.67
1171056600,2024-10,25255.0,55216.67,,6.67
1171057000,2024-10,32604.36,51666.67,,11.0
1171058000,2024-10,17300.0,39250.0,,7.0
1171059000,2024-10,17300.0,39250.0,,7.0
1171060000,2024-10,15627.94,30779.17,,17.0
1171061000,2024-10,12339.29,17850.0,,14.0
1171062000,2024-10,44464.52,80825.0,,10.33
1171063100,2024-10,44464.52,80825.0,,10.33
1171063200,2024-10,44464.52,80825.0,,10.33
1171064100,2024-10,17242.86,52857.14,,11.67
1171064200,2024-10,16533.0,33208.44,,18.0
1171064600,2024-10,16533.0,33208.44,,18.0
1171064700,2024-10,16796.19,26547.0,,10.33
1171065000,2024-10,43706.59,82829.23,,10.25
1171067000,2024-10,43706.59,82829.23,,10.25
1171068000,2024-10,43706.59,82829.23,,10.25
1171069000,2024-10,45000.0,62333.33,,4.0
1171071000,2024-10,45000.0,62333.33,,4.0
1171072000,2024-10,43706.59,82829.23,,10.25
1174051500,2024-10,27463.64,70166.67,,5.5
1174052000,2024-10,49600.0,70166.67,,2.5
1174052500,2024-10,49600.0,70166.67,,2.5
1174052600,2024-10,49600.0,70166.67,,2.5
1174053000,2024-10,20607.67,36877.5,,4.5
1174054000,2024-10,20607.67,36877.5,,4.5
1174055000,2024-10,55332.39,64913.61,,11.5
1174056000,2024-10,55332.39,64913.61,,11.5
1174057000,2024-10,20908.05,51995.71,,7.33
1174058000,2024-10,20908.05,51995.71,,7.33
1174059000,2024-10,20908.05,51995.71,,7.33
1174060000,2024-10,11440.25,40428.57,,10.67
1174061000,2024-10,11440.25,40428.57,,10.67
1174062000,2024-10,11440.25,40428.57,,10.67
1174064000,2024-10,14880.0,32228.57,,6.67
1174065000,2024-10,14880.0,32228.57,,6.67
1174066000,2024-10,14880.0,32228.57,,6.67
1174068500,2024-10,6202.25,,,12.0
1174069000,2024-10,65308.98,77071.2,,32.0
1174070000,2024-10,65308.98,77071.2,,32.0
1111051500,2024-11,20750.0,27333.33,,4.0
1111053000,2024-11,30096.43,57175.0,,14.0
1111054000,2024-11,21000.0,,,2.0
1111055000,2024-11,20870.0,23233.33,,10.0
1111056000,2024-11,20071.43,48000.0,,7.0
1111057000,2024-11,57333.33,85000.0,,3.0
1111058000,2024-11,40537.33,71266.67,,12.0
1111060000,2024-11,10666.67,,,3.0
1111061500,2024-11,11125.0,26666.67,,8.0
1111063000,2024-11,21694.44,44937.5,,18.0
1111064000,2024-11,5727.27,17333.33,,11.0
1111065000,2024-11,5581.67,34250.0,,60.0
1111067000,2024-11,19014.29,21875.0,,2.33
1111068000,2024-11,19014.29,21875.0,,2.33
1111069000,2024-11,19014.29,21875.0,,2.33
1111070000,2024-11,14945.83,39875.0,,12.0
1111071000,2024-11,14945.83,39875.0,,12.0
1114052000,2024-11,11785.71,42500.0,,3.5
1114054000,2024-11,48055.56,58100.0,,4.5
1114055000,2024-11,22125.0,32000.0,,4.0
1114057000,2024-11,12833.33,102400.0,,7.5
1114058000,2024-11,2406.25,,,8.0
1114059000,2024-11,12304.76,33360.0,,10.5
1114060500,2024-11,11937.5,,,4.0
1114061000,2024-11,22976.89,66289.36,,7.36
1114061500,2024-11,22976.89,66289.36,,7.36
1114062000,2024-11,19053.02,46822.22,,5.36
1114062500,2024-11,19053.02,46822.22,,5.36
1114063000,2024-11,19053.02,46822.22,,5.36
1114063500,2024-11,19053.02,46822.22,,5.36
1114064000,2024-11,19053.02,46822.22,,5.36
1114064500,2024-11,19053.02,46822.22,,5.36
1114065000,2024-11,19053.02,46822.22,,5.36
1114066000,2024-11,19053.02,46822.22,,5.36
1114066500,2024-11,19053.02,46822.22,,5.36
1114067000,2024-11,15385.0,28512.5,,25.0
1114068000,2024-11,39976.19,73333.33,,21.0
1117051000,2024-11,13140.0,31225.0,,10.0
1117052000,2024-11,3446.47,14670.0,,17.0
1117053000,2024-11,9571.43,29000.0,,7.0
1117055500,2024-11,6161.29,17250.0,,31.0
1117056000,2024-11,25954.35,37922.73,,23.0
1117057000,2024-11,17600.0,43600.0,,8.0
1117058000,2024-11,39088.0,45840.0,,10.0
1117059000,2024-11,27811.12,37611.11,,16.0
1117062500,2024-11,54717.92,124800.0,,25.0
1117063000,2024-11,48505.71,57247.06,,17.5
1117064000,2024-11,48505.71,57247.06,,17.5
1117065000,2024-11,8500.0,56500.0,,8.0
1117066000,2024-11,8500.0,56500.0,,8.0
1117068500,2024-11,110491.67,280975.0,,24.0
1117069000,2024-11,27524.62,30299.25,,8.0
1117070000,2024-11,500.0,,,1.0
1120052000,2024-11,59808.0,80012.5,,12.5
1120053500,2024-11,31641.98,58421.05,,40.5
1120054000,2024-11,23160.71,53650.0,,28.0
1120055000,2024-11,11414.68,51938.46,,36.33
1120056000,2024-11,20313.79,51938.46,,19.33
1120057000,2024-11,20313.79,51938.46,,19.33
1120058000,2024-11,38740.0,54137.5,,15.0
1120059000,2024-11,34888.89,47333.33,,9.0
1120061500,2024-11,21636.36,56000.0,,11.0
1120062000,2024-11,42437.5,74833.33,,16.0
1120064500,2024-11,51000.42,72476.95,,38.0
1120065000,2024-11,39434.52,43691.18,,21.0
1120066000,2024-11,39434.52,43691.18,,21.0
1120067000,2024-11,16043.48,62000.0,,11.5
1120069000,2024-11,16043.48,62000.0,,11.5
1120072000,2024-11,15291.67,35200.0,,6.0
1120079000,2024-11,9196.05,24238.1,,38.0
1121571000,2024-11,2700.0,17400.0,,76.0
1121573000,2024-11,6818.62,17918.12,,40.0
1121574000,2024-11,10034.89,19059.38,,18.75
1121575000,2024-11,10034.89,19059.38,,18.75
1121576000,2024-11,10034.89,19059.38,,18.75
1121577000,2024-11,10034.89,19059.38,,18.75
1121578000,2024-11,4545.0,20500.0,,20.0
1121581000,2024-11,53089.19,61470.83,,37.0
1121582000,2024-11,18975.62,44493.63,,21.25
1121583000,2024-11,18975.62,44493.63,,21.25
1121584000,2024-11,18975.62,44493.63,,21.25
1121584700,2024-11,18975.62,44493.63,,21.25
1121585000,2024-11,21999.2,53914.0,,36.0
1121586000,2024-11,21999.2,53914.0,,36.0
1121587000,2024-11,21999.2,53914.0,,36.0
1123053600,2024-11,14887.36,32951.85,,73.0
1123054500,2024-11,2333.41,5590.0,,41.0
1123056000,2024-11,11230.43,36555.56,,15.33
1123057000,2024-11,11230.43,36555.56,,15.33
1123060000,2024-11,22441.96,49763.69,,40.83
1123061000,2024-11,29183.53,53365.91,,25.5
1123065000,2024-11,19077.83,39626.92,,35.5
1123066000,2024-11,19077.83,39626.92,,35.5
1123070500,2024-11,9316.36,40000.0,,11.0
1123071000,2024-11,4817.24,17483.33,,29.0
1123072000,2024-11,4678.33,22000.0,,60.0
1123073000,2024-11,4678.33,22000.0,,60.0
1123074000,2024-11,16503.75,37970.83,,40.0
1123075000,2024-11,16503.75,37970.83,,40.0
1126052000,2024-11,13432.86,26896.0,,11.67
1126054000,2024-11,13432.86,26896.0,,11.67
1126055000,2024-11,13432.86,26896.0,,11.67
1126056500,2024-11,13432.86,26896.0,,11.67
1126057000,2024-11,13432.86,26896.0,,11.67
1126057500,2024-11,13432.86,26896.0,,11.67
1126058000,2024-11,15803.8,33593.75,,20.5
1126059000,2024-11,15803.8,33593.75,,20.5
1126060000,2024-11,10372.22,19666.67,,9.0
1126061000,2024-11,10372.22,19666.67,,9.0
1126062000,2024-11,9001.43,22400.0,,17.5
1126063000,2024-11,9001.43,22400.0,,17.5
1126065500,2024-11,8217.6,16280.0,,12.5
1126066000,2024-11,8217.6,16280.0,,12.5
1126068000,2024-11,20115.05,41187.5,,10.0
1126069000,2024-11,20115.05,41187.5,,10.0
1129052500,2024-11,9250.0,16300.0,,18.0
1129055500,2024-11,24355.73,58976.0,,21.83
1129057500,2024-11,3491.48,34100.0,,52.83
1129058000,2024-11,21694.12,34100.0,,2.83
1129059000,2024-11,21694.12,34100.0,,2.83
1129060000,2024-11,965.1,,,29.0
1129061000,2024-11,13264.71,33333.33,,17.0
1129062000,2024-11,24802.57,45263.56,,30.33
1129063000,2024-11,13398.89,32755.82,,17.33
1129064000,2024-11,11777.98,32334.12,,14.5
1129065000,2024-11,11777.98,32334.12,,14.5
1129066000,2024-11,40007.49,54786.5,,13.0
1129068500,2024-11,30193.31,48992.96,,20.33
1129070500,2024-11,26466.67,45490.0,,24.0
1129071500,2024-11,12795.45,27750.0,,7.33
1129072500,2024-11,8632.35,27750.0,,11.33
1129076000,2024-11,18829.79,41666.67,,15.67
1129077000,2024-11,18829.79,41666.67,,15.67
1129078000,2024-11,18829.79,41666.67,,15.67
1129081000,2024-11,14253.57,30611.11,,28.0
1130553400,2024-11,13036.84,33316.67,,11.4
1130553500,2024-11,13036.84,33316.67,,11.4
1130554500,2024-11,13036.84,33316.67,,11.4
1130555500,2024-11,13036.84,33316.67,,11.4
1130557500,2024-11,13036.84,33316.67,,11.4
1130559000,2024-11,13183.33,41250.0,,3.0
1130559500,2024-11,13183.33,41250.0,,3.0
1130560000,2024-11,13183.33,41250.0,,3.0
1130560300,2024-11,13183.33,41250.0,,3.0
1130560600,2024-11,13183.33,41250.0,,3.0
1130560800,2024-11,13183.33,41250.0,,3.0
1130561000,2024-11,3716.33,15664.29,,6.12
1130561500,2024-11,3716.33,15664.29,,6.12
1130562000,2024-11,3716.33,15664.29,,6.12
1130562500,2024-11,3716.33,15664.29,,6.12
1130563000,2024-11,3716.33,15664.29,,6.12
1130563500,2024-11,3716.33,15664.29,,6.12
1130564500,2024-11,5508.77,10854.35,,9.12
1130566000,2024-11,3716.33,15664.29,,6.12
1132051100,2024-11,15511.95,27153.5,,11.8
1132051200,2024-11,15511.95,27153.5,,11.8
1132051300,2024-11,15511.95,27153.5,,11.8
1132051400,2024-11,15511.95,27153.5,,11.8
1132051500,2024-11,15511.95,27153.5,,11.8
1132052100,2024-11,5939.43,21500.0,,11.5
1132052200,2024-11,5939.43,21500.0,,11.5
1132066000,2024-11,9297.08,17768.75,,9.0
1132067000,2024-11,9297.08,17768.75,,9.0
1132068000,2024-11,9297.08,17768.75,,9.0
1132068100,2024-11,9297.08,17768.75,,9.0
1132069000,2024-11,6270.83,16000.0,,8.0
1132070000,2024-11,6270.83,16000.0,,8.0
1132071000,2024-11,6270.83,16000.0,,8.0
1135056000,2024-11,12705.36,28928.57,,18.67
1135057000,2024-11,12705.36,28928.57,,18.67
1135058000,2024-11,12705.36,28928.57,,18.67
1135059500,2024-11,10763.68,28474.14,,47.5
1135060000,2024-11,10763.68,28474.14,,47.5
1135061100,2024-11,29718.28,42447.37,,14.5
1135061200,2024-11,29718.28,42447.37,,14.5
1135061900,2024-11,27063.09,43308.57,,16.75
1135062100,2024-11,27063.09,43308.57,,16.75
1135062400,2024-11,22084.78,39641.57,,29.97
1135062500,2024-11,27063.09,43308.57,,16.75
1135063000,2024-11,15778.24,33497.38,,13.22
1135064000,2024-11,15778.24,33497.38,,13.22
1135066500,2024-11,15778.24,33497.38,,13.22
1135067000,2024-11,15778.24,33497.38,,13.22
1135069500,2024-11,15778.24,33497.38,,13.22
1135070000,2024-11,15778.24,33497.38,,13.22
1135071000,2024-11,15778.24,33497.38,,13.22
1135072000,2024-11,15778.24,33497.38,,13.22
1138051000,2024-11,22488.85,37775.0,,34.0
1138052000,2024-11,8111.43,25220.0,,14.0
1138053000,2024-11,8111.43,25220.0,,14.0
1138055100,2024-11,11719.09,28416.67,,11.0
1138055200,2024-11,11719.09,28416.67,,11.0
1138056000,2024-11,11671.43,24700.0,,7.0
1138057000,2024-11,6831.82,23000.0,,22.0
1138058000,2024-11,19726.25,43534.62,,13.33
1138059000,2024-11,19726.25,43534.62,,13.33
1138060000,2024-11,19726.25,43534.62,,13.33
1138062500,2024-11,17116.67,29136.36,,30.0
1138063100,2024-11,17307.86,30287.14,,7.0
1138063200,2024-11,17307.86,30287.14,,7.0
1138064000,2024-11,37959.5,66600.0,,6.0
1138065000,2024-11,50516.43,69400.0,,7.0
1138069000,2024-11,21190.33,39187.88,,36.0
1141052000,2024-11,27000.0,43000.0,,11.0
1141055500,2024-11,14184.2,71993.73,,37.0
1141056500,2024-11,27367.27,50522.68,,25.5
1141058500,2024-11,3282.22,17428.57,,112.5
1141061500,2024-11,6249.91,29562.5,,108.0
1141062000,2024-11,21901.92,36336.36,,8.67
1141064000,2024-11,21901.92,36336.36,,8.67
1141065500,2024-11,21901.92,36336.36,,8.67
1141066000,2024-11,26013.94,37707.5,,16.5
1141068500,2024-11,26013.94,37707.5,,16.5
1141069000,2024-11,22587.2,47571.24,,23.0
1141070000,2024-11,22587.2,47571.24,,23.0
1141071000,2024-11,30687.5,47875.0,,8.0
1141072000,2024-11,30687.5,47875.0,,8.0
1144055500,2024-11,48056.55,63500.07,,48.67
1144056500,2024-11,39488.88,62055.7,,73.67
1144058500,2024-11,27011.49,50765.33,,11.17
1144059000,2024-11,33219.53,54944.39,,38.5
1144060000,2024-11,13994.15,42584.4,,38.67
1144061000,2024-11,45058.81,62053.24,,19.67
1144063000,2024-11,27130.57,62404.33,,35.67
1144065500,2024-11,19985.71,75833.33,,28.0
1144066000,2024-11,10487.32,23557.14,,56.0
1144068000,2024-11,18116.0,42750.0,,25.0
1144069000,2024-11,13045.24,44657.75,,12.5
1144070000,2024-11,13045.24,44657.75,,12.5
1144071000,2024-11,4382.35,56000.0,,17.0
1144072000,2024-11,10991.79,31004.55,,33.5
1144073000,2024-11,13696.91,35473.53,,40.5
1144074000,2024-11,21215.3,39691.67,,30.0
1147051000,2024-11,43552.34,62332.31,,25.6
1147052000,2024-11,43552.34,62332.31,,25.6
1147053000,2024-11,43552.34,62332.31,,25.6
1147054000,2024-11,43552.34,62332.31,,25.6
1147055000,2024-11,43552.34,62332.31,,25.6
1147056000,2024-11,17759.81,35928.31,,5.14
1147057000,2024-11,17759.81,35928.31,,5.14
1147058000,2024-11,17759.81,35928.31,,5.14
1147059000,2024-11,17759.81,35928.31,,5.14
1147060000,2024-11,17759.81,35928.31,,5.14
1147061000,2024-11,17759.81,35928.31,,5.14
1147061100,2024-11,17759.81,35928.31,,5.14
1147062000,2024-11,38078.13,55740.98,,17.83
1147063000,2024-11,38078.13,55740.98,,17.83
1147064000,2024-11,38078.13,55740.98,,17.83
1147065000,2024-11,38078.13,55740.98,,17.83
1147067000,2024-11,38078.13,55740.98,,17.83
1147068000,2024-11,38078.13,55740.98,,17.83
1150051000,2024-11,21214.82,45909.68,,21.25
1150052000,2024-11,22046.11,41970.69,,18.0
1150053000,2024-11,22046.11,41970.69,,18.0
1150053500,2024-11,22046.11,41970.69,,18.0
1150054000,2024-11,12175.49,36550.94,,18.75
1150055000,2024-11,12175.49,36550.94,,18.75
1150056000,2024-11,12175.49,36550.94,,18.75
1150057000,2024-11,12175.49,36550.94,,18.75
1150059000,2024-11,12175.49,36550.94,,18.75
1150059100,2024-11,12175.49,36550.94,,18.75
1150059300,2024-11,12175.49,36550.94,,18.75
1150060300,2024-11,20677.9,42115.67,,45.95
1150060400,2024-11,22581.29,41030.77,,7.75
1150060500,2024-11,21214.82,45909.68,,21.25
1150061100,2024-11,21768.39,39316.02,,35.7
1150061500,2024-11,18309.7,36586.12,,34.25
1150062000,2024-11,15116.32,34852.24,,39.95
1150063000,2024-11,15116.32,34852.24,,39.95
1150064000,2024-11,13929.65,29408.33,,13.75
1150064100,2024-11,16535.57,37412.97,,32.95
1153051000,2024-11,28337.5,46150.0,,28.0
1153052000,2024-11,11315.43,32172.0,,18.8
1153053000,2024-11,11315.43,32172.0,,18.8
1153054000,2024-11,11315.43,32172.0,,18.8
1153055000,2024-11,11315.43,32172.0,,18.8
1153056000,2024-11,11315.43,32172.0,,18.8
1153059500,2024-11,8470.62,20183.6,,13.0
1153072000,2024-11,25392.31,35250.0,,6.5
1153073000,2024-11,25392.31,35250.0,,6.5
1153074000,2024-11,18105.48,35461.67,,20.0
1153075000,2024-11,18105.48,35461.67,,20.0
1153076000,2024-11,18105.48,35461.67,,20.0
1153077000,2024-11,10085.23,20315.0,,13.0
1153078000,2024-11,14028.31,29502.63,,26.0
1153079000,2024-11,5562.5,8000.0,,8.0
1153080000,2024-11,11250.0,21000.0,,3.0
1154551000,2024-11,10367.09,29476.69,,45.0
1154561000,2024-11,13858.61,25811.61,,20.75
1154562000,2024-11,13858.61,25811.61,,20.75
1154563000,2024-11,13858.61,25811.61,,20.75
1154564000,2024-11,13858.61,25811.61,,20.75
1154567000,2024-11,12873.9,28122.38,,10.0
1154568000,2024-11,12873.9,28122.38,,10.0
1154569000,2024-11,12873.9,28122.38,,10.0
1154570000,2024-11,12873.9,28122.38,,10.0
1154571000,2024-11,12873.9,28122.38,,10.0
1156051500,2024-11,23928.74,40553.91,,16.5
1156053500,2024-11,15433.74,28057.58,,81.5
1156054000,2024-11,51228.26,78673.91,,46.0
1156055000,2024-11,38730.43,67411.11,,23.0
1156056000,2024-11,20382.76,49668.75,,58.0
1156058500,2024-11,6731.82,22100.0,,22.0
1156060500,2024-11,33423.08,45625.0,,26.0
1156061000,2024-11,28142.18,43402.12,,17.0
1156062000,2024-11,15366.38,38640.62,,29.0
1156063000,2024-11,26310.36,45608.75,,12.0
1156065000,2024-11,26310.36,45608.75,,12.0
1156066000,2024-11,26310.36,45608.75,,12.0
1156067000,2024-11,20617.92,43209.43,,25.25
1156068000,2024-11,26310.36,45608.75,,12.0
1156069000,2024-11,26310.36,45608.75,,12.0
1156070000,2024-11,15462.51,39553.33,,13.25
1156071000,2024-11,15462.51,39553.33,,13.25
1156072000,2024-11,15462.51,39553.33,,13.25
1159051000,2024-11,21863.24,39787.88,,34.0
1159052000,2024-11,9391.18,39000.0,,17.0
1159053000,2024-11,10860.97,38205.41,,89.5
1159054000,2024-11,20579.06,41951.72,,35.5
1159055000,2024-11,20579.06,41951.72,,35.5
1159056000,2024-11,20579.06,41951.72,,35.5
1159060500,2024-11,39548.8,66440.65,,54.0
1159062000,2024-11,24431.68,47762.68,,23.8
1159063000,2024-11,30524.34,52529.02,,31.8
1159064000,2024-11,24431.68,47762.68,,23.8
1159065000,2024-11,24431.68,47762.68,,23.8
1159065100,2024-11,24431.68,47762.68,,23.8
1159066000,2024-11,10360.87,16950.0,,23.0
1159067000,2024-11,23180.95,43725.0,,10.5
1159068000,2024-11,23180.95,43725.0,,10.5
1162052500,2024-11,10198.98,33621.66,,29.22
1162054500,2024-11,10198.98,33621.66,,29.22
1162056500,2024-11,10198.98,33621.66,,29.22
1162057500,2024-11,10198.98,33621.66,,29.22
1162058500,2024-11,10198.98,33621.66,,29.22
1162059500,2024-11,10198.98,33621.66,,29.22
1162060500,2024-11,10198.98,33621.66,,29.22
1162061500,2024-11,10198.98,33621.66,,29.22
1162062500,2024-11,10198.98,33621.66,,29.22
1162063000,2024-11,22702.67,41423.33,,15.0
1162064500,2024-11,9470.76,31946.5,,21.55
1162065500,2024-11,9470.76,31946.5,,21.55
1162066500,2024-11,9470.76,31946.5,,21.55
1162068500,2024-11,9470.76,31946.5,,21.55
1162069500,2024-11,9470.76,31946.5,,21.55
1162071500,2024-11,9470.76,31946.5,,21.55
1162072500,2024-11,9470.76,31946.5,,21.55
1162073500,2024-11,9470.76,31946.5,,21.55
1162074500,2024-11,9470.76,31946.5,,21.55
1162076500,2024-11,9470.76,31946.5,,21.55
1162077500,2024-11,9470.76,31946.5,,21.55
1165051000,2024-11,56923.9,89726.21,,29.5
1165052000,2024-11,56923.9,89726.21,,29.5
1165053000,2024-11,48154.88,86101.01,,46.83
1165053100,2024-11,56923.9,89726.21,,29.5
1165054000,2024-11,61473.47,104510.0,,24.5
1165055000,2024-11,99775.59,150237.55,,27.75
1165056000,2024-11,99775.59,150237.55,,27.75
1165057000,2024-11,99775.59,150237.55,,27.75
1165058000,2024-11,61473.47,104510.0,,24.5
1165058100,2024-11,99775.59,150237.55,,27.75
1165059000,2024-11,33230.67,76245.0,,17.33
1165060000,2024-11,33230.67,76245.0,,17.33
1165061000,2024-11,33230.67,76245.0,,17.33
1165062000,2024-11,33230.67,76245.0,,17.33
1165062100,2024-11,33230.67,76245.0,,17.33
1165065100,2024-11,33314.92,63301.39,,49.0
1165065200,2024-11,19475.96,48632.14,,26.0
1165066000,2024-11,56800.0,91500.0,,10.0
1168051000,2024-11,75600.0,102052.63,,17.5
1168052100,2024-11,21976.65,57991.67,,24.0
1168053100,2024-11,21976.65,57991.67,,24.0
1168054500,2024-11,75600.0,102052.63,,17.5
1168056500,2024-11,44708.33,95666.67,,24.0
1168058000,2024-11,51066.49,74790.0,,27.5
1168059000,2024-11,51066.49,74790.0,,27.5
1168060000,2024-11,64950.06,98276.41,,28.8
1168061000,2024-11,64950.06,98276.41,,28.8
1168063000,2024-11,64950.06,98276.41,,28.8
1168064000,2024-11,48725.71,91612.14,,65.5
1168065000,2024-11,48725.71,91612.14,,65.5
1168065500,2024-11,88269.7,121729.73,,33.0
1168065600,2024-11,88269.7,121729.73,,33.0
1168066000,2024-11,62280.36,91243.27,,22.2
1168067000,2024-11,61434.35,93312.06,,30.6
1168067500,2024-11,63138.94,95618.33,,59.4
1168069000,2024-11,62280.36,91243.27,,22.2
1168070000,2024-11,33288.34,54915.79,,41.0
1168072000,2024-11,57725.67,92189.75,,15.73
1168073000,2024-11,57725.67,92189.75,,15.73
1168074000,2024-11,63138.94,95618.33,,59.4
1168075000,2024-11,56038.64,86526.92,,7.33
1171051000,2024-11,18302.07,50088.5,,20.5
1171052000,2024-11,18302.07,50088.5,,20.5
1171053100,2024-11,21589.29,41700.0,,9.33
1171053200,2024-11,21589.29,41700.0,,9.33
1171054000,2024-11,6947.62,20200.0,,10.5
1171055000,2024-11,6947.62,20200.0,,10.5
1171056100,2024-11,19349.55,40103.14,,25.33
1171056200,2024-11,19349.55,40103.14,,25.33
1171056600,2024-11,19349.55,40103.14,,25.33
1171057000,2024-11,50619.05,69076.92,,21.0
1171058000,2024-11,15288.94,30169.44,,23.5
1171059000,2024-11,15288.94,30169.44,,23.5
1171060000,2024-11,14117.11,28235.29,,64.0
1171061000,2024-11,18146.95,25806.56,,41.0
1171062000,2024-11,48237.61,71411.69,,41.0
1171063100,2024-11,48237.61,71411.69,,41.0
1171063200,2024-11,48237.61,71411.69,,41.0
1171064100,2024-11,29284.17,59026.84,,34.33
1171064200,2024-11,30132.17,54424.93,,46.33
1171064600,2024-11,30132.17,54424.93,,46.33
1171064700,2024-11,27759.39,44354.2,,21.33
1171065000,2024-11,48407.47,87906.51,,29.5
1171067000,2024-11,48407.47,87906.51,,29.5
1171068000,2024-11,48407.47,87906.51,,29.5
1171069000,2024-11,59007.58,81632.35,,16.5
1171071000,2024-11,59007.58,81632.35,,16.5
1171072000,2024-11,48407.47,87906.51,,29.5
1174051500,2024-11,36104.51,53861.32,,18.0
1174052000,2024-11,35906.81,64275.0,,9.0
1174052500,2024-11,35906.81,64275.0,,9.0
1174052600,2024-11,35906.81,64275.0,,9.0
1174053000,2024-11,24802.0,45126.67,,23.0
1174054000,2024-11,24802.0,45126.67,,23.0
1174055000,2024-11,52159.27,71169.95,,35.5
1174056000,2024-11,52159.27,71169.95,,35.5
1174057000,2024-11,33176.31,52080.3,,22.67
1174058000,2024-11,33176.31,52080.3,,22.67
1174059000,2024-11,33176.31,52080.3,,22.67
1174060000,2024-11,19118.2,42850.0,,33.67
1174061000,2024-11,19118.2,42850.0,,33.67
1174062000,2024-11,19118.2,42850.0,,33.67
1174064000,2024-11,14875.68,26500.0,,24.67
1174065000,2024-11,14875.68,26500.0,,24.67
1174066000,2024-11,14875.68,26500.0,,24.67
1174068500,2024-11,13223.6,29496.43,,43.0
1174069000,2024-11,63838.15,81160.22,,55.5
1174070000,2024-11,63838.15,81160.22,,55.5
1111051500,2024-12,17500.0,100000.0,,23.0
1111053000,2024-12,43587.23,77417.39,,47.0
1111054000,2024-12,15650.0,29433.33,,6.0
1111055000,2024-12,16700.0,42000.0,,20.0
1111056000,2024-12,27324.24,35486.36,,33.0
1111057000,2024-12,57780.0,79615.38,,20.0
1111058000,2024-12,60705.64,103045.38,,33.0
1111060000,2024-12,6625.0,,,8.0
1111061500,2024-12,16145.83,43625.0,,24.0
1111063000,2024-12,9398.84,26922.73,,43.0
1111064000,2024-12,2211.63,14500.0,,43.0
1111065000,2024-12,3817.98,18956.52,,253.0
1111067000,2024-12,10018.96,28292.81,,17.67
1111068000,2024-12,10018.96,28292.81,,17.67
1111069000,2024-12,10018.96,28292.81,,17.67
1111070000,2024-12,7210.94,29545.0,,80.0
1111071000,2024-12,7210.94,29545.0,,80.0
1114052000,2024-12,28166.67,65000.0,,3.0
1114054000,2024-12,38166.67,96666.67,,9.0
1114055000,2024-12,7560.89,19828.57,,28.0
1114057000,2024-12,5429.65,38070.0,,71.0
1114058000,2024-12,3010.53,14790.91,,57.0
1114059000,2024-12,17686.9,29773.17,,42.0
1114060500,2024-12,22271.43,43200.0,,14.0
1114061000,2024-12,11593.95,36386.42,,36.95
1114061500,2024-12,11593.95,36386.42,,36.95
1114062000,2024-12,17866.41,40326.36,,20.45
1114062500,2024-12,17866.41,40326.36,,20.45
1114063000,2024-12,17866.41,40326.36,,20.45
1114063500,2024-12,17866.41,40326.36,,20.45
1114064000,2024-12,17866.41,40326.36,,20.45
1114064500,2024-12,17866.41,40326.36,,20.45
1114065000,2024-12,17866.41,40326.36,,20.45
1114066000,2024-12,17866.41,40326.36,,20.45
1114066500,2024-12,17866.41,40326.36,,20.45
1114067000,2024-12,13388.42,29568.72,,114.0
1114068000,2024-12,36545.95,59990.73,,73.0
1117051000,2024-12,14564.36,23258.57,,55.0
1117052000,2024-12,6573.91,19500.0,,23.0
1117053000,2024-12,11300.0,38500.0,,20.0
1117055500,2024-12,7765.0,22806.83,,152.0
1117056000,2024-12,28748.95,51209.54,,135.0
1117057000,2024-12,17844.35,34186.67,,46.0
1117058000,2024-12,34182.21,45784.0,,47.0
1117059000,2024-12,28187.18,41809.09,,39.0
1117062500,2024-12,48137.43,96521.21,,81.0
1117063000,2024-12,55205.58,74027.82,,64.0
1117064000,2024-12,55205.58,74027.82,,64.0
1117065000,2024-12,8202.41,35200.0,,39.0
1117066000,2024-12,8202.41,35200.0,,39.0
1117068500,2024-12,83494.05,162890.62,,42.0
1117069000,2024-12,31208.57,60352.94,,35.0
1117070000,2024-12,14824.14,44166.67,,29.0
1120052000,2024-12,41974.54,66237.62,,59.5
1120053500,2024-12,26058.8,50571.68,,137.5
1120054000,2024-12,12066.5,38008.57,,143.0
1120055000,2024-12,12143.05,43975.5,,169.67
1120056000,2024-12,17880.15,55117.97,,92.67
1120057000,2024-12,17880.15,55117.97,,92.67
1120058000,2024-12,23445.64,40276.67,,39.0
1120059000,2024-12,46825.07,72000.0,,30.0
1120061500,2024-12,28910.54,53179.55,,56.0
1120062000,2024-12,39131.91,61054.55,,47.0
1120064500,2024-12,62411.38,79561.11,,146.0
1120065000,2024-12,36301.95,59379.94,,55.5
1120066000,2024-12,36301.95,59379.94,,55.5
1120067000,2024-12,17759.41,46490.0,,50.5
1120069000,2024-12,17759.41,46490.0,,50.5
1120072000,2024-12,9481.63,41844.44,,24.5
1120079000,2024-12,7657.1,21750.63,,135.5
1121571000,2024-12,3322.51,17613.79,,468.0
1121573000,2024-12,4139.41,21600.0,,203.0
1121574000,2024-12,8090.95,20452.88,,72.0
1121575000,2024-12,8090.95,20452.88,,72.0
1121576000,2024-12,8090.95,20452.88,,72.0
1121577000,2024-12,8090.95,20452.88,,72.0
1121578000,2024-12,9420.64,24352.63,,94.0
1121581000,2024-12,55955.3,69967.21,,94.0
1121582000,2024-12,15212.74,46616.64,,104.25
1121583000,2024-12,15212.74,46616.64,,104.25
1121584000,2024-12,15212.74,46616.64,,104.25
1121584700,2024-12,15212.74,46616.64,,104.25
1121585000,2024-12,14095.91,41536.54,,115.0
1121586000,2024-12,14095.91,41536.54,,115.0
1121587000,2024-12,14095.91,41536.54,,115.0
1123053600,2024-12,9224.4,29129.63,,292.0
1123054500,2024-12,6487.97,27138.89,,133.0
1123056000,2024-12,12085.99,32741.49,,70.67
1123057000,2024-12,12085.99,32741.49,,70.67
1123060000,2024-12,17405.15,42843.71,,168.17
1123061000,2024-12,21260.4,47301.97,,97.5
1123065000,2024-12,14877.2,41137.7,,111.0
1123066000,2024-12,14877.2,41137.7,,111.0
1123070500,2024-12,11875.79,33375.0,,52.0
1123071000,2024-12,5757.59,29478.46,,108.0
1123072000,2024-12,6980.21,20489.09,,313.0
1123073000,2024-12,6980.21,20489.09,,313.0
1123074000,2024-12,19335.82,46826.83,,186.5
1123075000,2024-12,19335.82,46826.83,,186.5
1126052000,2024-12,9145.38,25086.76,,53.0
1126054000,2024-12,9145.38,25086.76,,53.0
1126055000,2024-12,9145.38,25086.76,,53.0
1126056500,2024-12,9145.38,25086.76,,53.0
1126057000,2024-12,9145.38,25086.76,,53.0
1126057500,2024-12,9145.38,25086.76,,53.0
1126058000,2024-12,13484.94,33077.08,,83.0
1126059000,2024-12,13484.94,33077.08,,83.0
1126060000,2024-12,8617.58,24691.67,,49.0
1126061000,2024-12,8617.58,24691.67,,49.0
1126062000,2024-12,9465.01,29337.14,,84.0
1126063000,2024-12,9465.01,29337.14,,84.0
1126065500,2024-12,9504.96,21278.79,,57.5
1126066000,2024-12,9504.96,21278.79,,57.5
1126068000,2024-12,13422.35,26675.53,,47.5
1126069000,2024-12,13422.35,26675.53,,47.5
1129052500,2024-12,7729.34,27754.17,,76.0
1129055500,2024-12,11396.27,32115.04,,80.5
1129057500,2024-12,4888.93,26265.82,,182.5
1129058000,2024-12,29463.16,45461.29,,9.5
1129059000,2024-12,29463.16,45461.29,,9.5
1129060000,2024-12,1922.17,12666.67,,203.0
1129061000,2024-12,8855.93,43428.57,,59.0
1129062000,2024-12,24233.85,48156.43,,111.25
1129063000,2024-12,10894.33,35946.94,,58.25
1129064000,2024-12,7275.79,30485.0,,48.75
1129065000,2024-12,7275.79,30485.0,,48.75
1129066000,2024-12,38894.74,53618.57,,53.0
1129068500,2024-12,29694.68,49621.02,,83.33
1129070500,2024-12,15874.76,38293.78,,124.0
1129071500,2024-12,13619.85,35555.56,,30.33
1129072500,2024-12,10583.8,30839.29,,52.33
1129076000,2024-12,21832.26,29709.17,,48.67
1129077000,2024-12,21832.26,29709.17,,48.67
1129078000,2024-12,21832.26,29709.17,,48.67
1129081000,2024-12,11539.0,25884.38,,95.0
1130553400,2024-12,11187.59,29331.63,,60.6
1130553500,2024-12,11187.59,29331.63,,60.6
1130554500,2024-12,11187.59,29331.63,,60.6
1130555500,2024-12,11187.59,29331.63,,60.6
1130557500,2024-12,11187.59,29331.63,,60.6
1130559000,2024-12,4148.39,15770.0,,17.17
1130559500,2024-12,4148.39,15770.0,,17.17
1130560000,2024-12,4148.39,15770.0,,17.17
1130560300,2024-12,4148.39,15770.0,,17.17
1130560600,2024-12,4148.39,15770.0,,17.17
1130560800,2024-12,4148.39,15770.0,,17.17
1130561000,2024-12,3452.93,14778.12,,41.12
1130561500,2024-12,3452.93,14778.12,,41.12
1130562000,2024-12,3452.93,14778.12,,41.12
1130562500,2024-12,3452.93,14778.12,,41.12
1130563000,2024-12,3452.93,14778.12,,41.12
1130563500,2024-12,3452.93,14778.12,,41.12
1130564500,2024-12,4235.51,17852.08,,64.12
1130566000,2024-12,3452.93,14778.12,,41.12
1132051100,2024-12,10940.73,28651.43,,49.6
1132051200,2024-12,10940.73,28651.43,,49.6
1132051300,2024-12,10940.73,28651.43,,49.6
1132051400,2024-12,10940.73,28651.43,,49.6
1132051500,2024-12,10940.73,28651.43,,49.6
1132052100,2024-12,10617.91,24656.52,,33.5
1132052200,2024-12,10617.91,24656.52,,33.5
1132066000,2024-12,6100.0,25957.14,,24.25
1132067000,2024-12,6100.0,25957.14,,24.25
1132068000,2024-12,6100.0,25957.14,,24.25
1132068100,2024-12,6100.0,25957.14,,24.25
1132069000,2024-12,10654.97,31100.0,,33.0
1132070000,2024-12,10654.97,31100.0,,33.0
1132071000,2024-12,10654.97,31100.0,,33.0
1135056000,2024-12,11344.02,31630.15,,70.67
1135057000,2024-12,11344.02,31630.15,,70.67
1135058000,2024-12,11344.02,31630.15,,70.67
1135059500,2024-12,6193.64,23480.74,,320.5
1135060000,2024-12,6193.64,23480.74,,320.5
1135061100,2024-12,19536.7,32825.95,,77.0
1135061200,2024-12,19536.7,32825.95,,77.0
1135061900,2024-12,26482.91,44270.11,,46.75
1135062100,2024-12,26482.91,44270.11,,46.75
1135062400,2024-12,19861.08,36324.96,,93.19
1135062500,2024-12,26482.91,44270.11,,46.75
1135063000,2024-12,13195.68,26508.34,,46.44
1135064000,2024-12,13195.68,26508.34,,46.44
1135066500,2024-12,13195.68,26508.34,,46.44
1135067000,2024-12,13195.68,26508.34,,46.44
1135069500,2024-12,13195.68,26508.34,,46.44
1135070000,2024-12,13195.68,26508.34,,46.44
1135071000,2024-12,13195.68,26508.34,,46.44
1135072000,2024-12,13195.68,26508.34,,46.44
1138051000,2024-12,21023.97,42574.58,,117.0
1138052000,2024-12,12692.31,27291.22,,78.0
1138053000,2024-12,12692.31,27291.22,,78.0
1138055100,2024-12,6960.7,21400.0,,33.0
1138055200,2024-12,6960.7,21400.0,,33.0
1138056000,2024-12,9267.66,19810.0,,41.0
1138057000,2024-12,6482.41,18316.36,,111.0
1138058000,2024-12,17420.01,39800.33,,73.33
1138059000,2024-12,17420.01,39800.33,,73.33
1138060000,2024-12,17420.01,39800.33,,73.33
1138062500,2024-12,10214.66,31352.94,,88.0
1138063100,2024-12,8072.73,23846.15,,33.0
1138063200,2024-12,8072.73,23846.15,,33.0
1138064000,2024-12,30517.24,55285.71,,29.0
1138065000,2024-12,36363.64,46000.0,,22.0
1138069000,2024-12,18250.17,48345.45,,134.0
1141052000,2024-12,39470.66,52322.5,,38.0
1141055500,2024-12,12933.6,44476.58,,182.0
1141056500,2024-12,20027.92,51458.06,,106.0
1141058500,2024-12,3693.55,18407.85,,475.0
1141061500,2024-12,5025.71,26034.29,,354.0
1141062000,2024-12,26084.75,46649.83,,45.0
1141064000,2024-12,26084.75,46649.83,,45.0
1141065500,2024-12,26084.75,46649.83,,45.0
1141066000,2024-12,20724.15,36540.48,,86.0
1141068500,2024-12,20724.15,36540.48,,86.0
1141069000,2024-12,21019.24,53242.79,,94.0
1141070000,2024-12,21019.24,53242.79,,94.0
1141071000,2024-12,18524.78,31313.53,,41.5
1141072000,2024-12,18524.78,31313.53,,41.5
1144055500,2024-12,31918.64,59600.76,,173.0
1144056500,2024-12,29297.21,59862.97,,227.33
1144058500,2024-12,21042.21,44385.53,,32.83
1144059000,2024-12,29670.07,54350.77,,136.83
1144060000,2024-12,16339.27,51712.49,,123.5
1144061000,2024-12,27762.3,54256.16,,71.0
1144063000,2024-12,22780.19,57652.12,,104.5
1144065500,2024-12,13467.4,66838.71,,136.5
1144066000,2024-12,9330.05,40432.33,,211.5
1144068000,2024-12,14334.21,39880.0,,76.0
1144069000,2024-12,13767.52,39089.65,,67.0
1144070000,2024-12,13767.52,39089.65,,67.0
1144071000,2024-12,5407.0,20300.0,,80.0
1144072000,2024-12,9896.64,30166.13,,156.5
1144073000,2024-12,11840.13,36439.74,,182.5
1144074000,2024-12,15729.19,48753.93,,160.0
1147051000,2024-12,42834.01,64623.91,,76.0
1147052000,2024-12,42834.01,64623.91,,76.0
1147053000,2024-12,42834.01,64623.91,,76.0
1147054000,2024-12,42834.01,64623.91,,76.0
1147055000,2024-12,42834.01,64623.91,,76.0
1147056000,2024-12,17223.97,34305.07,,22.29
1147057000,2024-12,17223.97,34305.07,,22.29
1147058000,2024-12,17223.97,34305.07,,22.29
1147059000,2024-12,17223.97,34305.07,,22.29
1147060000,2024-12,17223.97,34305.07,,22.29
1147061000,2024-12,17223.97,34305.07,,22.29
1147061100,2024-12,17223.97,34305.07,,22.29
1147062000,2024-12,36401.03,55191.7,,67.17
1147063000,2024-12,36401.03,55191.7,,67.17
1147064000,2024-12,36401.03,55191.7,,67.17
1147065000,2024-12,36401.03,55191.7,,67.17
1147067000,2024-12,36401.03,55191.7,,67.17
1147068000,2024-12,36401.03,55191.7,,67.17
1150051000,2024-12,24404.1,44867.53,,97.5
1150052000,2024-12,16395.43,34443.09,,63.75
1150053000,2024-12,16395.43,34443.09,,63.75
1150053500,2024-12,16395.43,34443.09,,63.75
1150054000,2024-12,12628.7,31577.25,,85.25
1150055000,2024-12,12628.7,31577.25,,85.25
1150056000,2024-12,12628.7,31577.25,,85.25
1150057000,2024-12,12628.7,31577.25,,85.25
1150059000,2024-12,12628.7,31577.25,,85.25
1150059100,2024-12,12628.7,31577.25,,85.25
1150059300,2024-12,12628.7,31577.25,,85.25
1150060300,2024-12,15526.74,39972.6,,186.25
1150060400,2024-12,19483.35,37611.36,,28.5
1150060500,2024-12,24404.1,44867.53,,97.5
1150061100,2024-12,17658.13,44754.45,,143.0
1150061500,2024-12,17209.23,36303.45,,134.25
1150062000,2024-12,11234.68,36299.87,,179.25
1150063000,2024-12,11234.68,36299.87,,179.25
1150064000,2024-12,10885.43,29124.42,,37.75
1150064100,2024-12,12920.65,41409.51,,131.75
1153051000,2024-12,35097.22,57237.5,,90.0
1153052000,2024-12,9756.75,29649.68,,78.0
1153053000,2024-12,9756.75,29649.68,,78.0
1153054000,2024-12,9756.75,29649.68,,78.0
1153055000,2024-12,9756.75,29649.68,,78.0
1153056000,2024-12,9756.75,29649.68,,78.0
1153059500,2024-12,5947.5,21634.17,,56.0
1153072000,2024-12,16197.71,28862.22,,44.5
1153073000,2024-12,16197.71,28862.22,,44.5
1153074000,2024-12,15392.68,31521.95,,69.0
1153075000,2024-12,15392.68,31521.95,,69.0
1153076000,2024-12,15392.68,31521.95,,69.0
1153077000,2024-12,8030.17,21314.86,,84.0
1153078000,2024-12,8704.41,21437.46,,138.5
1153079000,2024-12,8686.23,21728.57,,74.0
1153080000,2024-12,17344.12,24714.29,,8.5
1154551000,2024-12,6776.98,23815.62,,121.0
1154561000,2024-12,11523.9,32152.81,,83.75
1154562000,2024-12,11523.9,32152.81,,83.75
1154563000,2024-12,11523.9,32152.81,,83.75
1154564000,2024-12,11523.9,32152.81,,83.75
1154567000,2024-12,10425.99,21618.69,,33.8
1154568000,2024-12,10425.99,21618.69,,33.8
1154569000,2024-12,10425.99,21618.69,,33.8
1154570000,2024-12,10425.99,21618.69,,33.8
1154571000,2024-12,10425.99,21618.69,,33.8
1156051500,2024-12,21218.71,47807.76,,77.36
1156053500,2024-12,15281.05,35177.07,,366.5
1156054000,2024-12,37426.03,60846.07,,126.0
1156055000,2024-12,18752.25,46427.37,,80.0
1156056000,2024-12,16211.92,45711.56,,200.0
1156058500,2024-12,15842.5,32115.38,,80.0
1156060500,2024-12,36284.98,56505.49,,96.0
1156061000,2024-12,20926.87,34901.91,,109.5
1156062000,2024-12,19496.45,35744.93,,120.5
1156063000,2024-12,21727.35,47152.93,,51.86
1156065000,2024-12,21727.35,47152.93,,51.86
1156066000,2024-12,21727.35,47152.93,,51.86
1156067000,2024-12,16884.23,42958.18,,96.11
1156068000,2024-12,21727.35,47152.93,,51.86
1156069000,2024-12,21727.35,47152.93,,51.86
1156070000,2024-12,11208.5,35544.19,,44.25
1156071000,2024-12,11208.5,35544.19,,44.25
1156072000,2024-12,11208.5,35544.19,,44.25
1159051000,2024-12,16251.06,43090.72,,119.5
1159052000,2024-12,11087.58,36898.58,,100.5
1159053000,2024-12,7632.7,42548.01,,306.25
1159054000,2024-12,15309.42,48922.12,,126.25
1159055000,2024-12,15309.42,48922.12,,126.25
1159056000,2024-12,15309.42,48922.12,,126.25
1159060500,2024-12,39327.73,75639.87,,171.0
1159062000,2024-12,15083.84,35471.98,,89.4
1159063000,2024-12,20196.13,44116.31,,99.4
1159064000,2024-12,15083.84,35471.98,,89.4
1159065000,2024-12,15083.84,35471.98,,89.4
1159065100,2024-12,15083.84,35471.98,,89.4
1159066000,2024-12,16587.08,33918.06,,120.0
1159067000,2024-12,14821.65,37675.41,,97.0
1159068000,2024-12,14821.65,37675.41,,97.0
1162052500,2024-12,8914.03,33316.19,,164.22
1162054500,2024-12,8914.03,33316.19,,164.22
1162056500,2024-12,8914.03,33316.19,,164.22
1162057500,2024-12,8914.03,33316.19,,164.22
1162058500,2024-12,8914.03,33316.19,,164.22
1162059500,2024-12,8914.03,33316.19,,164.22
1162060500,2024-12,8914.03,33316.19,,164.22
1162061500,2024-12,8914.03,33316.19,,164.22
1162062500,2024-12,8914.03,33316.19,,164.22
1162063000,2024-12,9543.41,23923.08,,88.0
1162064500,2024-12,6058.24,25912.03,,109.45
1162065500,2024-12,6058.24,25912.03,,109.45
1162066500,2024-12,6058.24,25912.03,,109.45
1162068500,2024-12,6058.24,25912.03,,109.45
1162069500,2024-12,6058.24,25912.03,,109.45
1162071500,2024-12,6058.24,25912.03,,109.45
1162072500,2024-12,6058.24,25912.03,,109.45
1162073500,2024-12,6058.24,25912.03,,109.45
1162074500,2024-12,6058.24,25912.03,,109.45
1162076500,2024-12,6058.24,25912.03,,109.45
1162077500,2024-12,6058.24,25912.03,,109.45
1165051000,2024-12,38735.73,76117.38,,130.75
1165052000,2024-12,38735.73,76117.38,,130.75
1165053000,2024-12,37010.74,72255.32,,186.25
1165053100,2024-12,38735.73,76117.38,,130.75
1165054000,2024-12,69499.48,96941.84,,95.5
1165055000,2024-12,89008.13,137516.62,,79.0
1165056000,2024-12,89008.13,137516.62,,79.0
1165057000,2024-12,89008.13,137516.62,,79.0
1165058000,2024-12,69499.48,96941.84,,95.5
1165058100,2024-12,89008.13,137516.62,,79.0
1165059000,2024-12,32946.92,63778.66,,55.5
1165060000,2024-12,32946.92,63778.66,,55.5
1165061000,2024-12,32946.92,63778.66,,55.5
1165062000,2024-12,32946.92,63778.66,,55.5
1165062100,2024-12,32946.92,63778.66,,55.5
1165065100,2024-12,27472.95,56484.62,,169.0
1165065200,2024-12,12652.24,33397.73,,80.0
1165066000,2024-12,41487.37,77407.5,,38.0
1168051000,2024-12,60466.94,89371.64,,60.5
1168052100,2024-12,23085.83,57333.0,,109.0
1168053100,2024-12,23085.83,57333.0,,109.0
1168054500,2024-12,60466.94,89371.64,,60.5
1168056500,2024-12,57727.33,113063.79,,75.0
1168058000,2024-12,43615.2,95697.73,,74.5
1168059000,2024-12,43615.2,95697.73,,74.5
1168060000,2024-12,58044.69,100788.18,,98.8
1168061000,2024-12,58044.69,100788.18,,98.8
1168063000,2024-12,58044.69,100788.18,,98.8
1168064000,2024-12,40938.26,92960.56,,182.5
1168065000,2024-12,40938.26,92960.56,,182.5
1168065500,2024-12,82164.9,112699.2,,96.5
1168065600,2024-12,82164.9,112699.2,,96.5
1168066000,2024-12,58468.52,87987.63,,80.0
1168067000,2024-12,56567.75,83666.44,,121.6
1168067500,2024-12,57229.82,90219.21,,220.4
1168069000,2024-12,58468.52,87987.63,,80.0
1168070000,2024-12,28251.06,61867.31,,137.0
1168072000,2024-12,49830.91,70037.42,,66.93
1168073000,2024-12,49830.91,70037.42,,66.93
1168074000,2024-12,57229.82,90219.21,,220.4
1168075000,2024-12,44770.79,60391.6,,25.33
1171051000,2024-12,30001.02,42754.76,,63.5
1171052000,2024-12,30001.02,42754.76,,63.5
1171053100,2024-12,31210.62,52052.07,,37.67
1171053200,2024-12,31210.62,52052.07,,37.67
1171054000,2024-12,12190.68,22772.73,,33.0
1171055000,2024-12,12190.68,22772.73,,33.0
1171056100,2024-12,25470.41,47013.33,,115.0
1171056200,2024-12,25470.41,47013.33,,115.0
1171056600,2024-12,25470.41,47013.33,,115.0
1171057000,2024-12,26181.52,45771.82,,105.0
1171058000,2024-12,18878.04,39976.85,,105.0
1171059000,2024-12,18878.04,39976.85,,105.0
1171060000,2024-12,13742.98,32666.3,,214.0
1171061000,2024-12,9312.01,24215.03,,172.0
1171062000,2024-12,44584.4,70473.81,,135.0
1171063100,2024-12,44584.4,70473.81,,135.0
1171063200,2024-12,44584.4,70473.81,,135.0
1171064100,2024-12,21108.83,43186.12,,157.0
1171064200,2024-12,27377.23,49926.03,,198.0
1171064600,2024-12,27377.23,49926.03,,198.0
1171064700,2024-12,41722.95,57565.34,,78.67
1171065000,2024-12,42919.48,81835.36,,100.0
1171067000,2024-12,42919.48,81835.36,,100.0
1171068000,2024-12,42919.48,81835.36,,100.0
1171069000,2024-12,62008.97,80721.79,,72.5
1171071000,2024-12,62008.97,80721.79,,72.5
1171072000,2024-12,42919.48,81835.36,,100.0
1174051500,2024-12,28333.96,57284.99,,88.25
1174052000,2024-12,39405.57,66003.07,,41.25
1174052500,2024-12,39405.57,66003.07,,41.25
1174052600,2024-12,39405.57,66003.07,,41.25
1174053000,2024-12,23905.36,41095.3,,75.5
1174054000,2024-12,23905.36,41095.3,,75.5
1174055000,2024-12,44808.34,63447.2,,95.5
1174056000,2024-12,44808.34,63447.2,,95.5
1174057000,2024-12,28663.25,48546.67,,55.0
1174058000,2024-12,28663.25,48546.67,,55.0
1174059000,2024-12,28663.25,48546.67,,55.0
1174060000,2024-12,17275.5,40051.56,,137.0
1174061000,2024-12,17275.5,40051.56,,137.0
1174062000,2024-12,17275.5,40051.56,,137.0
1174064000,2024-12,13966.24,32613.69,,97.0
1174065000,2024-12,13966.24,32613.69,,97.0
1174066000,2024-12,13966.24,32613.69,,97.0
1174068500,2024-12,10928.87,33351.28,,193.0
1174069000,2024-12,61261.06,77890.0,,199.0
1174070000,2024-12,61261.06,77890.0,,199.0
1111051500,2025-01,22072.73,35910.26,,77.0
1111053000,2025-01,33394.65,71339.38,,101.0
1111054000,2025-01,6666.67,,,3.0
1111055000,2025-01,11462.75,24460.0,,51.0
1111056000,2025-01,28632.08,43084.62,,53.0
1111057000,2025-01,47670.51,59886.0,,39.0
1111058000,2025-01,50658.15,87685.11,,106.0
1111060000,2025-01,10440.74,18766.67,,27.0
1111061500,2025-01,10014.58,25575.0,,55.0
1111063000,2025-01,13989.72,31925.93,,107.0
1111064000,2025-01,6230.98,16274.44,,82.0
1111065000,2025-01,5733.41,25815.52,,458.0
1111067000,2025-01,18161.78,31916.09,,33.67
1111068000,2025-01,18161.78,31916.09,,33.67
1111069000,2025-01,18161.78,31916.09,,33.67
1111070000,2025-01,7578.99,20687.76,,124.5
1111071000,2025-01,7578.99,20687.76,,124.5
1114052000,2025-01,23549.3,38410.26,,35.5
1114054000,2025-01,47120.51,87142.86,,19.5
1114055000,2025-01,16697.16,57987.5,,37.0
1114057000,2025-01,7484.23,25260.0,,124.0
1114058000,2025-01,5881.15,18555.56,,78.5
1114059000,2025-01,14302.64,25958.54,,132.5
1114060500,2025-01,17429.79,37228.57,,47.0
1114061000,2025-01,17766.96,39662.03,,74.41
1114061500,2025-01,17766.96,39662.03,,74.41
1114062000,2025-01,22164.87,39782.7,,48.91
1114062500,2025-01,22164.87,39782.7,,48.91
1114063000,2025-01,22164.87,39782.7,,48.91
1114063500,2025-01,22164.87,39782.7,,48.91
1114064000,2025-01,22164.87,39782.7,,48.91
1114064500,2025-01,22164.87,39782.7,,48.91
1114065000,2025-01,22164.87,39782.7,,48.91
1114066000,2025-01,22164.87,39782.7,,48.91
1114066500,2025-01,22164.87,39782.7,,48.91
1114067000,2025-01,18242.45,31882.54,,347.0
1114068000,2025-01,32269.88,53864.71,,132.0
1117051000,2025-01,17650.13,23989.49,,159.0
1117052000,2025-01,9210.94,19833.33,,64.0
1117053000,2025-01,12195.35,39790.0,,43.0
1117055500,2025-01,10387.77,20858.09,,305.0
1117056000,2025-01,32370.87,44290.11,,348.0
1117057000,2025-01,23168.42,29499.55,,158.0
1117058000,2025-01,29036.39,41530.11,,154.0
1117059000,2025-01,26029.58,32696.53,,143.0
1117062500,2025-01,34945.35,65540.67,,172.0
1117063000,2025-01,59840.24,77562.81,,145.5
1117064000,2025-01,59840.24,77562.81,,145.5
1117065000,2025-01,12770.06,35916.9,,85.0
1117066000,2025-01,12770.06,35916.9,,85.0
1117068500,2025-01,76930.23,184012.9,,86.0
1117069000,2025-01,31918.97,57716.0,,58.0
1117070000,2025-01,15661.4,23593.94,,57.0
1120052000,2025-01,39810.57,59106.03,,178.0
1120053500,2025-01,27347.64,49760.76,,393.0
1120054000,2025-01,10825.62,32932.92,,274.0
1120055000,2025-01,15961.59,44770.15,,341.0
1120056000,2025-01,28593.04,56107.95,,158.0
1120057000,2025-01,28593.04,56107.95,,158.0
1120058000,2025-01,31523.4,44486.67,,94.0
1120059000,2025-01,43528.28,60030.51,,116.0
1120061500,2025-01,45511.91,57151.93,,173.0
1120062000,2025-01,45607.64,67752.07,,101.0
1120064500,2025-01,52016.95,73315.61,,258.0
1120065000,2025-01,39279.14,60596.69,,163.5
1120066000,2025-01,39279.14,60596.69,,163.5
1120067000,2025-01,23371.96,38167.95,,118.5
1120069000,2025-01,23371.96,38167.95,,118.5
1120072000,2025-01,13429.12,29114.52,,45.5
1120079000,2025-01,12306.3,20927.16,,253.5
1121571000,2025-01,4142.11,18563.51,,890.0
1121573000,2025-01,9037.44,24781.25,,430.0
1121574000,2025-01,10004.56,18754.59,,193.75
1121575000,2025-01,10004.56,18754.59,,193.75
1121576000,2025-01,10004.56,18754.59,,193.75
1121577000,2025-01,10004.56,18754.59,,193.75
1121578000,2025-01,8352.8,19563.18,,189.0
1121581000,2025-01,52392.05,61572.8,,234.0
1121582000,2025-01,17644.89,38371.99,,278.5
1121583000,2025-01,17644.89,38371.99,,278.5
1121584000,2025-01,17644.89,38371.99,,278.5
1121584700,2025-01,17644.89,38371.99,,278.5
1121585000,2025-01,20020.93,39754.47,,301.67
1121586000,2025-01,20020.93,39754.47,,301.67
1121587000,2025-01,20020.93,39754.47,,301.67
1123053600,2025-01,15876.1,32334.35,,644.0
1123054500,2025-01,6761.42,22479.45,,273.0
1123056000,2025-01,18266.6,39894.25,,154.0
1123057000,2025-01,18266.6,39894.25,,154.0
1123060000,2025-01,21784.69,43693.3,,421.5
1123061000,2025-01,23810.06,45664.41,,267.5
1123065000,2025-01,18239.27,31741.33,,303.0
1123066000,2025-01,18239.27,31741.33,,303.0
1123070500,2025-01,11797.27,30131.35,,153.0
1123071000,2025-01,6040.61,23330.3,,229.0
1123072000,2025-01,8387.82,23414.24,,466.5
1123073000,2025-01,8387.82,23414.24,,466.5
1123074000,2025-01,19429.9,42859.88,,471.0
1123075000,2025-01,19429.9,42859.88,,471.0
1126052000,2025-01,13065.34,30030.7,,150.5
1126054000,2025-01,13065.34,30030.7,,150.5
1126055000,2025-01,13065.34,30030.7,,150.5
1126056500,2025-01,13065.34,30030.7,,150.5
1126057000,2025-01,13065.34,30030.7,,150.5
1126057500,2025-01,13065.34,30030.7,,150.5
1126058000,2025-01,14040.2,26467.1,,217.0
1126059000,2025-01,14040.2,26467.1,,217.0
1126060000,2025-01,12290.64,23469.23,,117.5
1126061000,2025-01,12290.64,23469.23,,117.5
1126062000,2025-01,13796.74,29453.67,,160.0
1126063000,2025-01,13796.74,29453.67,,160.0
1126065500,2025-01,12007.04,24198.26,,191.0
1126066000,2025-01,12007.04,24198.26,,191.0
1126068000,2025-01,18996.6,30848.08,,146.0
1126069000,2025-01,18996.6,30848.08,,146.0
1129052500,2025-01,11515.03,24443.4,,173.0
1129055500,2025-01,12299.83,27791.16,,290.33
1129057500,2025-01,9965.78,30806.86,,303.33
1129058000,2025-01,34898.73,48526.1,,31.33
1129059000,2025-01,34898.73,48526.1,,31.33
1129060000,2025-01,4679.81,18867.57,,317.0
1129061000,2025-01,14459.89,35598.44,,185.0
1129062000,2025-01,26269.11,44695.5,,315.42
1129063000,2025-01,15252.29,33197.89,,177.08
1129064000,2025-01,11028.7,26769.92,,145.75
1129065000,2025-01,11028.7,26769.92,,145.75
1129066000,2025-01,40371.97,53351.49,,138.33
1129068500,2025-01,30843.2,48447.93,,230.67
1129070500,2025-01,15941.89,34317.04,,247.0
1129071500,2025-01,16567.26,35927.18,,92.33
1129072500,2025-01,16570.7,32529.59,,137.33
1129076000,2025-01,20493.38,31644.3,,137.0
1129077000,2025-01,20493.38,31644.3,,137.0
1129078000,2025-01,20493.38,31644.3,,137.0
1129081000,2025-01,17812.51,32979.49,,280.0
1130553400,2025-01,15101.52,30209.3,,132.6
1130553500,2025-01,15101.52,30209.3,,132.6
1130554500,2025-01,15101.52,30209.3,,132.6
1130555500,2025-01,15101.52,30209.3,,132.6
1130557500,2025-01,15101.52,30209.3,,132.6
1130559000,2025-01,7012.04,20824.36,,64.5
1130559500,2025-01,7012.04,20824.36,,64.5
1130560000,2025-01,7012.04,20824.36,,64.5
1130560300,2025-01,7012.04,20824.36,,64.5
1130560600,2025-01,7012.04,20824.36,,64.5
1130560800,2025-01,7012.04,20824.36,,64.5
1130561000,2025-01,5140.14,15158.52,,81.25
1130561500,2025-01,5140.14,15158.52,,81.25
1130562000,2025-01,5140.14,15158.52,,81.25
1130562500,2025-01,5140.14,15158.52,,81.25
1130563000,2025-01,5140.14,15158.52,,81.25
1130563500,2025-01,5140.14,15158.52,,81.25
1130564500,2025-01,5735.55,15866.16,,141.25
1130566000,2025-01,5140.14,15158.52,,81.25
1132051100,2025-01,15789.01,25551.17,,142.0
1132051200,2025-01,15789.01,25551.17,,142.0
1132051300,2025-01,15789.01,25551.17,,142.0
1132051400,2025-01,15789.01,25551.17,,142.0
1132051500,2025-01,15789.01,25551.17,,142.0
1132052100,2025-01,11507.08,23829.9,,113.0
1132052200,2025-01,11507.08,23829.9,,113.0
1132066000,2025-01,9383.07,21794.6,,90.75
1132067000,2025-01,9383.07,21794.6,,90.75
1132068000,2025-01,9383.07,21794.6,,90.75
1132068100,2025-01,9383.07,21794.6,,90.75
1132069000,2025-01,9284.63,21274.44,,91.67
1132070000,2025-01,9284.63,21274.44,,91.67
1132071000,2025-01,9284.63,21274.44,,91.67
1135056000,2025-01,15275.66,27758.9,,184.67
1135057000,2025-01,15275.66,27758.9,,184.67
1135058000,2025-01,15275.66,27758.9,,184.67
1135059500,2025-01,5594.15,20788.74,,620.5
1135060000,2025-01,5594.15,20788.74,,620.5
1135061100,2025-01,17379.07,30508.84,,121.0
1135061200,2025-01,17379.07,30508.84,,121.0
1135061900,2025-01,28966.3,37508.71,,148.5
1135062100,2025-01,28966.3,37508.71,,148.5
1135062400,2025-01,23122.95,32403.01,,280.5
1135062500,2025-01,28966.3,37508.71,,148.5
1135063000,2025-01,16549.19,25146.6,,132.0
1135064000,2025-01,16549.19,25146.6,,132.0
1135066500,2025-01,16549.19,25146.6,,132.0
1135067000,2025-01,16549.19,25146.6,,132.0
1135069500,2025-01,16549.19,25146.6,,132.0
1135070000,2025-01,16549.19,25146.6,,132.0
1135071000,2025-01,16549.19,25146.6,,132.0
1135072000,2025-01,16549.19,25146.6,,132.0
1138051000,2025-01,22880.01,40302.18,,380.0
1138052000,2025-01,15214.14,26109.3,,259.0
1138053000,2025-01,15214.14,26109.3,,259.0
1138055100,2025-01,12825.4,23551.14,,113.0
1138055200,2025-01,12825.4,23551.14,,113.0
1138056000,2025-01,11660.31,19851.85,,97.0
1138057000,2025-01,8538.31,16222.11,,312.0
1138058000,2025-01,20846.73,38095.85,,191.0
1138059000,2025-01,20846.73,38095.85,,191.0
1138060000,2025-01,20846.73,38095.85,,191.0
1138062500,2025-01,17689.28,30539.86,,244.0
1138063100,2025-01,12789.01,23228.63,,106.5
1138063200,2025-01,12789.01,23228.63,,106.5
1138064000,2025-01,30385.87,46838.1,,77.0
1138065000,2025-01,29647.67,57578.72,,114.0
1138069000,2025-01,19642.96,35381.14,,553.0
1141052000,2025-01,36198.12,52275.75,,121.0
1141055500,2025-01,17883.09,43155.75,,352.5
1141056500,2025-01,21556.8,44664.01,,284.5
1141058500,2025-01,4886.77,17539.89,,995.0
1141061500,2025-01,7299.23,29302.33,,585.0
1141062000,2025-01,27161.57,44277.01,,92.0
1141064000,2025-01,27161.57,44277.01,,92.0
1141065500,2025-01,27161.57,44277.01,,92.0
1141066000,2025-01,21772.35,35225.05,,191.0
1141068500,2025-01,21772.35,35225.05,,191.0
1141069000,2025-01,25863.09,48680.69,,217.5
1141070000,2025-01,25863.09,48680.69,,217.5
1141071000,2025-01,22160.89,41824.2,,134.0
1141072000,2025-01,22160.89,41824.2,,134.0
1144055500,2025-01,39984.57,58712.63,,397.0
1144056500,2025-01,37853.66,57894.59,,569.0
1144058500,2025-01,25994.39,45482.36,,92.67
1144059000,2025-01,30447.59,50033.58,,294.0
1144060000,2025-01,16429.76,39580.2,,248.67
1144061000,2025-01,30637.49,47846.42,,173.0
1144063000,2025-01,26555.06,50050.69,,206.67
1144065500,2025-01,9896.91,45683.37,,806.5
1144066000,2025-01,9828.93,32805.51,,435.5
1144068000,2025-01,18216.64,37276.69,,270.0
1144069000,2025-01,15595.38,30767.21,,202.5
1144070000,2025-01,15595.38,30767.21,,202.5
1144071000,2025-01,8563.1,28366.18,,201.0
1144072000,2025-01,10069.66,26842.99,,448.5
1144073000,2025-01,11788.13,29753.68,,510.5
1144074000,2025-01,17191.94,41992.28,,453.0
1147051000,2025-01,36858.56,53153.46,,231.0
1147052000,2025-01,36858.56,53153.46,,231.0
1147053000,2025-01,36858.56,53153.46,,231.0
1147054000,2025-01,36858.56,53153.46,,231.0
1147055000,2025-01,36858.56,53153.46,,231.0
1147056000,2025-01,19232.02,29230.88,,69.43
1147057000,2025-01,19232.02,29230.88,,69.43
1147058000,2025-01,19232.02,29230.88,,69.43
1147059000,2025-01,19232.02,29230.88,,69.43
1147060000,2025-01,19232.02,29230.88,,69.43
1147061000,2025-01,19232.02,29230.88,,69.43
1147061100,2025-01,19232.02,29230.88,,69.43
1147062000,2025-01,30871.53,47823.38,,188.33
1147063000,2025-01,30871.53,47823.38,,188.33
1147064000,2025-01,30871.53,47823.38,,188.33
1147065000,2025-01,30871.53,47823.38,,188.33
1147067000,2025-01,30871.53,47823.38,,188.33
1147068000,2025-01,30871.53,47823.38,,188.33
1150051000,2025-01,23743.48,36521.94,,290.75
1150052000,2025-01,18565.61,32302.24,,193.25
1150053000,2025-01,18565.61,32302.24,,193.25
1150053500,2025-01,18565.61,32302.24,,193.25
1150054000,2025-01,13174.26,25333.25,,254.12
1150055000,2025-01,13174.26,25333.25,,254.12
1150056000,2025-01,13174.26,25333.25,,254.12
1150057000,2025-01,13174.26,25333.25,,254.12
1150059000,2025-01,13174.26,25333.25,,254.12
1150059100,2025-01,13174.26,25333.25,,254.12
1150059300,2025-01,13174.26,25333.25,,254.12
1150060300,2025-01,18648.35,34768.43,,583.8
1150060400,2025-01,21711.54,32355.37,,104.75
1150060500,2025-01,23743.48,36521.94,,290.75
1150061100,2025-01,22137.09,41204.27,,428.3
1150061500,2025-01,19914.34,34949.79,,385.62
1150062000,2025-01,15501.42,32907.46,,498.3
1150063000,2025-01,15501.42,32907.46,,498.3
1150064000,2025-01,14431.04,28565.75,,142.0
1150064100,2025-01,16904.83,34898.12,,415.8
1153051000,2025-01,36089.15,54063.65,,329.0
1153052000,2025-01,11884.02,26016.01,,215.4
1153053000,2025-01,11884.02,26016.01,,215.4
1153054000,2025-01,11884.02,26016.01,,215.4
1153055000,2025-01,11884.02,26016.01,,215.4
1153056000,2025-01,11884.02,26016.01,,215.4
1153059500,2025-01,4481.43,11881.82,,140.0
1153072000,2025-01,15683.55,28642.28,,139.5
1153073000,2025-01,15683.55,28642.28,,139.5
1153074000,2025-01,17995.77,29226.75,,131.0
1153075000,2025-01,17995.77,29226.75,,131.0
1153076000,2025-01,17995.77,29226.75,,131.0
1153077000,2025-01,9836.7,19457.8,,210.0
1153078000,2025-01,10016.11,23716.28,,448.5
1153079000,2025-01,13719.58,27634.09,,125.0
1153080000,2025-01,12243.08,35738.46,,101.5
1154551000,2025-01,8953.67,22029.17,,411.0
1154561000,2025-01,16765.94,29067.74,,273.25
1154562000,2025-01,16765.94,29067.74,,273.25
1154563000,2025-01,16765.94,29067.74,,273.25
1154564000,2025-01,16765.94,29067.74,,273.25
1154567000,2025-01,13041.83,21610.09,,92.2
1154568000,2025-01,13041.83,21610.09,,92.2
1154569000,2025-01,13041.83,21610.09,,92.2
1154570000,2025-01,13041.83,21610.09,,92.2
1154571000,2025-01,13041.83,21610.09,,92.2
1156051500,2025-01,22887.43,39902.28,,156.64
1156053500,2025-01,16397.36,29221.92,,994.5
1156054000,2025-01,37931.95,54605.24,,293.0
1156055000,2025-01,20496.19,35961.29,,394.0
1156056000,2025-01,20098.96,42916.18,,611.0
1156058500,2025-01,16190.91,32946.03,,193.0
1156060500,2025-01,34348.26,49023.63,,238.0
1156061000,2025-01,24211.94,37551.6,,211.5
1156062000,2025-01,24716.67,34078.13,,367.5
1156063000,2025-01,21189.15,38229.84,,115.14
1156065000,2025-01,21189.15,38229.84,,115.14
1156066000,2025-01,21189.15,38229.84,,115.14
1156067000,2025-01,17084.64,34741.19,,228.89
1156068000,2025-01,21189.15,38229.84,,115.14
1156069000,2025-01,21189.15,38229.84,,115.14
1156070000,2025-01,12929.86,30385.0,,113.75
1156071000,2025-01,12929.86,30385.0,,113.75
1156072000,2025-01,12929.86,30385.0,,113.75
1159051000,2025-01,17997.38,38957.6,,256.5
1159052000,2025-01,10682.7,33639.48,,166.5
1159053000,2025-01,13007.22,35373.01,,559.75
1159054000,2025-01,19410.89,41100.66,,306.75
1159055000,2025-01,19410.89,41100.66,,306.75
1159056000,2025-01,19410.89,41100.66,,306.75
1159060500,2025-01,38455.92,67007.19,,517.0
1159062000,2025-01,17091.98,35630.88,,217.4
1159063000,2025-01,23636.2,45445.66,,247.4
1159064000,2025-01,17091.98,35630.88,,217.4
1159065000,2025-01,17091.98,35630.88,,217.4
1159065100,2025-01,17091.98,35630.88,,217.4
1159066000,2025-01,15864.67,40567.7,,361.0
1159067000,2025-01,17516.27,34620.75,,214.5
1159068000,2025-01,17516.27,34620.75,,214.5
1162052500,2025-01,10737.87,30243.38,,373.33
1162054500,2025-01,10737.87,30243.38,,373.33
1162056500,2025-01,10737.87,30243.38,,373.33
1162057500,2025-01,10737.87,30243.38,,373.33
1162058500,2025-01,10737.87,30243.38,,373.33
1162059500,2025-01,10737.87,30243.38,,373.33
1162060500,2025-01,10737.87,30243.38,,373.33
1162061500,2025-01,10737.87,30243.38,,373.33
1162062500,2025-01,10737.87,30243.38,,373.33
1162063000,2025-01,10481.93,30076.92,,216.0
1162064500,2025-01,8185.01,23826.53,,230.18
1162065500,2025-01,8185.01,23826.53,,230.18
1162066500,2025-01,8185.01,23826.53,,230.18
1162068500,2025-01,8185.01,23826.53,,230.18
1162069500,2025-01,8185.01,23826.53,,230.18
1162071500,2025-01,8185.01,23826.53,,230.18
1162072500,2025-01,8185.01,23826.53,,230.18
1162073500,2025-01,8185.01,23826.53,,230.18
1162074500,2025-01,8185.01,23826.53,,230.18
1162076500,2025-01,8185.01,23826.53,,230.18
1162077500,2025-01,8185.01,23826.53,,230.18
1165051000,2025-01,46305.87,74140.58,,322.5
1165052000,2025-01,46305.87,74140.58,,322.5
1165053000,2025-01,43255.67,70433.26,,454.83
1165053100,2025-01,46305.87,74140.58,,322.5
1165054000,2025-01,64887.14,89052.41,,242.0
1165055000,2025-01,67737.25,116018.92,,148.0
1165056000,2025-01,67737.25,116018.92,,148.0
1165057000,2025-01,67737.25,116018.92,,148.0
1165058000,2025-01,64887.14,89052.41,,242.0
1165058100,2025-01,67737.25,116018.92,,148.0
1165059000,2025-01,35822.27,60779.02,,132.33
1165060000,2025-01,35822.27,60779.02,,132.33
1165061000,2025-01,35822.27,60779.02,,132.33
1165062000,2025-01,35822.27,60779.02,,132.33
1165062100,2025-01,35822.27,60779.02,,132.33
1165065100,2025-01,32161.86,50622.72,,448.5
1165065200,2025-01,20781.64,34917.6,,222.5
1165066000,2025-01,45519.06,61497.73,,159.0
1168051000,2025-01,59483.78,88729.85,,127.0
1168052100,2025-01,21650.47,49967.42,,246.0
1168053100,2025-01,21650.47,49967.42,,246.0
1168054500,2025-01,59483.78,88729.85,,127.0
1168056500,2025-01,49654.76,88044.12,,168.0
1168058000,2025-01,38521.42,64296.11,,196.0
1168059000,2025-01,38521.42,64296.11,,196.0
1168060000,2025-01,53320.48,80271.57,,174.0
1168061000,2025-01,53320.48,80271.57,,174.0
1168063000,2025-01,53320.48,80271.57,,174.0
1168064000,2025-01,24492.75,48894.3,,506.5
1168065000,2025-01,24492.75,48894.3,,506.5
1168065500,2025-01,71186.32,102406.06,,179.0
1168065600,2025-01,71186.32,102406.06,,179.0
1168066000,2025-01,52432.66,71406.79,,163.2
1168067000,2025-01,51843.71,71480.91,,242.8
1168067500,2025-01,52460.21,74842.05,,416.8
1168069000,2025-01,52432.66,71406.79,,163.2
1168070000,2025-01,26022.82,50602.37,,474.0
1168072000,2025-01,45901.2,63952.25,,152.27
1168073000,2025-01,45901.2,63952.25,,152.27
1168074000,2025-01,52460.21,74842.05,,416.8
1168075000,2025-01,40714.39,56765.6,,72.67
1171051000,2025-01,24163.62,42195.93,,171.0
1171052000,2025-01,24163.62,42195.93,,171.0
1171053100,2025-01,36372.59,41966.39,,314.33
1171053200,2025-01,36372.59,41966.39,,314.33
1171054000,2025-01,15219.9,23361.36,,79.5
1171055000,2025-01,15219.9,23361.36,,79.5
1171056100,2025-01,23320.64,44367.75,,323.67
1171056200,2025-01,23320.64,44367.75,,323.67
1171056600,2025-01,23320.64,44367.75,,323.67
1171057000,2025-01,34822.42,51104.85,,265.0
1171058000,2025-01,20775.1,36849.01,,268.0
1171059000,2025-01,20775.1,36849.01,,268.0
1171060000,2025-01,13755.3,29250.99,,554.0
1171061000,2025-01,13580.18,25702.25,,489.0
1171062000,2025-01,49346.16,67711.5,,326.33
1171063100,2025-01,49346.16,67711.5,,326.33
1171063200,2025-01,49346.16,67711.5,,326.33
1171064100,2025-01,21028.11,40738.52,,389.0
1171064200,2025-01,26504.08,47128.25,,501.33
1171064600,2025-01,26504.08,47128.25,,501.33
1171064700,2025-01,38766.93,45591.78,,426.67
1171065000,2025-01,46261.53,68122.19,,284.75
1171067000,2025-01,46261.53,68122.19,,284.75
1171068000,2025-01,46261.53,68122.19,,284.75
1171069000,2025-01,61525.07,79964.23,,172.5
1171071000,2025-01,61525.07,79964.23,,172.5
1171072000,2025-01,46261.53,68122.19,,284.75
1174051500,2025-01,28932.45,37477.25,,510.75
1174052000,2025-01,43227.12,59699.28,,87.75
1174052500,2025-01,43227.12,59699.28,,87.75
1174052600,2025-01,43227.12,59699.28,,87.75
1174053000,2025-01,29222.95,41857.51,,169.5
1174054000,2025-01,29222.95,41857.51,,169.5
1174055000,2025-01,43746.17,59547.49,,204.0
1174056000,2025-01,43746.17,59547.49,,204.0
1174057000,2025-01,27132.59,42218.15,,165.0
1174058000,2025-01,27132.59,42218.15,,165.0
1174059000,2025-01,27132.59,42218.15,,165.0
1174060000,2025-01,18294.08,33832.09,,298.33
1174061000,2025-01,18294.08,33832.09,,298.33
1174062000,2025-01,18294.08,33832.09,,298.33
1174064000,2025-01,15573.67,29958.74,,234.0
1174065000,2025-01,15573.67,29958.74,,234.0
1174066000,2025-01,15573.67,29958.74,,234.0
1174068500,2025-01,14745.11,30764.94,,493.0
1174069000,2025-01,51539.53,70231.63,,349.0
1174070000,2025-01,51539.53,70231.63,,349.0
1111051500,2025-02,20590.19,37240.0,,53.0
1111053000,2025-02,28645.89,47524.07,,73.0
1111054000,2025-02,12142.86,16000.0,,14.0
1111055000,2025-02,11342.05,28496.3,,88.0
1111056000,2025-02,32396.83,41985.71,,63.0
1111057000,2025-02,54473.23,67893.33,,62.0
1111058000,2025-02,52514.6,81169.95,,157.0
1111060000,2025-02,9772.73,20000.0,,22.0
1111061500,2025-02,12505.63,42700.0,,71.0
1111063000,2025-02,22973.04,50074.0,,138.0
1111064000,2025-02,4797.1,14823.53,,138.0
1111065000,2025-02,4244.86,23480.42,,515.0
1111067000,2025-02,14165.16,28371.11,,50.67
1111068000,2025-02,14165.16,28371.11,,50.67
1111069000,2025-02,14165.16,28371.11,,50.67
1111070000,2025-02,7899.71,25535.29,,130.0
1111071000,2025-02,7899.71,25535.29,,130.0
1114052000,2025-02,28319.44,47571.43,,36.0
1114054000,2025-02,36068.0,56983.78,,37.5
1114055000,2025-02,12764.65,23582.86,,65.5
1114057000,2025-02,7038.17,30189.38,,153.0
1114058000,2025-02,6023.8,21264.06,,114.5
1114059000,2025-02,14897.49,30064.44,,139.5
1114060500,2025-02,24090.91,53611.11,,55.0
1114061000,2025-02,17325.74,35730.78,,76.59
1114061500,2025-02,17325.74,35730.78,,76.59
1114062000,2025-02,20740.82,38342.21,,59.09
1114062500,2025-02,20740.82,38342.21,,59.09
1114063000,2025-02,20740.82,38342.21,,59.09
1114063500,2025-02,20740.82,38342.21,,59.09
1114064000,2025-02,20740.82,38342.21,,59.09
1114064500,2025-02,20740.82,38342.21,,59.09
1114065000,2025-02,20740.82,38342.21,,59.09
1114066000,2025-02,20740.82,38342.21,,59.09
1114066500,2025-02,20740.82,38342.21,,59.09
1114067000,2025-02,20710.61,34730.05,,303.0
1114068000,2025-02,31925.76,54296.18,,131.0
1117051000,2025-02,18496.34,27698.36,,227.0
1117052000,2025-02,10123.9,18436.31,,87.0
1117053000,2025-02,12235.63,30129.63,,87.0
1117055500,2025-02,12140.81,21627.03,,392.0
1117056000,2025-02,28707.09,44063.24,,383.0
1117057000,2025-02,23131.89,30481.85,,201.0
1117058000,2025-02,36836.54,47406.04,,159.0
1117059000,2025-02,28589.62,38634.81,,133.0
1117062500,2025-02,42694.16,76068.26,,204.0
1117063000,2025-02,54536.8,66983.89,,194.0
1117064000,2025-02,54536.8,66983.89,,194.0
1117065000,2025-02,15095.5,37268.43,,115.0
1117066000,2025-02,15095.5,37268.43,,115.0
1117068500,2025-02,65403.86,136031.9,,120.0
1117069000,2025-02,33202.12,44267.3,,81.0
1117070000,2025-02,19142.17,28308.57,,46.0
1120052000,2025-02,43967.38,63594.69,,187.0
1120053500,2025-02,32907.04,54235.3,,398.0
1120054000,2025-02,15947.73,40820.87,,325.0
1120055000,2025-02,17994.46,47208.7,,312.33
1120056000,2025-02,27253.97,55353.74,,185.33
1120057000,2025-02,27253.97,55353.74,,185.33
1120058000,2025-02,33925.29,42760.96,,121.0
1120059000,2025-02,46354.23,66324.19,,113.0
1120061500,2025-02,36737.36,55561.55,,214.0
1120062000,2025-02,48665.75,74238.46,,146.0
1120064500,2025-02,53477.72,66967.84,,269.0
1120065000,2025-02,48722.59,78732.05,,198.0
1120066000,2025-02,48722.59,78732.05,,198.0
1120067000,2025-02,26776.12,39166.93,,123.5
1120069000,2025-02,26776.12,39166.93,,123.5
1120072000,2025-02,10501.42,21165.91,,70.5
1120079000,2025-02,9950.75,21920.0,,362.5
1121571000,2025-02,3589.16,18817.89,,933.0
1121573000,2025-02,8593.81,23353.16,,397.0
1121574000,2025-02,11315.33,20389.39,,223.25
1121575000,2025-02,11315.33,20389.39,,223.25
1121576000,2025-02,11315.33,20389.39,,223.25
1121577000,2025-02,11315.33,20389.39,,223.25
1121578000,2025-02,9405.49,20459.0,,254.0
1121581000,2025-02,48985.25,61283.58,,280.0
1121582000,2025-02,19100.75,39913.42,,363.0
1121583000,2025-02,19100.75,39913.42,,363.0
1121584000,2025-02,19100.75,39913.42,,363.0
1121584700,2025-02,19100.75,39913.42,,363.0
1121585000,2025-02,17880.33,34054.51,,338.67
1121586000,2025-02,17880.33,34054.51,,338.67
1121587000,2025-02,17880.33,34054.51,,338.67
1123053600,2025-02,17590.67,42425.06,,592.0
1123054500,2025-02,10142.82,30265.47,,279.0
1123056000,2025-02,16344.9,32216.4,,186.0
1123057000,2025-02,16344.9,32216.4,,186.0
1123060000,2025-02,21566.03,40171.49,,497.0
1123061000,2025-02,24688.63,44216.44,,311.0
1123065000,2025-02,16675.66,32107.64,,412.0
1123066000,2025-02,16675.66,32107.64,,412.0
1123070500,2025-02,9006.61,24562.0,,180.0
1123071000,2025-02,6187.78,24272.0,,315.0
1123072000,2025-02,7126.33,26600.96,,491.5
1123073000,2025-02,7126.33,26600.96,,491.5
1123074000,2025-02,20349.77,44290.35,,504.0
1123075000,2025-02,20349.77,44290.35,,504.0
1126052000,2025-02,12662.72,25289.94,,189.5
1126054000,2025-02,12662.72,25289.94,,189.5
1126055000,2025-02,12662.72,25289.94,,189.5
1126056500,2025-02,12662.72,25289.94,,189.5
1126057000,2025-02,12662.72,25289.94,,189.5
1126057500,2025-02,12662.72,25289.94,,189.5
1126058000,2025-02,14618.58,26165.16,,239.5
1126059000,2025-02,14618.58,26165.16,,239.5
1126060000,2025-02,13199.55,24678.97,,165.5
1126061000,2025-02,13199.55,24678.97,,165.5
1126062000,2025-02,13224.33,28607.53,,237.0
1126063000,2025-02,13224.33,28607.53,,237.0
1126065500,2025-02,12510.85,26393.69,,243.0
1126066000,2025-02,12510.85,26393.69,,243.0
1126068000,2025-02,17926.83,33701.44,,229.0
1126069000,2025-02,17926.83,33701.44,,229.0
1129052500,2025-02,12791.65,22633.97,,158.0
1129055500,2025-02,16441.86,38319.99,,335.67
1129057500,2025-02,8198.15,24519.53,,347.67
1129058000,2025-02,29321.26,42365.66,,33.67
1129059000,2025-02,29321.26,42365.66,,33.67
1129060000,2025-02,3700.0,15680.49,,307.0
1129061000,2025-02,16768.7,39930.77,,165.0
1129062000,2025-02,25116.33,44087.7,,380.17
1129063000,2025-02,13345.0,31399.5,,215.17
1129064000,2025-02,10381.55,27309.8,,181.5
1129065000,2025-02,10381.55,27309.8,,181.5
1129066000,2025-02,40466.62,52656.36,,165.0
1129068500,2025-02,31916.86,48123.77,,264.33
1129070500,2025-02,19750.21,36186.91,,260.0
1129071500,2025-02,17715.08,35984.3,,99.33
1129072500,2025-02,15198.18,31950.61,,180.33
1129076000,2025-02,24678.63,33751.74,,157.67
1129077000,2025-02,24678.63,33751.74,,157.67
1129078000,2025-02,24678.63,33751.74,,157.67
1129081000,2025-02,17848.02,31177.76,,322.0
1130553400,2025-02,14082.49,28255.5,,184.2
1130553500,2025-02,14082.49,28255.5,,184.2
1130554500,2025-02,14082.49,28255.5,,184.2
1130555500,2025-02,14082.49,28255.5,,184.2
1130557500,2025-02,14082.49,28255.5,,184.2
1130559000,2025-02,9294.81,21748.77,,51.83
1130559500,2025-02,9294.81,21748.77,,51.83
1130560000,2025-02,9294.81,21748.77,,51.83
1130560300,2025-02,9294.81,21748.77,,51.83
1130560600,2025-02,9294.81,21748.77,,51.83
1130560800,2025-02,9294.81,21748.77,,51.83
1130561000,2025-02,5553.25,15898.46,,96.5
1130561500,2025-02,5553.25,15898.46,,96.5
1130562000,2025-02,5553.25,15898.46,,96.5
1130562500,2025-02,5553.25,15898.46,,96.5
1130563000,2025-02,5553.25,15898.46,,96.5
1130563500,2025-02,5553.25,15898.46,,96.5
1130564500,2025-02,5926.75,16939.08,,143.5
1130566000,2025-02,5553.25,15898.46,,96.5
1132051100,2025-02,16783.37,27353.89,,196.2
1132051200,2025-02,16783.37,27353.89,,196.2
1132051300,2025-02,16783.37,27353.89,,196.2
1132051400,2025-02,16783.37,27353.89,,196.2
1132051500,2025-02,16783.37,27353.89,,196.2
1132052100,2025-02,12132.29,23929.81,,120.0
1132052200,2025-02,12132.29,23929.81,,120.0
1132066000,2025-02,10800.15,23510.52,,109.75
1132067000,2025-02,10800.15,23510.52,,109.75
1132068000,2025-02,10800.15,23510.52,,109.75
1132068100,2025-02,10800.15,23510.52,,109.75
1132069000,2025-02,9875.96,23475.0,,133.33
1132070000,2025-02,9875.96,23475.0,,133.33
1132071000,2025-02,9875.96,23475.0,,133.33
1135056000,2025-02,15999.84,28324.95,,256.0
1135057000,2025-02,15999.84,28324.95,,256.0
1135058000,2025-02,15999.84,28324.95,,256.0
1135059500,2025-02,8490.75,24350.81,,554.0
1135060000,2025-02,8490.75,24350.81,,554.0
1135061100,2025-02,20932.35,33596.08,,174.0
1135061200,2025-02,20932.35,33596.08,,174.0
1135061900,2025-02,28136.94,38945.78,,174.5
1135062100,2025-02,28136.94,38945.78,,174.5
1135062400,2025-02,22548.8,33288.76,,360.83
1135062500,2025-02,28136.94,38945.78,,174.5
1135063000,2025-02,17315.53,27224.42,,186.33
1135064000,2025-02,17315.53,27224.42,,186.33
1135066500,2025-02,17315.53,27224.42,,186.33
1135067000,2025-02,17315.53,27224.42,,186.33
1135069500,2025-02,17315.53,27224.42,,186.33
1135070000,2025-02,17315.53,27224.42,,186.33
1135071000,2025-02,17315.53,27224.42,,186.33
1135072000,2025-02,17315.53,27224.42,,186.33
1138051000,2025-02,19532.23,34366.12,,345.0
1138052000,2025-02,14644.07,25580.14,,280.5
1138053000,2025-02,14644.07,25580.14,,280.5
1138055100,2025-02,11130.61,21854.15,,122.5
1138055200,2025-02,11130.61,21854.15,,122.5
1138056000,2025-02,11466.85,21037.93,,164.0
1138057000,2025-02,8465.66,16098.46,,371.0
1138058000,2025-02,23993.78,38415.54,,231.33
1138059000,2025-02,23993.78,38415.54,,231.33
1138060000,2025-02,23993.78,38415.54,,231.33
1138062500,2025-02,17310.91,28085.58,,384.0
1138063100,2025-02,11820.47,22209.15,,160.5
1138063200,2025-02,11820.47,22209.15,,160.5
1138064000,2025-02,28891.67,57309.38,,72.0
1138065000,2025-02,39614.98,44375.98,,100.0
1138069000,2025-02,20566.84,38276.85,,764.0
1141052000,2025-02,29247.4,50088.46,,156.0
1141055500,2025-02,20107.81,45242.16,,330.0
1141056500,2025-02,19621.77,43529.32,,376.0
1141058500,2025-02,4497.74,20719.55,,906.0
1141061500,2025-02,7088.2,28871.34,,757.0
1141062000,2025-02,27618.3,41716.87,,150.33
1141064000,2025-02,27618.3,41716.87,,150.33
1141065500,2025-02,27618.3,41716.87,,150.33
1141066000,2025-02,20791.59,36101.88,,210.5
1141068500,2025-02,20791.59,36101.88,,210.5
1141069000,2025-02,23637.44,53734.48,,245.0
1141070000,2025-02,23637.44,53734.48,,245.0
1141071000,2025-02,22008.09,38240.36,,181.0
1141072000,2025-02,22008.09,38240.36,,181.0
1144055500,2025-02,40847.44,60699.95,,470.17
1144056500,2025-02,37094.53,58866.04,,643.17
1144058500,2025-02,29778.56,48505.92,,105.33
1144059000,2025-02,38221.38,57770.44,,375.33
1144060000,2025-02,16620.47,41392.53,,263.17
1144061000,2025-02,34557.74,52814.2,,222.67
1144063000,2025-02,28847.35,55737.24,,257.67
1144065500,2025-02,23078.45,54199.5,,374.0
1144066000,2025-02,9751.57,26855.04,,503.5
1144068000,2025-02,18576.1,33840.46,,325.0
1144069000,2025-02,15870.49,31828.74,,225.5
1144070000,2025-02,15870.49,31828.74,,225.5
1144071000,2025-02,9894.31,29694.14,,255.0
1144072000,2025-02,12267.83,29130.74,,436.0
1144073000,2025-02,14666.48,32929.52,,502.0
1144074000,2025-02,16608.56,40281.89,,530.0
1147051000,2025-02,37398.79,53221.76,,273.6
1147052000,2025-02,37398.79,53221.76,,273.6
1147053000,2025-02,37398.79,53221.76,,273.6
1147054000,2025-02,37398.79,53221.76,,273.6
1147055000,2025-02,37398.79,53221.76,,273.6
1147056000,2025-02,16071.23,26181.45,,98.57
1147057000,2025-02,16071.23,26181.45,,98.57
1147058000,2025-02,16071.23,26181.45,,98.57
1147059000,2025-02,16071.23,26181.45,,98.57
1147060000,2025-02,16071.23,26181.45,,98.57
1147061000,2025-02,16071.23,26181.45,,98.57
1147061100,2025-02,16071.23,26181.45,,98.57
1147062000,2025-02,29868.2,45056.15,,241.83
1147063000,2025-02,29868.2,45056.15,,241.83
1147064000,2025-02,29868.2,45056.15,,241.83
1147065000,2025-02,29868.2,45056.15,,241.83
1147067000,2025-02,29868.2,45056.15,,241.83
1147068000,2025-02,29868.2,45056.15,,241.83
1150051000,2025-02,25903.61,38623.02,,375.5
1150052000,2025-02,19799.63,31578.66,,231.25
1150053000,2025-02,19799.63,31578.66,,231.25
1150053500,2025-02,19799.63,31578.66,,231.25
1150054000,2025-02,13142.65,25340.96,,287.0
1150055000,2025-02,13142.65,25340.96,,287.0
1150056000,2025-02,13142.65,25340.96,,287.0
1150057000,2025-02,13142.65,25340.96,,287.0
1150059000,2025-02,13142.65,25340.96,,287.0
1150059100,2025-02,13142.65,25340.96,,287.0
1150059300,2025-02,13142.65,25340.96,,287.0
1150060300,2025-02,19371.16,36072.35,,727.85
1150060400,2025-02,22555.66,34382.94,,136.0
1150060500,2025-02,25903.61,38623.02,,375.5
1150061100,2025-02,18809.67,37540.68,,646.6
1150061500,2025-02,16640.7,31001.64,,563.0
1150062000,2025-02,15297.04,33949.63,,642.1
1150063000,2025-02,15297.04,33949.63,,642.1
1150064000,2025-02,15047.89,28217.08,,178.0
1150064100,2025-02,17043.92,36146.1,,532.6
1153051000,2025-02,34862.6,53594.24,,438.0
1153052000,2025-02,12594.87,28499.76,,294.8
1153053000,2025-02,12594.87,28499.76,,294.8
1153054000,2025-02,12594.87,28499.76,,294.8
1153055000,2025-02,12594.87,28499.76,,294.8
1153056000,2025-02,12594.87,28499.76,,294.8
1153059500,2025-02,5168.4,13879.44,,162.0
1153072000,2025-02,15464.25,25889.05,,212.0
1153073000,2025-02,15464.25,25889.05,,212.0
1153074000,2025-02,16983.22,27837.5,,167.33
1153075000,2025-02,16983.22,27837.5,,167.33
1153076000,2025-02,16983.22,27837.5,,167.33
1153077000,2025-02,10116.1,21822.85,,233.5
1153078000,2025-02,11519.15,29782.21,,630.0
1153079000,2025-02,11906.39,18615.11,,112.0
1153080000,2025-02,27549.64,41153.85,,36.5
1154551000,2025-02,8663.13,23159.79,,540.0
1154561000,2025-02,13764.66,24420.53,,306.5
1154562000,2025-02,13764.66,24420.53,,306.5
1154563000,2025-02,13764.66,24420.53,,306.5
1154564000,2025-02,13764.66,24420.53,,306.5
1154567000,2025-02,13041.34,23376.67,,117.2
1154568000,2025-02,13041.34,23376.67,,117.2
1154569000,2025-02,13041.34,23376.67,,117.2
1154570000,2025-02,13041.34,23376.67,,117.2
1154571000,2025-02,13041.34,23376.67,,117.2
1156051500,2025-02,25456.01,42995.09,,236.71
1156053500,2025-02,17062.78,31367.27,,1118.0
1156054000,2025-02,37726.3,59984.09,,335.0
1156055000,2025-02,22942.44,37538.51,,397.0
1156056000,2025-02,22021.95,41434.03,,636.0
1156058500,2025-02,13813.67,34357.14,,231.0
1156060500,2025-02,35789.57,49483.16,,279.0
1156061000,2025-02,22691.51,36651.27,,319.5
1156062000,2025-02,23617.02,34844.39,,450.5
1156063000,2025-02,24220.84,43988.71,,157.71
1156065000,2025-02,24220.84,43988.71,,157.71
1156066000,2025-02,24220.84,43988.71,,157.71
1156067000,2025-02,17078.83,38146.54,,327.96
1156068000,2025-02,24220.84,43988.71,,157.71
1156069000,2025-02,24220.84,43988.71,,157.71
1156070000,2025-02,10462.69,29051.71,,170.25
1156071000,2025-02,10462.69,29051.71,,170.25
1156072000,2025-02,10462.69,29051.71,,170.25
1159051000,2025-02,17489.77,41434.72,,295.5
1159052000,2025-02,10214.37,30896.96,,212.5
1159053000,2025-02,14509.44,39308.46,,623.75
1159054000,2025-02,20636.3,44091.04,,377.75
1159055000,2025-02,20636.3,44091.04,,377.75
1159056000,2025-02,20636.3,44091.04,,377.75
1159060500,2025-02,33016.55,61468.06,,695.0
1159062000,2025-02,19931.39,39244.77,,257.2
1159063000,2025-02,23616.59,43719.93,,279.2
1159064000,2025-02,19931.39,39244.77,,257.2
1159065000,2025-02,19931.39,39244.77,,257.2
1159065100,2025-02,19931.39,39244.77,,257.2
1159066000,2025-02,17262.34,37108.13,,388.0
1159067000,2025-02,14321.97,37628.65,,329.5
1159068000,2025-02,14321.97,37628.65,,329.5
1162052500,2025-02,12091.62,34534.14,,423.89
1162054500,2025-02,12091.62,34534.14,,423.89
1162056500,2025-02,12091.62,34534.14,,423.89
1162057500,2025-02,12091.62,34534.14,,423.89
1162058500,2025-02,12091.62,34534.14,,423.89
1162059500,2025-02,12091.62,34534.14,,423.89
1162060500,2025-02,12091.62,34534.14,,423.89
1162061500,2025-02,12091.62,34534.14,,423.89
1162062500,2025-02,12091.62,34534.14,,423.89
1162063000,2025-02,10798.55,21836.03,,222.0
1162064500,2025-02,7875.99,22365.09,,271.64
1162065500,2025-02,7875.99,22365.09,,271.64
1162066500,2025-02,7875.99,22365.09,,271.64
1162068500,2025-02,7875.99,22365.09,,271.64
1162069500,2025-02,7875.99,22365.09,,271.64
1162071500,2025-02,7875.99,22365.09,,271.64
1162072500,2025-02,7875.99,22365.09,,271.64
1162073500,2025-02,7875.99,22365.09,,271.64
1162074500,2025-02,7875.99,22365.09,,271.64
1162076500,2025-02,7875.99,22365.09,,271.64
1162077500,2025-02,7875.99,22365.09,,271.64
1165051000,2025-02,36504.95,68005.19,,434.0
1165052000,2025-02,36504.95,68005.19,,434.0
1165053000,2025-02,35890.95,65156.55,,599.33
1165053100,2025-02,36504.95,68005.19,,434.0
1165054000,2025-02,54556.74,87811.92,,311.0
1165055000,2025-02,59601.0,105648.86,,193.0
1165056000,2025-02,59601.0,105648.86,,193.0
1165057000,2025-02,59601.0,105648.86,,193.0
1165058000,2025-02,54556.74,87811.92,,311.0
1165058100,2025-02,59601.0,105648.86,,193.0
1165059000,2025-02,34279.19,58732.17,,165.33
1165060000,2025-02,34279.19,58732.17,,165.33
1165061000,2025-02,34279.19,58732.17,,165.33
1165062000,2025-02,34279.19,58732.17,,165.33
1165062100,2025-02,34279.19,58732.17,,165.33
1165065100,2025-02,28922.19,50089.71,,642.0
1165065200,2025-02,19304.87,35064.86,,272.0
1165066000,2025-02,42806.96,56096.24,,159.0
1168051000,2025-02,62260.99,92183.86,,166.0
1168052100,2025-02,19914.19,49843.85,,402.0
1168053100,2025-02,19914.19,49843.85,,402.0
1168054500,2025-02,62260.99,92183.86,,166.0
1168056500,2025-02,41784.73,77184.44,,220.0
1168058000,2025-02,39165.89,73834.71,,261.0
1168059000,2025-02,39165.89,73834.71,,261.0
1168060000,2025-02,53107.08,83778.86,,182.8
1168061000,2025-02,53107.08,83778.86,,182.8
1168063000,2025-02,53107.08,83778.86,,182.8
1168064000,2025-02,26675.89,57734.86,,608.5
1168065000,2025-02,26675.89,57734.86,,608.5
1168065500,2025-02,64976.91,98293.91,,243.0
1168065600,2025-02,64976.91,98293.91,,243.0
1168066000,2025-02,55020.65,74810.01,,257.8
1168067000,2025-02,53669.73,74247.21,,353.2
1168067500,2025-02,53477.84,77118.45,,536.0
1168069000,2025-02,55020.65,74810.01,,257.8
1168070000,2025-02,25329.71,48013.29,,610.0
1168072000,2025-02,45119.68,62957.92,,184.07
1168073000,2025-02,45119.68,62957.92,,184.07
1168074000,2025-02,53477.84,77118.45,,536.0
1168075000,2025-02,39848.14,54322.72,,88.67
1171051000,2025-02,23894.8,40255.56,,169.0
1171052000,2025-02,23894.8,40255.56,,169.0
1171053100,2025-02,19099.27,46895.97,,273.0
1171053200,2025-02,19099.27,46895.97,,273.0
1171054000,2025-02,15136.78,26108.12,,125.0
1171055000,2025-02,15136.78,26108.12,,125.0
1171056100,2025-02,23109.42,40038.99,,353.0
1171056200,2025-02,23109.42,40038.99,,353.0
1171056600,2025-02,23109.42,40038.99,,353.0
1171057000,2025-02,26152.2,44690.71,,286.0
1171058000,2025-02,23521.68,39167.19,,355.0
1171059000,2025-02,23521.68,39167.19,,355.0
1171060000,2025-02,14015.08,27772.59,,606.0
1171061000,2025-02,13767.15,22949.92,,559.0
1171062000,2025-02,46300.49,67629.13,,427.0
1171063100,2025-02,46300.49,67629.13,,427.0
1171063200,2025-02,46300.49,67629.13,,427.0
1171064100,2025-02,22362.17,44474.76,,459.33
1171064200,2025-02,26357.08,49119.19,,620.0
1171064600,2025-02,26357.08,49119.19,,620.0
1171064700,2025-02,26019.53,52806.69,,433.67
1171065000,2025-02,40337.64,66390.82,,361.0
1171067000,2025-02,40337.64,66390.82,,361.0
1171068000,2025-02,40337.64,66390.82,,361.0
1171069000,2025-02,66831.52,84986.34,,200.5
1171071000,2025-02,66831.52,84986.34,,200.5
1171072000,2025-02,40337.64,66390.82,,361.0
1174051500,2025-02,16290.65,33178.31,,2136.25
1174052000,2025-02,43926.82,59546.23,,114.25
1174052500,2025-02,43926.82,59546.23,,114.25
1174052600,2025-02,43926.82,59546.23,,114.25
1174053000,2025-02,30769.88,42610.05,,197.0
1174054000,2025-02,30769.88,42610.05,,197.0
1174055000,2025-02,41492.77,57570.88,,322.5
1174056000,2025-02,41492.77,57570.88,,322.5
1174057000,2025-02,28361.64,41125.39,,225.67
1174058000,2025-02,28361.64,41125.39,,225.67
1174059000,2025-02,28361.64,41125.39,,225.67
1174060000,2025-02,13563.64,27820.95,,399.33
1174061000,2025-02,13563.64,27820.95,,399.33
1174062000,2025-02,13563.64,27820.95,,399.33
1174064000,2025-02,16898.67,31266.36,,268.67
1174065000,2025-02,16898.67,31266.36,,268.67
1174066000,2025-02,16898.67,31266.36,,268.67
1174068500,2025-02,10022.6,26424.41,,1263.0
1174069000,2025-02,42475.86,57659.92,,203.0
1174070000,2025-02,42475.86,57659.92,,203.0
1111051500,2025-03,22004.29,38366.67,,70.0
1111053000,2025-03,20321.05,51990.91,,95.0
1111054000,2025-03,14945.45,31350.0,,11.0
1111055000,2025-03,18225.0,31754.35,,46.0
1111056000,2025-03,35006.88,51970.83,,48.0
1111057000,2025-03,57434.09,68221.88,,44.0
1111058000,2025-03,50501.32,86137.38,,150.0
1111060000,2025-03,13431.82,30714.29,,22.0
1111061500,2025-03,10992.86,31250.0,,56.0
1111063000,2025-03,13442.88,36757.56,,68.0
1111064000,2025-03,6183.33,17492.86,,114.0
1111065000,2025-03,8816.36,27858.7,,214.0
1111067000,2025-03,14923.14,30409.26,,46.67
1111068000,2025-03,14923.14,30409.26,,46.67
1111069000,2025-03,14923.14,30409.26,,46.67
1111070000,2025-03,13126.5,37886.67,,116.0
1111071000,2025-03,13126.5,37886.67,,116.0
1114052000,2025-03,24723.53,43881.25,,34.0
1114054000,2025-03,27268.11,69789.44,,26.5
1114055000,2025-03,10039.67,34930.5,,45.5
1114057000,2025-03,15111.19,47347.37,,88.5
1114058000,2025-03,6108.22,20750.0,,53.5
1114059000,2025-03,20677.45,33410.85,,141.0
1114060500,2025-03,34105.14,48064.1,,69.0
1114061000,2025-03,20402.91,41436.47,,75.5
1114061500,2025-03,20402.91,41436.47,,75.5
1114062000,2025-03,23854.57,43162.57,,59.0
1114062500,2025-03,23854.57,43162.57,,59.0
1114063000,2025-03,23854.57,43162.57,,59.0
1114063500,2025-03,23854.57,43162.57,,59.0
1114064000,2025-03,23854.57,43162.57,,59.0
1114064500,2025-03,23854.57,43162.57,,59.0
1114065000,2025-03,23854.57,43162.57,,59.0
1114066000,2025-03,23854.57,43162.57,,59.0
1114066500,2025-03,23854.57,43162.57,,59.0
1114067000,2025-03,20403.8,34280.81,,255.0
1114068000,2025-03,43614.71,63953.71,,164.0
1117051000,2025-03,18594.48,25576.56,,265.0
1117052000,2025-03,7698.62,17818.62,,93.0
1117053000,2025-03,14289.65,22868.96,,69.0
1117055500,2025-03,12185.97,20120.13,,237.0
1117056000,2025-03,34542.33,47955.25,,419.0
1117057000,2025-03,27541.77,35303.55,,192.0
1117058000,2025-03,33773.88,43883.79,,129.0
1117059000,2025-03,26743.86,35256.67,,132.0
1117062500,2025-03,40188.15,62938.71,,243.0
1117063000,2025-03,54645.44,69042.36,,186.5
1117064000,2025-03,54645.44,69042.36,,186.5
1117065000,2025-03,15455.33,36192.19,,99.5
1117066000,2025-03,15455.33,36192.19,,99.5
1117068500,2025-03,93716.65,188885.11,,119.0
1117069000,2025-03,47453.64,62607.38,,78.0
1117070000,2025-03,19508.39,31489.73,,62.0
1120052000,2025-03,45512.87,66819.3,,199.0
1120053500,2025-03,33704.34,54651.97,,410.0
1120054000,2025-03,19090.76,35652.48,,236.0
1120055000,2025-03,29163.23,44485.63,,233.33
1120056000,2025-03,37462.52,53809.93,,161.33
1120057000,2025-03,37462.52,53809.93,,161.33
1120058000,2025-03,32248.25,44159.7,,114.0
1120059000,2025-03,38842.98,62705.88,,110.0
1120061500,2025-03,40922.99,56426.07,,186.0
1120062000,2025-03,49158.22,66281.59,,143.0
1120064500,2025-03,51768.45,71644.27,,331.0
1120065000,2025-03,49116.31,73379.76,,250.5
1120066000,2025-03,49116.31,73379.76,,250.5
1120067000,2025-03,24466.86,36793.01,,158.0
1120069000,2025-03,24466.86,36793.01,,158.0
1120072000,2025-03,9458.7,25993.82,,65.5
1120079000,2025-03,10521.31,22187.47,,268.5
1121571000,2025-03,5424.44,18825.58,,522.0
1121573000,2025-03,10633.66,21379.65,,247.0
1121574000,2025-03,10503.11,20188.51,,220.75
1121575000,2025-03,10503.11,20188.51,,220.75
1121576000,2025-03,10503.11,20188.51,,220.75
1121577000,2025-03,10503.11,20188.51,,220.75
1121578000,2025-03,12311.3,22281.47,,207.0
1121581000,2025-03,47418.21,61827.72,,260.0
1121582000,2025-03,21581.67,44085.28,,353.0
1121583000,2025-03,21581.67,44085.28,,353.0
1121584000,2025-03,21581.67,44085.28,,353.0
1121584700,2025-03,21581.67,44085.28,,353.0
1121585000,2025-03,18894.16,38350.42,,349.0
1121586000,2025-03,18894.16,38350.42,,349.0
1121587000,2025-03,18894.16,38350.42,,349.0
1123053600,2025-03,17508.66,36252.75,,585.0
1123054500,2025-03,18093.68,34209.61,,177.0
1123056000,2025-03,27540.72,39913.94,,128.33
1123057000,2025-03,27540.72,39913.94,,128.33
1123060000,2025-03,26852.58,42800.23,,457.83
1123061000,2025-03,26584.56,44055.38,,329.5
1123065000,2025-03,19834.8,31811.15,,320.0
1123066000,2025-03,19834.8,31811.15,,320.0
1123070500,2025-03,13986.23,25203.25,,249.0
1123071000,2025-03,8420.61,23687.6,,144.0
1123072000,2025-03,18497.4,35680.88,,207.5
1123073000,2025-03,18497.4,35680.88,,207.5
1123074000,2025-03,32335.31,48581.63,,309.5
1123075000,2025-03,32335.31,48581.63,,309.5
1126052000,2025-03,13707.53,25634.86,,183.0
1126054000,2025-03,13707.53,25634.86,,183.0
1126055000,2025-03,13707.53,25634.86,,183.0
1126056500,2025-03,13707.53,25634.86,,183.0
1126057000,2025-03,13707.53,25634.86,,183.0
1126057500,2025-03,13707.53,25634.86,,183.0
1126058000,2025-03,16425.16,27183.18,,223.5
1126059000,2025-03,16425.16,27183.18,,223.5
1126060000,2025-03,12716.44,23169.64,,189.5
1126061000,2025-03,12716.44,23169.64,,189.5
1126062000,2025-03,14248.51,26899.82,,184.0
1126063000,2025-03,14248.51,26899.82,,184.0
1126065500,2025-03,14086.07,24570.8,,208.5
1126066000,2025-03,14086.07,24570.8,,208.5
1126068000,2025-03,16441.45,30840.11,,216.0
1126069000,2025-03,16441.45,30840.11,,216.0
1129052500,2025-03,15473.55,28181.82,,121.0
1129055500,2025-03,21013.67,33004.18,,218.67
1129057500,2025-03,14057.6,29666.85,,188.67
1129058000,2025-03,33354.11,43410.5,,40.67
1129059000,2025-03,33354.11,43410.5,,40.67
1129060000,2025-03,8231.68,24735.41,,121.0
1129061000,2025-03,15461.88,36277.78,,134.0
1129062000,2025-03,31188.13,43676.54,,278.33
1129063000,2025-03,23269.06,35974.87,,138.67
1129064000,2025-03,19084.11,31804.61,,98.0
1129065000,2025-03,19084.11,31804.61,,98.0
1129066000,2025-03,39050.51,49697.73,,139.67
1129068500,2025-03,33607.49,46295.42,,223.0
1129070500,2025-03,24453.07,37035.75,,225.0
1129071500,2025-03,24485.0,38403.2,,83.33
1129072500,2025-03,22350.93,34310.7,,141.33
1129076000,2025-03,21820.47,30686.07,,175.33
1129077000,2025-03,21820.47,30686.07,,175.33
1129078000,2025-03,21820.47,30686.07,,175.33
1129081000,2025-03,20793.02,35677.25,,332.0
1130553400,2025-03,15296.74,27042.78,,165.4
1130553500,2025-03,15296.74,27042.78,,165.4
1130554500,2025-03,15296.74,27042.78,,165.4
1130555500,2025-03,15296.74,27042.78,,165.4
1130557500,2025-03,15296.74,27042.78,,165.4
1130559000,2025-03,10049.96,18553.31,,47.83
1130559500,2025-03,10049.96,18553.31,,47.83
1130560000,2025-03,10049.96,18553.31,,47.83
1130560300,2025-03,10049.96,18553.31,,47.83
1130560600,2025-03,10049.96,18553.31,,47.83
1130560800,2025-03,10049.96,18553.31,,47.83
1130561000,2025-03,7240.8,17651.61,,89.5
1130561500,2025-03,7240.8,17651.61,,89.5
1130562000,2025-03,7240.8,17651.61,,89.5
1130562500,2025-03,7240.8,17651.61,,89.5
1130563000,2025-03,7240.8,17651.61,,89.5
1130563500,2025-03,7240.8,17651.61,,89.5
1130564500,2025-03,8476.08,17915.26,,160.5
1130566000,2025-03,7240.8,17651.61,,89.5
1132051100,2025-03,17245.12,26744.75,,206.0
1132051200,2025-03,17245.12,26744.75,,206.0
1132051300,2025-03,17245.12,26744.75,,206.0
1132051400,2025-03,17245.12,26744.75,,206.0
1132051500,2025-03,17245.12,26744.75,,206.0
1132052100,2025-03,11667.88,24586.77,,159.0
1132052200,2025-03,11667.88,24586.77,,159.0
1132066000,2025-03,12002.65,23317.91,,93.75
1132067000,2025-03,12002.65,23317.91,,93.75
1132068000,2025-03,12002.65,23317.91,,93.75
1132068100,2025-03,12002.65,23317.91,,93.75
1132069000,2025-03,12464.94,25714.98,,159.0
1132070000,2025-03,12464.94,25714.98,,159.0
1132071000,2025-03,12464.94,25714.98,,159.0
1135056000,2025-03,20296.63,29892.22,,194.67
1135057000,2025-03,20296.63,29892.22,,194.67
1135058000,2025-03,20296.63,29892.22,,194.67
1135059500,2025-03,14954.66,30086.73,,260.0
1135060000,2025-03,14954.66,30086.73,,260.0
1135061100,2025-03,20397.95,32150.2,,174.0
1135061200,2025-03,20397.95,32150.2,,174.0
1135061900,2025-03,27676.72,36972.75,,152.75
1135062100,2025-03,27676.72,36972.75,,152.75
1135062400,2025-03,21351.26,31111.24,,356.86
1135062500,2025-03,27676.72,36972.75,,152.75
1135063000,2025-03,16617.49,25944.39,,204.11
1135064000,2025-03,16617.49,25944.39,,204.11
1135066500,2025-03,16617.49,25944.39,,204.11
1135067000,2025-03,16617.49,25944.39,,204.11
1135069500,2025-03,16617.49,25944.39,,204.11
1135070000,2025-03,16617.49,25944.39,,204.11
1135071000,2025-03,16617.49,25944.39,,204.11
1135072000,2025-03,16617.49,25944.39,,204.11
1138051000,2025-03,22368.59,34443.63,,389.0
1138052000,2025-03,14923.21,24434.13,,287.5
1138053000,2025-03,14923.21,24434.13,,287.5
1138055100,2025-03,10385.58,19198.66,,127.5
1138055200,2025-03,10385.58,19198.66,,127.5
1138056000,2025-03,13527.56,24516.74,,101.0
1138057000,2025-03,8888.0,18084.72,,362.0
1138058000,2025-03,22282.52,37022.28,,303.0
1138059000,2025-03,22282.52,37022.28,,303.0
1138060000,2025-03,22282.52,37022.28,,303.0
1138062500,2025-03,15635.88,28236.6,,394.0
1138063100,2025-03,12345.37,23438.57,,150.5
1138063200,2025-03,12345.37,23438.57,,150.5
1138064000,2025-03,34250.0,52500.0,,90.0
1138065000,2025-03,37385.32,48430.38,,114.0
1138069000,2025-03,20919.64,38195.74,,660.0
1141052000,2025-03,32231.26,53634.12,,127.0
1141055500,2025-03,30123.28,52228.31,,244.5
1141056500,2025-03,23816.59,45140.07,,354.0
1141058500,2025-03,7117.08,24120.0,,369.5
1141061500,2025-03,10531.76,27345.11,,376.0
1141062000,2025-03,27626.21,40003.25,,138.67
1141064000,2025-03,27626.21,40003.25,,138.67
1141065500,2025-03,27626.21,40003.25,,138.67
1141066000,2025-03,20438.39,35258.32,,150.0
1141068500,2025-03,20438.39,35258.32,,150.0
1141069000,2025-03,32184.74,53598.18,,177.0
1141070000,2025-03,32184.74,53598.18,,177.0
1141071000,2025-03,17397.99,29661.71,,178.5
1141072000,2025-03,17397.99,29661.71,,178.5
1144055500,2025-03,42742.19,65214.21,,412.0
1144056500,2025-03,36772.82,63220.58,,603.33
1144058500,2025-03,27285.92,47850.63,,118.67
1144059000,2025-03,37743.94,54438.88,,373.33
1144060000,2025-03,26133.98,44832.21,,189.33
1144061000,2025-03,37402.0,57137.64,,211.0
1144063000,2025-03,36342.03,55817.98,,197.33
1144065500,2025-03,24278.32,57862.11,,390.5
1144066000,2025-03,12507.81,30472.83,,426.5
1144068000,2025-03,17386.09,33077.37,,294.0
1144069000,2025-03,17647.82,31372.24,,247.0
1144070000,2025-03,17647.82,31372.24,,247.0
1144071000,2025-03,10895.56,25349.24,,238.0
1144072000,2025-03,14288.18,28161.21,,380.0
1144073000,2025-03,16142.72,30651.3,,459.0
1144074000,2025-03,18230.29,42785.79,,472.0
1147051000,2025-03,35700.78,53396.95,,269.6
1147052000,2025-03,35700.78,53396.95,,269.6
1147053000,2025-03,35700.78,53396.95,,269.6
1147054000,2025-03,35700.78,53396.95,,269.6
1147055000,2025-03,35700.78,53396.95,,269.6
1147056000,2025-03,18218.68,28041.01,,109.57
1147057000,2025-03,18218.68,28041.01,,109.57
1147058000,2025-03,18218.68,28041.01,,109.57
1147059000,2025-03,18218.68,28041.01,,109.57
1147060000,2025-03,18218.68,28041.01,,109.57
1147061000,2025-03,18218.68,28041.01,,109.57
1147061100,2025-03,18218.68,28041.01,,109.57
1147062000,2025-03,27718.07,44474.42,,252.83
1147063000,2025-03,27718.07,44474.42,,252.83
1147064000,2025-03,27718.07,44474.42,,252.83
1147065000,2025-03,27718.07,44474.42,,252.83
1147067000,2025-03,27718.07,44474.42,,252.83
1147068000,2025-03,27718.07,44474.42,,252.83
1150051000,2025-03,26708.06,40849.12,,358.5
1150052000,2025-03,20825.74,32579.72,,235.5
1150053000,2025-03,20825.74,32579.72,,235.5
1150053500,2025-03,20825.74,32579.72,,235.5
1150054000,2025-03,13385.99,25494.48,,290.12
1150055000,2025-03,13385.99,25494.48,,290.12
1150056000,2025-03,13385.99,25494.48,,290.12
1150057000,2025-03,13385.99,25494.48,,290.12
1150059000,2025-03,13385.99,25494.48,,290.12
1150059100,2025-03,13385.99,25494.48,,290.12
1150059300,2025-03,13385.99,25494.48,,290.12
1150060300,2025-03,20795.77,36749.16,,642.2
1150060400,2025-03,23773.4,33719.12,,117.5
1150060500,2025-03,26708.06,40849.12,,358.5
1150061100,2025-03,22041.36,43182.66,,488.7
1150061500,2025-03,18467.8,33594.55,,479.62
1150062000,2025-03,15669.77,34644.31,,564.45
1150063000,2025-03,15669.77,34644.31,,564.45
1150064000,2025-03,15750.18,27145.44,,159.75
1150064100,2025-03,18383.18,37504.42,,438.95
1153051000,2025-03,35210.39,51324.85,,333.0
1153052000,2025-03,12379.13,27234.92,,305.6
1153053000,2025-03,12379.13,27234.92,,305.6
1153054000,2025-03,12379.13,27234.92,,305.6
1153055000,2025-03,12379.13,27234.92,,305.6
1153056000,2025-03,12379.13,27234.92,,305.6
1153059500,2025-03,6647.05,14872.86,,193.0
1153072000,2025-03,17503.9,28812.87,,194.5
1153073000,2025-03,17503.9,28812.87,,194.5
1153074000,2025-03,17141.2,28824.76,,169.67
1153075000,2025-03,17141.2,28824.76,,169.67
1153076000,2025-03,17141.2,28824.76,,169.67
1153077000,2025-03,10830.59,21447.97,,212.0
1153078000,2025-03,11801.95,29558.56,,502.0
1153079000,2025-03,13913.69,21115.2,,169.0
1153080000,2025-03,19004.66,40606.82,,62.0
1154551000,2025-03,9525.22,22691.01,,520.0
1154561000,2025-03,14203.93,23862.1,,429.0
1154562000,2025-03,14203.93,23862.1,,429.0
1154563000,2025-03,14203.93,23862.1,,429.0
1154564000,2025-03,14203.93,23862.1,,429.0
1154567000,2025-03,13239.97,21990.13,,135.0
1154568000,2025-03,13239.97,21990.13,,135.0
1154569000,2025-03,13239.97,21990.13,,135.0
1154570000,2025-03,13239.97,21990.13,,135.0
1154571000,2025-03,13239.97,21990.13,,135.0
1156051500,2025-03,26307.06,41399.12,,235.86
1156053500,2025-03,18790.26,33407.69,,1133.0
1156054000,2025-03,43988.73,59498.33,,394.0
1156055000,2025-03,25361.45,38889.57,,336.0
1156056000,2025-03,26834.26,45218.99,,588.0
1156058500,2025-03,17067.9,32344.3,,291.0
1156060500,2025-03,38831.41,50612.45,,293.0
1156061000,2025-03,24985.13,35713.62,,318.0
1156062000,2025-03,25279.11,32699.52,,457.0
1156063000,2025-03,25094.63,41405.19,,162.86
1156065000,2025-03,25094.63,41405.19,,162.86
1156066000,2025-03,25094.63,41405.19,,162.86
1156067000,2025-03,18097.78,35460.71,,350.11
1156068000,2025-03,25094.63,41405.19,,162.86
1156069000,2025-03,25094.63,41405.19,,162.86
1156070000,2025-03,12012.4,27733.55,,187.25
1156071000,2025-03,12012.4,27733.55,,187.25
1156072000,2025-03,12012.4,27733.55,,187.25
1159051000,2025-03,22840.75,43005.38,,282.0
1159052000,2025-03,16015.61,38285.34,,198.0
1159053000,2025-03,23075.65,44055.53,,375.5
1159054000,2025-03,27260.51,45773.92,,302.5
1159055000,2025-03,27260.51,45773.92,,302.5
1159056000,2025-03,27260.51,45773.92,,302.5
1159060500,2025-03,46782.85,61600.69,,532.0
1159062000,2025-03,21984.42,38250.63,,276.0
1159063000,2025-03,26703.01,44696.93,,316.0
1159064000,2025-03,21984.42,38250.63,,276.0
1159065000,2025-03,21984.42,38250.63,,276.0
1159065100,2025-03,21984.42,38250.63,,276.0
1159066000,2025-03,20681.32,41396.96,,375.0
1159067000,2025-03,17706.44,41805.42,,274.5
1159068000,2025-03,17706.44,41805.42,,274.5
1162052500,2025-03,14220.15,33937.67,,332.44
1162054500,2025-03,14220.15,33937.67,,332.44
1162056500,2025-03,14220.15,33937.67,,332.44
1162057500,2025-03,14220.15,33937.67,,332.44
1162058500,2025-03,14220.15,33937.67,,332.44
1162059500,2025-03,14220.15,33937.67,,332.44
1162060500,2025-03,14220.15,33937.67,,332.44
1162061500,2025-03,14220.15,33937.67,,332.44
1162062500,2025-03,14220.15,33937.67,,332.44
1162063000,2025-03,12876.73,29122.13,,170.0
1162064500,2025-03,8488.3,23129.51,,246.18
1162065500,2025-03,8488.3,23129.51,,246.18
1162066500,2025-03,8488.3,23129.51,,246.18
1162068500,2025-03,8488.3,23129.51,,246.18
1162069500,2025-03,8488.3,23129.51,,246.18
1162071500,2025-03,8488.3,23129.51,,246.18
1162072500,2025-03,8488.3,23129.51,,246.18
1162073500,2025-03,8488.3,23129.51,,246.18
1162074500,2025-03,8488.3,23129.51,,246.18
1162076500,2025-03,8488.3,23129.51,,246.18
1162077500,2025-03,8488.3,23129.51,,246.18
1165051000,2025-03,40209.82,69621.91,,351.25
1165052000,2025-03,40209.82,69621.91,,351.25
1165053000,2025-03,39942.43,66295.98,,516.42
1165053100,2025-03,40209.82,69621.91,,351.25
1165054000,2025-03,67024.08,93835.27,,300.0
1165055000,2025-03,79602.34,127322.79,,178.75
1165056000,2025-03,79602.34,127322.79,,178.75
1165057000,2025-03,79602.34,127322.79,,178.75
1165058000,2025-03,67024.08,93835.27,,300.0
1165058100,2025-03,79602.34,127322.79,,178.75
1165059000,2025-03,39373.8,60178.89,,165.17
1165060000,2025-03,39373.8,60178.89,,165.17
1165061000,2025-03,39373.8,60178.89,,165.17
1165062000,2025-03,39373.8,60178.89,,165.17
1165062100,2025-03,39373.8,60178.89,,165.17
1165065100,2025-03,24131.5,31436.08,,1130.0
1165065200,2025-03,22403.17,39851.64,,244.0
1165066000,2025-03,39945.78,61891.41,,209.0
1168051000,2025-03,61462.08,89971.84,,157.0
1168052100,2025-03,21006.0,41918.44,,330.0
1168053100,2025-03,21006.0,41918.44,,330.0
1168054500,2025-03,61462.08,89971.84,,157.0
1168056500,2025-03,52473.26,84591.34,,258.0
1168058000,2025-03,49063.37,81590.16,,271.0
1168059000,2025-03,49063.37,81590.16,,271.0
1168060000,2025-03,55953.9,83276.57,,177.4
1168061000,2025-03,55953.9,83276.57,,177.4
1168063000,2025-03,55953.9,83276.57,,177.4
1168064000,2025-03,24894.47,50956.76,,650.5
1168065000,2025-03,24894.47,50956.76,,650.5
1168065500,2025-03,81440.04,110398.53,,219.0
1168065600,2025-03,81440.04,110398.53,,219.0
1168066000,2025-03,59136.76,74279.9,,219.4
1168067000,2025-03,57651.53,74261.75,,294.2
1168067500,2025-03,57012.94,77135.14,,471.6
1168069000,2025-03,59136.76,74279.9,,219.4
1168070000,2025-03,30042.36,54296.7,,450.0
1168072000,2025-03,45952.6,59586.37,,172.47
1168073000,2025-03,45952.6,59586.37,,172.47
1168074000,2025-03,57012.94,77135.14,,471.6
1168075000,2025-03,40329.18,50258.29,,97.67
1171051000,2025-03,27103.63,42302.18,,227.0
1171052000,2025-03,27103.63,42302.18,,227.0
1171053100,2025-03,33245.13,45591.18,,178.33
1171053200,2025-03,33245.13,45591.18,,178.33
1171054000,2025-03,13252.83,24740.78,,121.0
1171055000,2025-03,13252.83,24740.78,,121.0
1171056100,2025-03,22430.92,38020.01,,351.0
1171056200,2025-03,22430.92,38020.01,,351.0
1171056600,2025-03,22430.92,38020.01,,351.0
1171057000,2025-03,27525.43,47128.99,,313.0
1171058000,2025-03,23716.03,43516.91,,348.0
1171059000,2025-03,23716.03,43516.91,,348.0
1171060000,2025-03,13291.54,26474.77,,642.0
1171061000,2025-03,15760.76,25178.4,,634.0
1171062000,2025-03,47542.42,67928.19,,374.0
1171063100,2025-03,47542.42,67928.19,,374.0
1171063200,2025-03,47542.42,67928.19,,374.0
1171064100,2025-03,24642.29,44638.03,,427.0
1171064200,2025-03,30290.81,50512.11,,562.33
1171064600,2025-03,30290.81,50512.11,,562.33
1171064700,2025-03,39659.9,52477.44,,313.67
1171065000,2025-03,44668.64,73416.1,,350.75
1171067000,2025-03,44668.64,73416.1,,350.75
1171068000,2025-03,44668.64,73416.1,,350.75
1171069000,2025-03,67239.44,84234.97,,181.0
1171071000,2025-03,67239.44,84234.97,,181.0
1171072000,2025-03,44668.64,73416.1,,350.75
1174051500,2025-03,19471.25,26106.48,,1210.75
1174052000,2025-03,24333.74,30544.06,,310.75
1174052500,2025-03,24333.74,30544.06,,310.75
1174052600,2025-03,24333.74,30544.06,,310.75
1174053000,2025-03,31089.43,43237.97,,226.5
1174054000,2025-03,31089.43,43237.97,,226.5
1174055000,2025-03,45855.45,61705.35,,254.0
1174056000,2025-03,45855.45,61705.35,,254.0
1174057000,2025-03,28322.89,43150.62,,233.67
1174058000,2025-03,28322.89,43150.62,,233.67
1174059000,2025-03,28322.89,43150.62,,233.67
1174060000,2025-03,14660.97,28107.8,,396.0
1174061000,2025-03,14660.97,28107.8,,396.0
1174062000,2025-03,14660.97,28107.8,,396.0
1174064000,2025-03,14836.67,28268.79,,295.0
1174065000,2025-03,14836.67,28268.79,,295.0
1174066000,2025-03,14836.67,28268.79,,295.0
1174068500,2025-03,14090.3,29925.35,,764.0
1174069000,2025-03,41941.37,61324.42,,220.5
1174070000,2025-03,41941.37,61324.42,,220.5
1111051500,2025-04,16058.62,30382.61,,58.0
1111053000,2025-04,21722.12,40061.11,,104.0
1111054000,2025-04,16777.78,55000.0,,9.0
1111055000,2025-04,20777.78,42416.67,,36.0
1111056000,2025-04,26150.98,34138.1,,51.0
1111057000,2025-04,48694.65,66176.7,,31.0
1111058000,2025-04,52392.87,87524.11,,115.0
1111060000,2025-04,19045.45,23300.0,,22.0
1111061500,2025-04,14555.0,24632.94,,32.0
1111063000,2025-04,13753.33,36333.33,,69.0
1111064000,2025-04,8365.88,19583.33,,85.0
1111065000,2025-04,9832.47,33158.14,,194.0
1111067000,2025-04,15631.09,23877.48,,44.67
1111068000,2025-04,15631.09,23877.48,,44.67
1111069000,2025-04,15631.09,23877.48,,44.67
1111070000,2025-04,9990.41,30430.57,,113.5
1111071000,2025-04,9990.41,30430.57,,113.5
1114052000,2025-04,21511.07,40781.25,,42.0
1114054000,2025-04,40295.64,77800.0,,19.5
1114055000,2025-04,25009.52,57894.74,,31.5
1114057000,2025-04,13989.71,30650.0,,87.0
1114058000,2025-04,19354.14,55886.0,,43.5
1114059000,2025-04,15693.33,27218.37,,118.5
1114060500,2025-04,29764.34,48256.33,,76.0
1114061000,2025-04,19367.65,41994.5,,74.0
1114061500,2025-04,19367.65,41994.5,,74.0
1114062000,2025-04,23209.37,44293.75,,54.0
1114062500,2025-04,23209.37,44293.75,,54.0
1114063000,2025-04,23209.37,44293.75,,54.0
1114063500,2025-04,23209.37,44293.75,,54.0
1114064000,2025-04,23209.37,44293.75,,54.0
1114064500,2025-04,23209.37,44293.75,,54.0
1114065000,2025-04,23209.37,44293.75,,54.0
1114066000,2025-04,23209.37,44293.75,,54.0
1114066500,2025-04,23209.37,44293.75,,54.0
1114067000,2025-04,21293.28,39511.11,,244.0
1114068000,2025-04,33772.18,54414.87,,124.0
1117051000,2025-04,14895.54,22171.92,,223.0
1117052000,2025-04,15107.05,25531.82,,88.0
1117053000,2025-04,17743.46,30097.65,,52.0
1117055500,2025-04,13679.5,21899.03,,210.0
1117056000,2025-04,34507.71,46603.76,,415.0
1117057000,2025-04,23404.44,28666.99,,190.0
1117058000,2025-04,36362.49,44569.28,,143.0
1117059000,2025-04,31754.57,37171.6,,138.0
1117062500,2025-04,52317.81,84112.12,,208.0
1117063000,2025-04,59602.15,76011.81,,188.5
1117064000,2025-04,59602.15,76011.81,,188.5
1117065000,2025-04,14426.42,39914.48,,113.0
1117066000,2025-04,14426.42,39914.48,,113.0
1117068500,2025-04,58610.28,140730.77,,141.0
1117069000,2025-04,32773.52,51980.68,,108.0
1117070000,2025-04,17128.21,28804.88,,78.0
1120052000,2025-04,40671.77,60019.57,,198.0
1120053500,2025-04,29640.87,47873.41,,410.0
1120054000,2025-04,17725.59,34908.4,,230.0
1120055000,2025-04,30746.72,56970.85,,161.67
1120056000,2025-04,39971.55,58762.5,,117.67
1120057000,2025-04,39971.55,58762.5,,117.67
1120058000,2025-04,37890.0,50648.75,,130.0
1120059000,2025-04,46783.73,65569.09,,98.0
1120061500,2025-04,36832.72,55565.5,,204.0
1120062000,2025-04,52061.68,73363.44,,174.0
1120064500,2025-04,51058.53,72020.06,,301.0
1120065000,2025-04,36562.32,61388.27,,216.0
1120066000,2025-04,36562.32,61388.27,,216.0
1120067000,2025-04,24303.44,34817.31,,124.0
1120069000,2025-04,24303.44,34817.31,,124.0
1120072000,2025-04,13376.18,29313.64,,51.0
1120079000,2025-04,8755.91,22532.32,,350.0
1121571000,2025-04,4702.14,18574.92,,570.0
1121573000,2025-04,10914.41,21853.16,,288.0
1121574000,2025-04,11504.63,20910.16,,219.0
1121575000,2025-04,11504.63,20910.16,,219.0
1121576000,2025-04,11504.63,20910.16,,219.0
1121577000,2025-04,11504.63,20910.16,,219.0
1121578000,2025-04,11062.16,20675.13,,213.0
1121581000,2025-04,45689.28,62635.46,,336.0
1121582000,2025-04,24032.51,43621.9,,314.25
1121583000,2025-04,24032.51,43621.9,,314.25
1121584000,2025-04,24032.51,43621.9,,314.25
1121584700,2025-04,24032.51,43621.9,,314.25
1121585000,2025-04,20984.54,41581.74,,321.0
1121586000,2025-04,20984.54,41581.74,,321.0
1121587000,2025-04,20984.54,41581.74,,321.0
1123053600,2025-04,19749.55,35505.88,,494.0
1123054500,2025-04,17508.56,31369.81,,201.0
1123056000,2025-04,27287.85,39516.12,,130.67
1123057000,2025-04,27287.85,39516.12,,130.67
1123060000,2025-04,26645.62,43266.79,,404.17
1123061000,2025-04,26338.79,45415.32,,273.5
1123065000,2025-04,16902.03,34174.28,,316.5
1123066000,2025-04,16902.03,34174.28,,316.5
1123070500,2025-04,20327.69,26221.76,,242.0
1123071000,2025-04,14687.63,28267.44,,109.0
1123072000,2025-04,20697.46,41881.41,,207.0
1123073000,2025-04,20697.46,41881.41,,207.0
1123074000,2025-04,22474.52,39259.09,,117.0
1123075000,2025-04,22474.52,39259.09,,117.0
1126052000,2025-04,13542.58,25064.81,,180.0
1126054000,2025-04,13542.58,25064.81,,180.0
1126055000,2025-04,13542.58,25064.81,,180.0
1126056500,2025-04,13542.58,25064.81,,180.0
1126057000,2025-04,13542.58,25064.81,,180.0
1126057500,2025-04,13542.58,25064.81,,180.0
1126058000,2025-04,13957.55,24941.24,,243.5
1126059000,2025-04,13957.55,24941.24,,243.5
1126060000,2025-04,10071.36,22408.62,,176.0
1126061000,2025-04,10071.36,22408.62,,176.0
1126062000,2025-04,13918.64,27602.36,,165.5
1126063000,2025-04,13918.64,27602.36,,165.5
1126065500,2025-04,12542.66,23030.62,,209.0
1126066000,2025-04,12542.66,23030.62,,209.0
1126068000,2025-04,17482.82,29339.22,,159.5
1126069000,2025-04,17482.82,29339.22,,159.5
1129052500,2025-04,14971.23,25218.79,,122.0
1129055500,2025-04,18140.46,35153.44,,223.17
1129057500,2025-04,12336.5,26238.94,,186.17
1129058000,2025-04,30842.56,43692.82,,33.17
1129059000,2025-04,30842.56,43692.82,,33.17
1129060000,2025-04,8567.11,28917.65,,76.0
1129061000,2025-04,13901.96,38175.0,,179.0
1129062000,2025-04,31370.94,45535.14,,258.67
1129063000,2025-04,22726.28,35292.05,,110.67
1129064000,2025-04,19252.86,30567.81,,77.5
1129065000,2025-04,19252.86,30567.81,,77.5
1129066000,2025-04,37834.96,51814.04,,148.0
1129068500,2025-04,33416.47,48260.09,,214.67
1129070500,2025-04,23927.5,37074.71,,244.0
1129071500,2025-04,23607.41,38564.35,,66.67
1129072500,2025-04,20295.35,33259.31,,119.67
1129076000,2025-04,19320.9,29713.41,,146.0
1129077000,2025-04,19320.9,29713.41,,146.0
1129078000,2025-04,19320.9,29713.41,,146.0
1129081000,2025-04,13995.93,25557.8,,226.0
1130553400,2025-04,13880.54,26057.64,,182.0
1130553500,2025-04,13880.54,26057.64,,182.0
1130554500,2025-04,13880.54,26057.64,,182.0
1130555500,2025-04,13880.54,26057.64,,182.0
1130557500,2025-04,13880.54,26057.64,,182.0
1130559000,2025-04,9996.69,20384.85,,42.67
1130559500,2025-04,9996.69,20384.85,,42.67
1130560000,2025-04,9996.69,20384.85,,42.67
1130560300,2025-04,9996.69,20384.85,,42.67
1130560600,2025-04,9996.69,20384.85,,42.67
1130560800,2025-04,9996.69,20384.85,,42.67
1130561000,2025-04,6478.31,17324.51,,83.75
1130561500,2025-04,6478.31,17324.51,,83.75
1130562000,2025-04,6478.31,17324.51,,83.75
1130562500,2025-04,6478.31,17324.51,,83.75
1130563000,2025-04,6478.31,17324.51,,83.75
1130563500,2025-04,6478.31,17324.51,,83.75
1130564500,2025-04,6706.1,16666.64,,149.75
1130566000,2025-04,6478.31,17324.51,,83.75
1132051100,2025-04,17325.7,26809.29,,164.4
1132051200,2025-04,17325.7,26809.29,,164.4
1132051300,2025-04,17325.7,26809.29,,164.4
1132051400,2025-04,17325.7,26809.29,,164.4
1132051500,2025-04,17325.7,26809.29,,164.4
1132052100,2025-04,12621.09,24174.86,,148.5
1132052200,2025-04,12621.09,24174.86,,148.5
1132066000,2025-04,12106.87,21656.25,,83.5
1132067000,2025-04,12106.87,21656.25,,83.5
1132068000,2025-04,12106.87,21656.25,,83.5
1132068100,2025-04,12106.87,21656.25,,83.5
1132069000,2025-04,12826.74,24216.44,,155.33
1132070000,2025-04,12826.74,24216.44,,155.33
1132071000,2025-04,12826.74,24216.44,,155.33
1135056000,2025-04,19893.61,29887.74,,185.0
1135057000,2025-04,19893.61,29887.74,,185.0
1135058000,2025-04,19893.61,29887.74,,185.0
1135059500,2025-04,16076.71,32132.68,,215.5
1135060000,2025-04,16076.71,32132.68,,215.5
1135061100,2025-04,23250.5,37115.7,,124.5
1135061200,2025-04,23250.5,37115.7,,124.5
1135061900,2025-04,25760.74,35918.52,,137.0
1135062100,2025-04,25760.74,35918.52,,137.0
1135062400,2025-04,19733.7,30191.72,,340.0
1135062500,2025-04,25760.74,35918.52,,137.0
1135063000,2025-04,15666.18,25581.0,,203.0
1135064000,2025-04,15666.18,25581.0,,203.0
1135066500,2025-04,15666.18,25581.0,,203.0
1135067000,2025-04,15666.18,25581.0,,203.0
1135069500,2025-04,15666.18,25581.0,,203.0
1135070000,2025-04,15666.18,25581.0,,203.0
1135071000,2025-04,15666.18,25581.0,,203.0
1135072000,2025-04,15666.18,25581.0,,203.0
1138051000,2025-04,18960.39,30670.49,,303.0
1138052000,2025-04,13904.78,23819.3,,297.5
1138053000,2025-04,13904.78,23819.3,,297.5
1138055100,2025-04,12022.79,23980.73,,122.5
1138055200,2025-04,12022.79,23980.73,,122.5
1138056000,2025-04,12053.15,20495.42,,131.0
1138057000,2025-04,8995.91,17202.51,,367.0
1138058000,2025-04,22597.62,39091.36,,249.33
1138059000,2025-04,22597.62,39091.36,,249.33
1138060000,2025-04,22597.62,39091.36,,249.33
1138062500,2025-04,11448.09,20888.92,,329.0
1138063100,2025-04,15089.68,25411.37,,139.0
1138063200,2025-04,15089.68,25411.37,,139.0
1138064000,2025-04,22896.31,42090.48,,91.0
1138065000,2025-04,40322.79,52644.03,,101.0
1138069000,2025-04,21673.47,42222.73,,635.0
1141052000,2025-04,27013.07,51518.24,,136.0
1141055500,2025-04,26131.43,41687.83,,183.0
1141056500,2025-04,19749.81,37944.77,,270.0
1141058500,2025-04,5571.48,17831.96,,302.0
1141061500,2025-04,11572.31,31242.91,,336.0
1141062000,2025-04,25128.62,38447.51,,138.0
1141064000,2025-04,25128.62,38447.51,,138.0
1141065500,2025-04,25128.62,38447.51,,138.0
1141066000,2025-04,21252.92,35179.94,,167.0
1141068500,2025-04,21252.92,35179.94,,167.0
1141069000,2025-04,32210.99,52152.21,,170.0
1141070000,2025-04,32210.99,52152.21,,170.0
1141071000,2025-04,19932.89,37837.64,,159.0
1141072000,2025-04,19932.89,37837.64,,159.0
1144055500,2025-04,46264.5,64166.51,,387.17
1144056500,2025-04,37482.42,60002.01,,574.5
1144058500,2025-04,28092.11,50377.62,,122.17
1144059000,2025-04,36827.98,53878.94,,405.5
1144060000,2025-04,26178.71,47181.36,,166.0
1144061000,2025-04,41289.61,60068.63,,220.67
1144063000,2025-04,37659.86,58843.03,,188.5
1144065500,2025-04,24160.15,49362.75,,294.5
1144066000,2025-04,10119.99,29359.05,,404.0
1144068000,2025-04,17159.22,28103.94,,321.0
1144069000,2025-04,18084.27,30950.36,,214.0
1144070000,2025-04,18084.27,30950.36,,214.0
1144071000,2025-04,9914.25,29509.0,,213.0
1144072000,2025-04,12456.32,29179.18,,355.5
1144073000,2025-04,15148.6,33490.5,,431.5
1144074000,2025-04,16287.18,45437.64,,455.0
1147051000,2025-04,34332.18,48635.76,,251.0
1147052000,2025-04,34332.18,48635.76,,251.0
1147053000,2025-04,34332.18,48635.76,,251.0
1147054000,2025-04,34332.18,48635.76,,251.0
1147055000,2025-04,34332.18,48635.76,,251.0
1147056000,2025-04,15381.1,25525.97,,98.57
1147057000,2025-04,15381.1,25525.97,,98.57
1147058000,2025-04,15381.1,25525.97,,98.57
1147059000,2025-04,15381.1,25525.97,,98.57
1147060000,2025-04,15381.1,25525.97,,98.57
1147061000,2025-04,15381.1,25525.97,,98.57
1147061100,2025-04,15381.1,25525.97,,98.57
1147062000,2025-04,24507.89,44131.94,,260.0
1147063000,2025-04,24507.89,44131.94,,260.0
1147064000,2025-04,24507.89,44131.94,,260.0
1147065000,2025-04,24507.89,44131.94,,260.0
1147067000,2025-04,24507.89,44131.94,,260.0
1147068000,2025-04,24507.89,44131.94,,260.0
1150051000,2025-04,25978.64,38658.73,,349.25
1150052000,2025-04,19164.68,30476.96,,243.5
1150053000,2025-04,19164.68,30476.96,,243.5
1150053500,2025-04,19164.68,30476.96,,243.5
1150054000,2025-04,12492.28,24765.74,,267.88
1150055000,2025-04,12492.28,24765.74,,267.88
1150056000,2025-04,12492.28,24765.74,,267.88
1150057000,2025-04,12492.28,24765.74,,267.88
1150059000,2025-04,12492.28,24765.74,,267.88
1150059100,2025-04,12492.28,24765.74,,267.88
1150059300,2025-04,12492.28,24765.74,,267.88
1150060300,2025-04,19617.05,34292.09,,638.55
1150060400,2025-04,21804.77,32237.98,,119.25
1150060500,2025-04,25978.64,38658.73,,349.25
1150061100,2025-04,20635.49,38440.13,,482.3
1150061500,2025-04,17117.59,31507.56,,466.38
1150062000,2025-04,15809.67,33782.49,,547.3
1150063000,2025-04,15809.67,33782.49,,547.3
1150064000,2025-04,16869.66,29832.08,,176.0
1150064100,2025-04,17978.26,35607.83,,445.8
1153051000,2025-04,33921.63,49913.13,,303.0
1153052000,2025-04,11807.62,26205.78,,273.8
1153053000,2025-04,11807.62,26205.78,,273.8
1153054000,2025-04,11807.62,26205.78,,273.8
1153055000,2025-04,11807.62,26205.78,,273.8
1153056000,2025-04,11807.62,26205.78,,273.8
1153059500,2025-04,3331.85,7875.0,,135.0
1153072000,2025-04,15729.86,23691.04,,182.0
1153073000,2025-04,15729.86,23691.04,,182.0
1153074000,2025-04,17286.93,29640.92,,180.67
1153075000,2025-04,17286.93,29640.92,,180.67
1153076000,2025-04,17286.93,29640.92,,180.67
1153077000,2025-04,12046.25,22165.95,,197.0
1153078000,2025-04,10370.0,26947.8,,665.5
1153079000,2025-04,15583.47,23212.0,,99.0
1153080000,2025-04,10001.62,35022.73,,254.5
1154551000,2025-04,10088.23,24314.51,,634.0
1154561000,2025-04,14101.9,23690.68,,431.5
1154562000,2025-04,14101.9,23690.68,,431.5
1154563000,2025-04,14101.9,23690.68,,431.5
1154564000,2025-04,14101.9,23690.68,,431.5
1154567000,2025-04,10537.86,21235.64,,135.0
1154568000,2025-04,10537.86,21235.64,,135.0
1154569000,2025-04,10537.86,21235.64,,135.0
1154570000,2025-04,10537.86,21235.64,,135.0
1154571000,2025-04,10537.86,21235.64,,135.0
1156051500,2025-04,23174.71,39859.45,,217.86
1156053500,2025-04,16606.74,32232.45,,1057.0
1156054000,2025-04,45597.64,68593.19,,376.0
1156055000,2025-04,25343.1,39602.16,,311.0
1156056000,2025-04,24865.34,47615.17,,495.0
1156058500,2025-04,15250.0,29878.95,,256.0
1156060500,2025-04,35237.61,46391.25,,254.0
1156061000,2025-04,27090.77,39793.62,,235.0
1156062000,2025-04,23609.54,36280.42,,358.0
1156063000,2025-04,21372.2,38417.5,,149.86
1156065000,2025-04,21372.2,38417.5,,149.86
1156066000,2025-04,21372.2,38417.5,,149.86
1156067000,2025-04,16543.38,36431.62,,313.86
1156068000,2025-04,21372.2,38417.5,,149.86
1156069000,2025-04,21372.2,38417.5,,149.86
1156070000,2025-04,12130.98,33343.18,,164.0
1156071000,2025-04,12130.98,33343.18,,164.0
1156072000,2025-04,12130.98,33343.18,,164.0
1159051000,2025-04,21743.56,40637.79,,294.5
1159052000,2025-04,13650.28,33991.91,,192.5
1159053000,2025-04,22810.04,39754.6,,299.0
1159054000,2025-04,24905.11,42525.77,,255.0
1159055000,2025-04,24905.11,42525.77,,255.0
1159056000,2025-04,24905.11,42525.77,,255.0
1159060500,2025-04,52021.09,66325.17,,405.0
1159062000,2025-04,21916.61,39427.1,,204.2
1159063000,2025-04,27092.43,45983.73,,244.2
1159064000,2025-04,21916.61,39427.1,,204.2
1159065000,2025-04,21916.61,39427.1,,204.2
1159065100,2025-04,21916.61,39427.1,,204.2
1159066000,2025-04,20792.02,38163.71,,257.0
1159067000,2025-04,17532.81,35896.17,,223.5
1159068000,2025-04,17532.81,35896.17,,223.5
1162052500,2025-04,13062.9,30800.13,,279.0
1162054500,2025-04,13062.9,30800.13,,279.0
1162056500,2025-04,13062.9,30800.13,,279.0
1162057500,2025-04,13062.9,30800.13,,279.0
1162058500,2025-04,13062.9,30800.13,,279.0
1162059500,2025-04,13062.9,30800.13,,279.0
1162060500,2025-04,13062.9,30800.13,,279.0
1162061500,2025-04,13062.9,30800.13,,279.0
1162062500,2025-04,13062.9,30800.13,,279.0
1162063000,2025-04,14997.87,27696.74,,164.0
1162064500,2025-04,9143.35,24603.53,,216.45
1162065500,2025-04,9143.35,24603.53,,216.45
1162066500,2025-04,9143.35,24603.53,,216.45
1162068500,2025-04,9143.35,24603.53,,216.45
1162069500,2025-04,9143.35,24603.53,,216.45
1162071500,2025-04,9143.35,24603.53,,216.45
1162072500,2025-04,9143.35,24603.53,,216.45
1162073500,2025-04,9143.35,24603.53,,216.45
1162074500,2025-04,9143.35,24603.53,,216.45
1162076500,2025-04,9143.35,24603.53,,216.45
1162077500,2025-04,9143.35,24603.53,,216.45
1165051000,2025-04,38260.42,68368.61,,326.0
1165052000,2025-04,38260.42,68368.61,,326.0
1165053000,2025-04,38333.06,66152.1,,482.33
1165053100,2025-04,38260.42,68368.61,,326.0
1165054000,2025-04,70139.72,94385.5,,319.5
1165055000,2025-04,71840.05,115755.83,,172.5
1165056000,2025-04,71840.05,115755.83,,172.5
1165057000,2025-04,71840.05,115755.83,,172.5
1165058000,2025-04,70139.72,94385.5,,319.5
1165058100,2025-04,71840.05,115755.83,,172.5
1165059000,2025-04,38484.52,62089.34,,156.33
1165060000,2025-04,38484.52,62089.34,,156.33
1165061000,2025-04,38484.52,62089.34,,156.33
1165062000,2025-04,38484.52,62089.34,,156.33
1165062100,2025-04,38484.52,62089.34,,156.33
1165065100,2025-04,25567.03,37930.99,,743.0
1165065200,2025-04,21319.34,36491.93,,279.0
1165066000,2025-04,43267.11,61478.39,,164.0
1168051000,2025-04,61382.77,84175.01,,170.5
1168052100,2025-04,20239.21,44909.41,,336.0
1168053100,2025-04,20239.21,44909.41,,336.0
1168054500,2025-04,61382.77,84175.01,,170.5
1168056500,2025-04,38339.27,69912.56,,234.0
1168058000,2025-04,35514.28,64592.45,,251.0
1168059000,2025-04,35514.28,64592.45,,251.0
1168060000,2025-04,52228.95,78487.63,,156.8
1168061000,2025-04,52228.95,78487.63,,156.8
1168063000,2025-04,52228.95,78487.63,,156.8
1168064000,2025-04,27749.0,56440.72,,591.0
1168065000,2025-04,27749.0,56440.72,,591.0
1168065500,2025-04,57099.34,88262.33,,236.0
1168065600,2025-04,57099.34,88262.33,,236.0
1168066000,2025-04,56384.42,77487.71,,142.2
1168067000,2025-04,54105.32,75034.51,,202.2
1168067500,2025-04,53285.78,76326.62,,359.0
1168069000,2025-04,56384.42,77487.71,,142.2
1168070000,2025-04,20400.76,33184.82,,894.0
1168072000,2025-04,43233.34,55944.14,,151.67
1168073000,2025-04,43233.34,55944.14,,151.67
1168074000,2025-04,53285.78,76326.62,,359.0
1168075000,2025-04,39652.64,49016.28,,91.67
1171051000,2025-04,24488.85,41178.57,,157.0
1171052000,2025-04,24488.85,41178.57,,157.0
1171053100,2025-04,25953.74,44461.43,,156.67
1171053200,2025-04,25953.74,44461.43,,156.67
1171054000,2025-04,13494.98,19384.09,,367.5
1171055000,2025-04,13494.98,19384.09,,367.5
1171056100,2025-04,21064.12,39198.52,,323.33
1171056200,2025-04,21064.12,39198.52,,323.33
1171056600,2025-04,21064.12,39198.52,,323.33
1171057000,2025-04,26553.6,42862.0,,303.0
1171058000,2025-04,24564.8,41513.12,,329.5
1171059000,2025-04,24564.8,41513.12,,329.5
1171060000,2025-04,14324.18,28917.01,,599.0
1171061000,2025-04,14668.77,25696.8,,575.0
1171062000,2025-04,40918.66,62060.34,,283.67
1171063100,2025-04,40918.66,62060.34,,283.67
1171063200,2025-04,40918.66,62060.34,,283.67
1171064100,2025-04,21760.05,39730.75,,416.0
1171064200,2025-04,26937.07,47063.56,,527.33
1171064600,2025-04,26937.07,47063.56,,527.33
1171064700,2025-04,34398.2,53631.14,,268.0
1171065000,2025-04,47167.71,75875.63,,319.25
1171067000,2025-04,47167.71,75875.63,,319.25
1171068000,2025-04,47167.71,75875.63,,319.25
1171069000,2025-04,71338.32,89936.39,,164.0
1171071000,2025-04,71338.32,89936.39,,164.0
1171072000,2025-04,47167.71,75875.63,,319.25
1174051500,2025-04,22495.6,37680.38,,627.0
1174052000,2025-04,30609.38,60368.29,,131.0
1174052500,2025-04,30609.38,60368.29,,131.0
1174052600,2025-04,30609.38,60368.29,,131.0
1174053000,2025-04,30866.86,43762.8,,249.5
1174054000,2025-04,30866.86,43762.8,,249.5
1174055000,2025-04,39503.67,51959.82,,260.0
1174056000,2025-04,39503.67,51959.82,,260.0
1174057000,2025-04,24174.7,39865.57,,213.33
1174058000,2025-04,24174.7,39865.57,,213.33
1174059000,2025-04,24174.7,39865.57,,213.33
1174060000,2025-04,15640.92,31902.34,,358.67
1174061000,2025-04,15640.92,31902.34,,358.67
1174062000,2025-04,15640.92,31902.34,,358.67
1174064000,2025-04,15929.88,29701.12,,248.33
1174065000,2025-04,15929.88,29701.12,,248.33
1174066000,2025-04,15929.88,29701.12,,248.33
1174068500,2025-04,10827.57,26346.01,,718.0
1174069000,2025-04,32524.24,50836.03,,139.0
1174070000,2025-04,32524.24,50836.03,,139.0
1111051500,2025-05,20525.29,26677.78,,87.0
1111053000,2025-05,26011.88,70185.19,,101.0
1111054000,2025-05,12940.0,31100.0,,10.0
1111055000,2025-05,22296.61,36259.26,,56.0
1111056000,2025-05,25180.33,40037.04,,61.0
1111057000,2025-05,57408.65,70060.29,,52.0
1111058000,2025-05,49693.13,75435.38,,127.0
1111060000,2025-05,9764.71,16500.0,,17.0
1111061500,2025-05,11263.88,27733.0,,50.0
1111063000,2025-05,12006.3,40222.22,,73.0
1111064000,2025-05,7786.25,26129.41,,80.0
1111065000,2025-05,7548.88,31103.33,,178.0
1111067000,2025-05,13048.6,25753.51,,47.67
1111068000,2025-05,13048.6,25753.51,,47.67
1111069000,2025-05,13048.6,25753.51,,47.67
1111070000,2025-05,9533.11,27302.32,,140.0
1111071000,2025-05,9533.11,27302.32,,140.0
1114052000,2025-05,26243.59,57500.0,,19.5
1114054000,2025-05,29747.73,85961.54,,22.0
1114055000,2025-05,16130.67,52637.5,,37.5
1114057000,2025-05,11466.18,25711.44,,77.0
1114058000,2025-05,26050.48,45935.43,,43.5
1114059000,2025-05,13302.21,27054.32,,128.5
1114060500,2025-05,27627.53,46425.68,,100.0
1114061000,2025-05,16298.36,35394.86,,81.0
1114061500,2025-05,16298.36,35394.86,,81.0
1114062000,2025-05,18082.83,38090.93,,66.0
1114062500,2025-05,18082.83,38090.93,,66.0
1114063000,2025-05,18082.83,38090.93,,66.0
1114063500,2025-05,18082.83,38090.93,,66.0
1114064000,2025-05,18082.83,38090.93,,66.0
1114064500,2025-05,18082.83,38090.93,,66.0
1114065000,2025-05,18082.83,38090.93,,66.0
1114066000,2025-05,18082.83,38090.93,,66.0
1114066500,2025-05,18082.83,38090.93,,66.0
1114067000,2025-05,21007.02,38117.11,,289.0
1114068000,2025-05,32724.62,58338.27,,183.0
1117051000,2025-05,19740.08,28397.1,,250.0
1117052000,2025-05,12066.67,18954.55,,108.0
1117053000,2025-05,10092.07,21860.0,,58.0
1117055500,2025-05,13848.67,23844.33,,235.0
1117056000,2025-05,32559.19,47963.15,,395.0
1117057000,2025-05,25351.96,34033.16,,163.0
1117058000,2025-05,34602.41,44629.46,,166.0
1117059000,2025-05,26895.35,37550.02,,150.0
1117062500,2025-05,43987.01,74533.65,,263.0
1117063000,2025-05,56711.43,76707.53,,200.5
1117064000,2025-05,56711.43,76707.53,,200.5
1117065000,2025-05,13994.31,36179.39,,102.0
1117066000,2025-05,13994.31,36179.39,,102.0
1117068500,2025-05,78096.1,149232.88,,154.0
1117069000,2025-05,23674.53,41976.32,,114.0
1117070000,2025-05,25110.58,41684.48,,65.0
1120052000,2025-05,45688.92,69494.89,,157.5
1120053500,2025-05,30232.88,54667.41,,386.5
1120054000,2025-05,14185.45,35491.43,,237.0
1120055000,2025-05,25072.19,45272.75,,247.33
1120056000,2025-05,33721.68,53883.83,,159.33
1120057000,2025-05,33721.68,53883.83,,159.33
1120058000,2025-05,40665.51,50433.43,,136.0
1120059000,2025-05,48099.16,70043.44,,117.0
1120061500,2025-05,35408.05,54570.5,,261.0
1120062000,2025-05,44877.2,62564.58,,125.0
1120064500,2025-05,48977.34,69111.04,,284.0
1120065000,2025-05,38738.71,60962.47,,228.5
1120066000,2025-05,38738.71,60962.47,,228.5
1120067000,2025-05,22812.55,40612.51,,120.0
1120069000,2025-05,22812.55,40612.51,,120.0
1120072000,2025-05,9189.61,22494.69,,46.5
1120079000,2025-05,7799.41,18895.92,,262.5
1121571000,2025-05,4826.67,17653.97,,549.0
1121573000,2025-05,10277.85,22094.14,,260.0
1121574000,2025-05,11051.51,20307.59,,224.25
1121575000,2025-05,11051.51,20307.59,,224.25
1121576000,2025-05,11051.51,20307.59,,224.25
1121577000,2025-05,11051.51,20307.59,,224.25
1121578000,2025-05,10672.89,22075.81,,225.0
1121581000,2025-05,52724.21,63345.05,,266.0
1121582000,2025-05,23404.92,44670.51,,317.5
1121583000,2025-05,23404.92,44670.51,,317.5
1121584000,2025-05,23404.92,44670.51,,317.5
1121584700,2025-05,23404.92,44670.51,,317.5
1121585000,2025-05,16676.88,34602.07,,310.0
1121586000,2025-05,16676.88,34602.07,,310.0
1121587000,2025-05,16676.88,34602.07,,310.0
1123053600,2025-05,19128.06,38467.29,,557.0
1123054500,2025-05,14283.52,29782.9,,190.0
1123056000,2025-05,23655.04,38441.27,,146.67
1123057000,2025-05,23655.04,38441.27,,146.67
1123060000,2025-05,23928.55,41497.45,,428.67
1123061000,2025-05,24070.8,43291.03,,282.0
1123065000,2025-05,13036.66,30579.55,,410.0
1123066000,2025-05,13036.66,30579.55,,410.0
1123070500,2025-05,15652.34,25617.08,,201.0
1123071000,2025-05,10309.42,30909.09,,104.0
1123072000,2025-05,22536.52,45574.44,,365.0
1123073000,2025-05,22536.52,45574.44,,365.0
1123074000,2025-05,14465.85,39522.53,,144.0
1123075000,2025-05,14465.85,39522.53,,144.0
1126052000,2025-05,13396.34,26120.61,,191.33
1126054000,2025-05,13396.34,26120.61,,191.33
1126055000,2025-05,13396.34,26120.61,,191.33
1126056500,2025-05,13396.34,26120.61,,191.33
1126057000,2025-05,13396.34,26120.61,,191.33
1126057500,2025-05,13396.34,26120.61,,191.33
1126058000,2025-05,14912.78,27591.17,,279.5
1126059000,2025-05,14912.78,27591.17,,279.5
1126060000,2025-05,13933.04,24453.96,,211.0
1126061000,2025-05,13933.04,24453.96,,211.0
1126062000,2025-05,15782.12,29726.38,,196.0
1126063000,2025-05,15782.12,29726.38,,196.0
1126065500,2025-05,10911.41,22281.5,,197.0
1126066000,2025-05,10911.41,22281.5,,197.0
1126068000,2025-05,18212.18,29870.07,,178.5
1126069000,2025-05,18212.18,29870.07,,178.5
1129052500,2025-05,13790.73,25506.06,,151.0
1129055500,2025-05,22348.96,42775.05,,226.17
1129057500,2025-05,11051.76,34879.51,,233.17
1129058000,2025-05,33871.78,48426.07,,37.17
1129059000,2025-05,33871.78,48426.07,,37.17
1129060000,2025-05,6150.88,17530.0,,114.0
1129061000,2025-05,20343.53,45997.73,,133.0
1129062000,2025-05,30193.54,45403.45,,284.0
1129063000,2025-05,22396.17,35787.01,,140.67
1129064000,2025-05,18275.29,30288.32,,103.5
1129065000,2025-05,18275.29,30288.32,,103.5
1129066000,2025-05,37845.84,53722.59,,143.33
1129068500,2025-05,32452.63,49483.69,,224.67
1129070500,2025-05,17457.14,39460.42,,326.0
1129071500,2025-05,22948.2,39542.92,,81.33
1129072500,2025-05,21947.25,34436.12,,132.33
1129076000,2025-05,18342.31,27481.56,,150.67
1129077000,2025-05,18342.31,27481.56,,150.67
1129078000,2025-05,18342.31,27481.56,,150.67
1129081000,2025-05,15159.07,28888.55,,286.0
1130553400,2025-05,13852.76,27677.45,,155.2
1130553500,2025-05,13852.76,27677.45,,155.2
1130554500,2025-05,13852.76,27677.45,,155.2
1130555500,2025-05,13852.76,27677.45,,155.2
1130557500,2025-05,13852.76,27677.45,,155.2
1130559000,2025-05,10112.79,22926.4,,40.0
1130559500,2025-05,10112.79,22926.4,,40.0
1130560000,2025-05,10112.79,22926.4,,40.0
1130560300,2025-05,10112.79,22926.4,,40.0
1130560600,2025-05,10112.79,22926.4,,40.0
1130560800,2025-05,10112.79,22926.4,,40.0
1130561000,2025-05,7086.97,17370.05,,84.0
1130561500,2025-05,7086.97,17370.05,,84.0
1130562000,2025-05,7086.97,17370.05,,84.0
1130562500,2025-05,7086.97,17370.05,,84.0
1130563000,2025-05,7086.97,17370.05,,84.0
1130563500,2025-05,7086.97,17370.05,,84.0
1130564500,2025-05,7987.36,18761.55,,134.0
1130566000,2025-05,7086.97,17370.05,,84.0
1132051100,2025-05,14591.16,25996.26,,184.0
1132051200,2025-05,14591.16,25996.26,,184.0
1132051300,2025-05,14591.16,25996.26,,184.0
1132051400,2025-05,14591.16,25996.26,,184.0
1132051500,2025-05,14591.16,25996.26,,184.0
1132052100,2025-05,9640.47,18970.16,,149.0
1132052200,2025-05,9640.47,18970.16,,149.0
1132066000,2025-05,11720.32,21191.23,,92.0
1132067000,2025-05,11720.32,21191.23,,92.0
1132068000,2025-05,11720.32,21191.23,,92.0
1132068100,2025-05,11720.32,21191.23,,92.0
1132069000,2025-05,11663.32,22990.73,,159.67
1132070000,2025-05,11663.32,22990.73,,159.67
1132071000,2025-05,11663.32,22990.73,,159.67
1135056000,2025-05,17245.46,28144.2,,183.0
1135057000,2025-05,17245.46,28144.2,,183.0
1135058000,2025-05,17245.46,28144.2,,183.0
1135059500,2025-05,15113.0,29830.37,,266.5
1135060000,2025-05,15113.0,29830.37,,266.5
1135061100,2025-05,21603.0,31730.23,,152.5
1135061200,2025-05,21603.0,31730.23,,152.5
1135061900,2025-05,24675.08,35604.07,,147.0
1135062100,2025-05,24675.08,35604.07,,147.0
1135062400,2025-05,19567.94,30021.11,,339.22
1135062500,2025-05,24675.08,35604.07,,147.0
1135063000,2025-05,15662.31,25167.12,,192.22
1135064000,2025-05,15662.31,25167.12,,192.22
1135066500,2025-05,15662.31,25167.12,,192.22
1135067000,2025-05,15662.31,25167.12,,192.22
1135069500,2025-05,15662.31,25167.12,,192.22
1135070000,2025-05,15662.31,25167.12,,192.22
1135071000,2025-05,15662.31,25167.12,,192.22
1135072000,2025-05,15662.31,25167.12,,192.22
1138051000,2025-05,19490.59,32719.96,,348.0
1138052000,2025-05,14507.58,26163.02,,267.0
1138053000,2025-05,14507.58,26163.02,,267.0
1138055100,2025-05,10754.44,18607.36,,138.5
1138055200,2025-05,10754.44,18607.36,,138.5
1138056000,2025-05,15047.78,30104.75,,157.0
1138057000,2025-05,10091.91,17700.0,,347.0
1138058000,2025-05,21866.91,38197.11,,244.67
1138059000,2025-05,21866.91,38197.11,,244.67
1138060000,2025-05,21866.91,38197.11,,244.67
1138062500,2025-05,12588.79,24852.97,,243.0
1138063100,2025-05,13632.46,22361.06,,156.5
1138063200,2025-05,13632.46,22361.06,,156.5
1138064000,2025-05,23520.37,46633.33,,86.0
1138065000,2025-05,32378.4,44162.25,,156.0
1138069000,2025-05,19733.81,40491.35,,440.0
1141052000,2025-05,32590.72,53372.62,,174.0
1141055500,2025-05,26698.87,54636.81,,205.0
1141056500,2025-05,23152.72,50744.76,,267.0
1141058500,2025-05,5713.44,20049.11,,398.0
1141061500,2025-05,10811.01,29687.83,,479.0
1141062000,2025-05,27026.2,37701.69,,141.67
1141064000,2025-05,27026.2,37701.69,,141.67
1141065500,2025-05,27026.2,37701.69,,141.67
1141066000,2025-05,21536.89,34434.2,,172.5
1141068500,2025-05,21536.89,34434.2,,172.5
1141069000,2025-05,28554.31,53687.46,,160.5
1141070000,2025-05,28554.31,53687.46,,160.5
1141071000,2025-05,20093.5,36047.79,,159.0
1141072000,2025-05,20093.5,36047.79,,159.0
1144055500,2025-05,41313.05,63391.06,,375.5
1144056500,2025-05,35227.37,61144.03,,606.5
1144058500,2025-05,27003.62,45640.96,,101.83
1144059000,2025-05,35566.95,53337.08,,330.83
1144060000,2025-05,24194.56,48546.6,,176.17
1144061000,2025-05,36820.91,53910.54,,193.0
1144063000,2025-05,35283.9,60321.39,,187.67
1144065500,2025-05,25542.38,50466.88,,316.5
1144066000,2025-05,11858.74,31780.94,,492.0
1144068000,2025-05,16344.95,29165.41,,287.0
1144069000,2025-05,19429.25,31992.8,,230.5
1144070000,2025-05,19429.25,31992.8,,230.5
1144071000,2025-05,8120.91,28879.62,,264.0
1144072000,2025-05,14084.44,30231.64,,407.5
1144073000,2025-05,15724.94,32720.61,,467.5
1144074000,2025-05,17778.29,41396.61,,419.0
1147051000,2025-05,36265.87,53564.1,,261.2
1147052000,2025-05,36265.87,53564.1,,261.2
1147053000,2025-05,36265.87,53564.1,,261.2
1147054000,2025-05,36265.87,53564.1,,261.2
1147055000,2025-05,36265.87,53564.1,,261.2
1147056000,2025-05,16857.12,28758.54,,97.71
1147057000,2025-05,16857.12,28758.54,,97.71
1147058000,2025-05,16857.12,28758.54,,97.71
1147059000,2025-05,16857.12,28758.54,,97.71
1147060000,2025-05,16857.12,28758.54,,97.71
1147061000,2025-05,16857.12,28758.54,,97.71
1147061100,2025-05,16857.12,28758.54,,97.71
1147062000,2025-05,27620.89,44728.16,,254.0
1147063000,2025-05,27620.89,44728.16,,254.0
1147064000,2025-05,27620.89,44728.16,,254.0
1147065000,2025-05,27620.89,44728.16,,254.0
1147067000,2025-05,27620.89,44728.16,,254.0
1147068000,2025-05,27620.89,44728.16,,254.0
1150051000,2025-05,25368.28,39183.23,,339.25
1150052000,2025-05,17920.48,31368.92,,244.75
1150053000,2025-05,17920.48,31368.92,,244.75
1150053500,2025-05,17920.48,31368.92,,244.75
1150054000,2025-05,13102.71,24816.56,,276.5
1150055000,2025-05,13102.71,24816.56,,276.5
1150056000,2025-05,13102.71,24816.56,,276.5
1150057000,2025-05,13102.71,24816.56,,276.5
1150059000,2025-05,13102.71,24816.56,,276.5
1150059100,2025-05,13102.71,24816.56,,276.5
1150059300,2025-05,13102.71,24816.56,,276.5
1150060300,2025-05,18233.7,34900.42,,661.6
1150060400,2025-05,21544.99,33478.33,,120.25
1150060500,2025-05,25368.28,39183.23,,339.25
1150061100,2025-05,18597.31,41393.79,,619.6
1150061500,2025-05,16892.5,33523.59,,593.5
1150062000,2025-05,15183.65,32812.36,,551.1
1150063000,2025-05,15183.65,32812.36,,551.1
1150064000,2025-05,16061.67,29267.95,,162.5
1150064100,2025-05,16880.13,35752.29,,449.1
1153051000,2025-05,36575.48,53765.49,,310.0
1153052000,2025-05,12381.98,27042.79,,308.4
1153053000,2025-05,12381.98,27042.79,,308.4
1153054000,2025-05,12381.98,27042.79,,308.4
1153055000,2025-05,12381.98,27042.79,,308.4
1153056000,2025-05,12381.98,27042.79,,308.4
1153059500,2025-05,4689.62,13510.67,,133.0
1153072000,2025-05,19066.78,30342.04,,142.0
1153073000,2025-05,19066.78,30342.04,,142.0
1153074000,2025-05,15607.93,29047.6,,174.0
1153075000,2025-05,15607.93,29047.6,,174.0
1153076000,2025-05,15607.93,29047.6,,174.0
1153077000,2025-05,10635.46,21980.36,,199.0
1153078000,2025-05,11263.62,27269.43,,492.5
1153079000,2025-05,11747.15,23672.31,,136.0
1153080000,2025-05,23185.89,39732.13,,62.5
1154551000,2025-05,8107.12,20663.67,,677.0
1154561000,2025-05,14403.92,25512.71,,395.25
1154562000,2025-05,14403.92,25512.71,,395.25
1154563000,2025-05,14403.92,25512.71,,395.25
1154564000,2025-05,14403.92,25512.71,,395.25
1154567000,2025-05,11375.1,20469.43,,123.0
1154568000,2025-05,11375.1,20469.43,,123.0
1154569000,2025-05,11375.1,20469.43,,123.0
1154570000,2025-05,11375.1,20469.43,,123.0
1154571000,2025-05,11375.1,20469.43,,123.0
1156051500,2025-05,21718.95,38578.27,,207.07
1156053500,2025-05,17110.22,30260.75,,861.5
1156054000,2025-05,33228.05,61733.49,,403.0
1156055000,2025-05,21984.78,36033.93,,376.0
1156056000,2025-05,27048.54,50143.9,,604.0
1156058500,2025-05,14608.17,30800.0,,247.0
1156060500,2025-05,32417.72,47931.46,,241.0
1156061000,2025-05,25271.99,37412.78,,304.5
1156062000,2025-05,21597.52,31874.29,,333.5
1156063000,2025-05,20399.33,37548.8,,147.57
1156065000,2025-05,20399.33,37548.8,,147.57
1156066000,2025-05,20399.33,37548.8,,147.57
1156067000,2025-05,14237.43,32618.66,,296.57
1156068000,2025-05,20399.33,37548.8,,147.57
1156069000,2025-05,20399.33,37548.8,,147.57
1156070000,2025-05,8134.6,23166.67,,149.0
1156071000,2025-05,8134.6,23166.67,,149.0
1156072000,2025-05,8134.6,23166.67,,149.0
1159051000,2025-05,23094.67,46680.87,,301.0
1159052000,2025-05,11467.48,34298.91,,176.0
1159053000,2025-05,20463.84,42156.07,,356.75
1159054000,2025-05,25348.39,44793.42,,270.75
1159055000,2025-05,25348.39,44793.42,,270.75
1159056000,2025-05,25348.39,44793.42,,270.75
1159060500,2025-05,51760.61,69541.26,,308.0
1159062000,2025-05,22313.73,41477.44,,248.4
1159063000,2025-05,25875.82,46144.15,,282.4
1159064000,2025-05,22313.73,41477.44,,248.4
1159065000,2025-05,22313.73,41477.44,,248.4
1159065100,2025-05,22313.73,41477.44,,248.4
1159066000,2025-05,20989.04,39332.78,,358.0
1159067000,2025-05,18815.44,41388.53,,251.0
1159068000,2025-05,18815.44,41388.53,,251.0
1162052500,2025-05,13604.24,34204.66,,300.67
1162054500,2025-05,13604.24,34204.66,,300.67
1162056500,2025-05,13604.24,34204.66,,300.67
1162057500,2025-05,13604.24,34204.66,,300.67
1162058500,2025-05,13604.24,34204.66,,300.67
1162059500,2025-05,13604.24,34204.66,,300.67
1162060500,2025-05,13604.24,34204.66,,300.67
1162061500,2025-05,13604.24,34204.66,,300.67
1162062500,2025-05,13604.24,34204.66,,300.67
1162063000,2025-05,13035.74,25444.8,,169.0
1162064500,2025-05,7986.97,22644.3,,217.73
1162065500,2025-05,7986.97,22644.3,,217.73
1162066500,2025-05,7986.97,22644.3,,217.73
1162068500,2025-05,7986.97,22644.3,,217.73
1162069500,2025-05,7986.97,22644.3,,217.73
1162071500,2025-05,7986.97,22644.3,,217.73
1162072500,2025-05,7986.97,22644.3,,217.73
1162073500,2025-05,7986.97,22644.3,,217.73
1162074500,2025-05,7986.97,22644.3,,217.73
1162076500,2025-05,7986.97,22644.3,,217.73
1162077500,2025-05,7986.97,22644.3,,217.73
1165051000,2025-05,42349.52,74528.15,,334.25
1165052000,2025-05,42349.52,74528.15,,334.25
1165053000,2025-05,40195.43,67686.64,,497.42
1165053100,2025-05,42349.52,74528.15,,334.25
1165054000,2025-05,71051.77,100902.49,,502.0
1165055000,2025-05,78118.23,118016.08,,197.25
1165056000,2025-05,78118.23,118016.08,,197.25
1165057000,2025-05,78118.23,118016.08,,197.25
1165058000,2025-05,71051.77,100902.49,,502.0
1165058100,2025-05,78118.23,118016.08,,197.25
1165059000,2025-05,35782.72,55255.67,,163.17
1165060000,2025-05,35782.72,55255.67,,163.17
1165061000,2025-05,35782.72,55255.67,,163.17
1165062000,2025-05,35782.72,55255.67,,163.17
1165062100,2025-05,35782.72,55255.67,,163.17
1165065100,2025-05,27177.24,44895.66,,562.0
1165065200,2025-05,21402.85,38425.73,,278.0
1165066000,2025-05,41490.41,63349.06,,152.0
1168051000,2025-05,56587.86,90144.29,,175.0
1168052100,2025-05,22404.13,54207.79,,331.5
1168053100,2025-05,22404.13,54207.79,,331.5
1168054500,2025-05,56587.86,90144.29,,175.0
1168056500,2025-05,46565.44,91901.03,,272.0
1168058000,2025-05,43458.6,82829.16,,229.5
1168059000,2025-05,43458.6,82829.16,,229.5
1168060000,2025-05,59448.26,84979.68,,177.8
1168061000,2025-05,59448.26,84979.68,,177.8
1168063000,2025-05,59448.26,84979.68,,177.8
1168064000,2025-05,26169.0,57702.31,,633.5
1168065000,2025-05,26169.0,57702.31,,633.5
1168065500,2025-05,63397.8,101159.27,,270.5
1168065600,2025-05,63397.8,101159.27,,270.5
1168066000,2025-05,50595.18,69773.94,,174.2
1168067000,2025-05,49933.95,70983.11,,270.8
1168067500,2025-05,53704.89,76303.07,,448.6
1168069000,2025-05,50595.18,69773.94,,174.2
1168070000,2025-05,29058.57,48304.62,,573.0
1168072000,2025-05,46341.75,64077.16,,196.93
1168073000,2025-05,46341.75,64077.16,,196.93
1168074000,2025-05,53704.89,76303.07,,448.6
1168075000,2025-05,44031.23,57338.78,,100.33
1171051000,2025-05,28347.97,43389.64,,161.0
1171052000,2025-05,28347.97,43389.64,,161.0
1171053100,2025-05,22001.01,40674.76,,196.67
1171053200,2025-05,22001.01,40674.76,,196.67
1171054000,2025-05,13247.07,25379.16,,160.0
1171055000,2025-05,13247.07,25379.16,,160.0
1171056100,2025-05,22942.5,43656.67,,376.0
1171056200,2025-05,22942.5,43656.67,,376.0
1171056600,2025-05,22942.5,43656.67,,376.0
1171057000,2025-05,29424.82,45763.81,,327.0
1171058000,2025-05,24781.47,40829.14,,287.0
1171059000,2025-05,24781.47,40829.14,,287.0
1171060000,2025-05,13840.74,27287.08,,573.0
1171061000,2025-05,13441.98,22128.06,,640.0
1171062000,2025-05,30724.5,68113.88,,576.33
1171063100,2025-05,30724.5,68113.88,,576.33
1171063200,2025-05,30724.5,68113.88,,576.33
1171064100,2025-05,23474.93,48076.3,,388.33
1171064200,2025-05,28082.34,52981.25,,492.0
1171064600,2025-05,28082.34,52981.25,,492.0
1171064700,2025-05,30057.53,50422.0,,300.33
1171065000,2025-05,43978.4,76030.15,,313.0
1171067000,2025-05,43978.4,76030.15,,313.0
1171068000,2025-05,43978.4,76030.15,,313.0
1171069000,2025-05,68649.09,87252.77,,159.5
1171071000,2025-05,68649.09,87252.77,,159.5
1171072000,2025-05,43978.4,76030.15,,313.0
1174051500,2025-05,16335.63,27102.55,,892.5
1174052000,2025-05,34946.99,55679.15,,94.5
1174052500,2025-05,34946.99,55679.15,,94.5
1174052600,2025-05,34946.99,55679.15,,94.5
1174053000,2025-05,32290.99,43809.31,,255.0
1174054000,2025-05,32290.99,43809.31,,255.0
1174055000,2025-05,43080.73,57150.25,,248.0
1174056000,2025-05,43080.73,57150.25,,248.0
1174057000,2025-05,25657.92,42592.65,,193.33
1174058000,2025-05,25657.92,42592.65,,193.33
1174059000,2025-05,25657.92,42592.65,,193.33
1174060000,2025-05,14397.41,27840.72,,382.67
1174061000,2025-05,14397.41,27840.72,,382.67
1174062000,2025-05,14397.41,27840.72,,382.67
1174064000,2025-05,15760.65,30500.42,,251.0
1174065000,2025-05,15760.65,30500.42,,251.0
1174066000,2025-05,15760.65,30500.42,,251.0
1174068500,2025-05,12382.09,28098.98,,506.0
1174069000,2025-05,30859.37,43646.05,,121.5
1174070000,2025-05,30859.37,43646.05,,121.5
1111051500,2025-06,15057.94,30238.33,,72.0
1111053000,2025-06,28210.87,68206.9,,92.0
1111054000,2025-06,26193.33,26193.33,,6.0
1111055000,2025-06,13698.08,25081.82,,52.0
1111056000,2025-06,45085.11,58600.0,,47.0
1111057000,2025-06,51009.52,67683.33,,42.0
1111058000,2025-06,54728.92,87737.18,,178.0
1111060000,2025-06,10300.0,29800.0,,20.0
1111061500,2025-06,8828.49,20978.0,,41.0
1111063000,2025-06,14593.51,28924.24,,77.0
1111064000,2025-06,4942.35,13311.76,,85.0
1111065000,2025-06,7792.15,33234.62,,274.0
1111067000,2025-06,12567.26,26843.27,,48.33
1111068000,2025-06,12567.26,26843.27,,48.33
1111069000,2025-06,12567.26,26843.27,,48.33
1111070000,2025-06,7388.31,25285.94,,159.0
1111071000,2025-06,7388.31,25285.94,,159.0
1114052000,2025-06,23830.34,48300.0,,20.5
1114054000,2025-06,38093.75,82818.18,,28.5
1114055000,2025-06,25887.5,59261.54,,36.0
1114057000,2025-06,9838.63,28555.56,,116.5
1114058000,2025-06,4940.6,18072.73,,66.5
1114059000,2025-06,15427.2,28494.35,,132.0
1114060500,2025-06,25640.2,41798.71,,101.0
1114061000,2025-06,19667.61,45521.21,,94.64
1114061500,2025-06,19667.61,45521.21,,94.64
1114062000,2025-06,24802.84,45168.63,,66.64
1114062500,2025-06,24802.84,45168.63,,66.64
1114063000,2025-06,24802.84,45168.63,,66.64
1114063500,2025-06,24802.84,45168.63,,66.64
1114064000,2025-06,24802.84,45168.63,,66.64
1114064500,2025-06,24802.84,45168.63,,66.64
1114065000,2025-06,24802.84,45168.63,,66.64
1114066000,2025-06,24802.84,45168.63,,66.64
1114066500,2025-06,24802.84,45168.63,,66.64
1114067000,2025-06,23382.3,40985.19,,226.0
1114068000,2025-06,30483.22,49271.8,,194.0
1117051000,2025-06,16900.72,27844.77,,160.0
1117052000,2025-06,8906.45,17987.18,,93.0
1117053000,2025-06,13558.96,29706.47,,83.0
1117055500,2025-06,11643.66,22840.0,,413.0
1117056000,2025-06,32045.69,48150.22,,394.0
1117057000,2025-06,28130.6,34410.7,,162.0
1117058000,2025-06,32773.85,45893.6,,181.0
1117059000,2025-06,24783.06,32196.96,,164.0
1117062500,2025-06,32660.02,76816.61,,294.0
1117063000,2025-06,50922.04,71696.15,,171.5
1117064000,2025-06,50922.04,71696.15,,171.5
1117065000,2025-06,15805.33,41983.56,,112.5
1117066000,2025-06,15805.33,41983.56,,112.5
1117068500,2025-06,56543.85,76362.5,,155.0
1117069000,2025-06,29661.47,39596.16,,103.0
1117070000,2025-06,13889.71,34370.83,,68.0
1120052000,2025-06,45685.54,64955.36,,176.0
1120053500,2025-06,32546.38,53882.76,,372.0
1120054000,2025-06,13562.05,38915.67,,240.0
1120055000,2025-06,25179.4,55687.65,,243.33
1120056000,2025-06,35761.38,62652.52,,164.33
1120057000,2025-06,35761.38,62652.52,,164.33
1120058000,2025-06,41805.24,51270.36,,163.0
1120059000,2025-06,48119.71,61137.56,,110.0
1120061500,2025-06,36413.71,50990.53,,204.0
1120062000,2025-06,44566.53,63844.2,,124.0
1120064500,2025-06,53624.78,72194.66,,406.0
1120065000,2025-06,39282.0,70127.54,,268.5
1120066000,2025-06,39282.0,70127.54,,268.5
1120067000,2025-06,23499.04,36014.06,,135.0
1120069000,2025-06,23499.04,36014.06,,135.0
1120072000,2025-06,8675.41,28707.14,,61.0
1120079000,2025-06,8918.5,24168.04,,340.0
1121571000,2025-06,3999.85,21537.03,,685.0
1121573000,2025-06,8354.98,19991.35,,303.0
1121574000,2025-06,10987.04,21107.0,,216.25
1121575000,2025-06,10987.04,21107.0,,216.25
1121576000,2025-06,10987.04,21107.0,,216.25
1121577000,2025-06,10987.04,21107.0,,216.25
1121578000,2025-06,11517.8,23551.97,,232.0
1121581000,2025-06,51179.08,63425.67,,228.0
1121582000,2025-06,25894.29,47819.23,,334.5
1121583000,2025-06,25894.29,47819.23,,334.5
1121584000,2025-06,25894.29,47819.23,,334.5
1121584700,2025-06,25894.29,47819.23,,334.5
1121585000,2025-06,20398.57,43301.47,,303.67
1121586000,2025-06,20398.57,43301.47,,303.67
1121587000,2025-06,20398.57,43301.47,,303.67
1123053600,2025-06,17566.94,41669.86,,659.0
1123054500,2025-06,8694.77,28999.84,,283.0
1123056000,2025-06,25096.92,41614.53,,149.67
1123057000,2025-06,25096.92,41614.53,,149.67
1123060000,2025-06,24162.44,41959.7,,430.17
1123061000,2025-06,23663.83,42166.17,,280.5
1123065000,2025-06,15635.09,33987.63,,340.5
1123066000,2025-06,15635.09,33987.63,,340.5
1123070500,2025-06,14594.52,29509.81,,163.0
1123071000,2025-06,7020.84,31379.31,,190.0
1123072000,2025-06,17612.77,43293.57,,494.0
1123073000,2025-06,17612.77,43293.57,,494.0
1123074000,2025-06,12424.71,35009.25,,182.5
1123075000,2025-06,12424.71,35009.25,,182.5
1126052000,2025-06,13509.37,25632.4,,187.5
1126054000,2025-06,13509.37,25632.4,,187.5
1126055000,2025-06,13509.37,25632.4,,187.5
1126056500,2025-06,13509.37,25632.4,,187.5
1126057000,2025-06,13509.37,25632.4,,187.5
1126057500,2025-06,13509.37,25632.4,,187.5
1126058000,2025-06,15341.34,27790.66,,250.5
1126059000,2025-06,15341.34,27790.66,,250.5
1126060000,2025-06,18637.42,33872.6,,230.5
1126061000,2025-06,18637.42,33872.6,,230.5
1126062000,2025-06,17690.88,32744.4,,189.5
1126063000,2025-06,17690.88,32744.4,,189.5
1126065500,2025-06,10969.75,25330.72,,195.5
1126066000,2025-06,10969.75,25330.72,,195.5
1126068000,2025-06,17150.62,30456.77,,147.0
1126069000,2025-06,17150.62,30456.77,,147.0
1129052500,2025-06,17024.69,27790.54,,162.0
1129055500,2025-06,17543.77,37593.22,,169.33
1129057500,2025-06,8627.39,24721.03,,241.33
1129058000,2025-06,27747.99,43090.88,,27.33
1129059000,2025-06,27747.99,43090.88,,27.33
1129060000,2025-06,3896.27,22125.0,,220.0
1129061000,2025-06,18944.14,41282.5,,159.0
1129062000,2025-06,27616.2,44554.14,,295.42
1129063000,2025-06,17180.8,32882.98,,150.08
1129064000,2025-06,14827.75,29588.94,,122.75
1129065000,2025-06,14827.75,29588.94,,122.75
1129066000,2025-06,38392.67,52245.56,,145.33
1129068500,2025-06,32480.42,48162.64,,222.0
1129070500,2025-06,17853.64,37065.79,,343.0
1129071500,2025-06,21272.86,36722.36,,76.67
1129072500,2025-06,16903.73,33229.42,,120.67
1129076000,2025-06,21153.32,31318.53,,160.0
1129077000,2025-06,21153.32,31318.53,,160.0
1129078000,2025-06,21153.32,31318.53,,160.0
1129081000,2025-06,16694.37,28502.85,,264.0
1130553400,2025-06,13593.25,27803.49,,157.6
1130553500,2025-06,13593.25,27803.49,,157.6
1130554500,2025-06,13593.25,27803.49,,157.6
1130555500,2025-06,13593.25,27803.49,,157.6
1130557500,2025-06,13593.25,27803.49,,157.6
1130559000,2025-06,8321.57,22215.94,,42.5
1130559500,2025-06,8321.57,22215.94,,42.5
1130560000,2025-06,8321.57,22215.94,,42.5
1130560300,2025-06,8321.57,22215.94,,42.5
1130560600,2025-06,8321.57,22215.94,,42.5
1130560800,2025-06,8321.57,22215.94,,42.5
1130561000,2025-06,6203.62,18879.35,,93.88
1130561500,2025-06,6203.62,18879.35,,93.88
1130562000,2025-06,6203.62,18879.35,,93.88
1130562500,2025-06,6203.62,18879.35,,93.88
1130563000,2025-06,6203.62,18879.35,,93.88
1130563500,2025-06,6203.62,18879.35,,93.88
1130564500,2025-06,7818.72,20497.71,,143.88
1130566000,2025-06,6203.62,18879.35,,93.88
1132051100,2025-06,16708.67,26611.9,,189.0
1132051200,2025-06,16708.67,26611.9,,189.0
1132051300,2025-06,16708.67,26611.9,,189.0
1132051400,2025-06,16708.67,26611.9,,189.0
1132051500,2025-06,16708.67,26611.9,,189.0
1132052100,2025-06,12028.25,22875.75,,148.5
1132052200,2025-06,12028.25,22875.75,,148.5
1132066000,2025-06,12991.04,23611.48,,77.75
1132067000,2025-06,12991.04,23611.48,,77.75
1132068000,2025-06,12991.04,23611.48,,77.75
1132068100,2025-06,12991.04,23611.48,,77.75
1132069000,2025-06,12188.24,24284.29,,161.33
1132070000,2025-06,12188.24,24284.29,,161.33
1132071000,2025-06,12188.24,24284.29,,161.33
1135056000,2025-06,20261.39,30005.88,,178.33
1135057000,2025-06,20261.39,30005.88,,178.33
1135058000,2025-06,20261.39,30005.88,,178.33
1135059500,2025-06,13566.88,30712.03,,309.5
1135060000,2025-06,13566.88,30712.03,,309.5
1135061100,2025-06,24347.39,36787.77,,128.5
1135061200,2025-06,24347.39,36787.77,,128.5
1135061900,2025-06,27655.19,39100.89,,160.0
1135062100,2025-06,27655.19,39100.89,,160.0
1135062400,2025-06,20463.12,31750.01,,360.22
1135062500,2025-06,27655.19,39100.89,,160.0
1135063000,2025-06,14715.85,24477.86,,200.22
1135064000,2025-06,14715.85,24477.86,,200.22
1135066500,2025-06,14715.85,24477.86,,200.22
1135067000,2025-06,14715.85,24477.86,,200.22
1135069500,2025-06,14715.85,24477.86,,200.22
1135070000,2025-06,14715.85,24477.86,,200.22
1135071000,2025-06,14715.85,24477.86,,200.22
1135072000,2025-06,14715.85,24477.86,,200.22
1138051000,2025-06,19785.82,31600.38,,303.0
1138052000,2025-06,17568.02,26652.72,,279.0
1138053000,2025-06,17568.02,26652.72,,279.0
1138055100,2025-06,12081.68,19195.66,,139.0
1138055200,2025-06,12081.68,19195.66,,139.0
1138056000,2025-06,10298.3,22565.62,,128.0
1138057000,2025-06,9970.94,20268.67,,335.0
1138058000,2025-06,23106.19,40401.71,,240.0
1138059000,2025-06,23106.19,40401.71,,240.0
1138060000,2025-06,23106.19,40401.71,,240.0
1138062500,2025-06,9147.84,21742.67,,267.0
1138063100,2025-06,14379.81,26975.53,,128.5
1138063200,2025-06,14379.81,26975.53,,128.5
1138064000,2025-06,26186.09,40313.33,,92.0
1138065000,2025-06,38784.32,44443.35,,200.0
1138069000,2025-06,22108.59,47643.92,,512.0
1141052000,2025-06,30182.69,46590.32,,124.0
1141055500,2025-06,22902.71,48654.23,,278.0
1141056500,2025-06,22817.66,46079.81,,280.0
1141058500,2025-06,4583.62,25320.36,,624.0
1141061500,2025-06,7394.0,27251.08,,534.0
1141062000,2025-06,25997.04,42199.59,,141.33
1141064000,2025-06,25997.04,42199.59,,141.33
1141065500,2025-06,25997.04,42199.59,,141.33
1141066000,2025-06,17598.91,30360.05,,165.0
1141068500,2025-06,17598.91,30360.05,,165.0
1141069000,2025-06,29868.46,55822.01,,174.5
1141070000,2025-06,29868.46,55822.01,,174.5
1141071000,2025-06,22569.66,39106.72,,150.0
1141072000,2025-06,22569.66,39106.72,,150.0
1144055500,2025-06,39623.79,64490.64,,402.67
1144056500,2025-06,34441.32,60633.38,,598.33
1144058500,2025-06,33048.21,49966.57,,121.33
1144059000,2025-06,34802.75,56192.58,,374.0
1144060000,2025-06,22966.69,48629.34,,235.5
1144061000,2025-06,33151.64,55876.01,,222.67
1144063000,2025-06,36766.84,58092.13,,215.5
1144065500,2025-06,26944.97,50366.92,,273.0
1144066000,2025-06,10660.76,38428.64,,465.0
1144068000,2025-06,16368.87,28336.95,,257.0
1144069000,2025-06,14854.78,32814.55,,214.5
1144070000,2025-06,14854.78,32814.55,,214.5
1144071000,2025-06,10691.97,31151.11,,218.0
1144072000,2025-06,13200.05,31008.72,,431.5
1144073000,2025-06,14278.68,31852.75,,484.5
1144074000,2025-06,20142.35,46641.3,,385.0
1147051000,2025-06,39520.66,55934.2,,292.2
1147052000,2025-06,39520.66,55934.2,,292.2
1147053000,2025-06,39520.66,55934.2,,292.2
1147054000,2025-06,39520.66,55934.2,,292.2
1147055000,2025-06,39520.66,55934.2,,292.2
1147056000,2025-06,16171.15,27268.63,,84.14
1147057000,2025-06,16171.15,27268.63,,84.14
1147058000,2025-06,16171.15,27268.63,,84.14
1147059000,2025-06,16171.15,27268.63,,84.14
1147060000,2025-06,16171.15,27268.63,,84.14
1147061000,2025-06,16171.15,27268.63,,84.14
1147061100,2025-06,16171.15,27268.63,,84.14
1147062000,2025-06,30489.48,41081.55,,259.33
1147063000,2025-06,30489.48,41081.55,,259.33
1147064000,2025-06,30489.48,41081.55,,259.33
1147065000,2025-06,30489.48,41081.55,,259.33
1147067000,2025-06,30489.48,41081.55,,259.33
1147068000,2025-06,30489.48,41081.55,,259.33
1150051000,2025-06,27943.3,40655.27,,338.0
1150052000,2025-06,17503.74,31477.83,,241.0
1150053000,2025-06,17503.74,31477.83,,241.0
1150053500,2025-06,17503.74,31477.83,,241.0
1150054000,2025-06,12288.38,25637.01,,251.62
1150055000,2025-06,12288.38,25637.01,,251.62
1150056000,2025-06,12288.38,25637.01,,251.62
1150057000,2025-06,12288.38,25637.01,,251.62
1150059000,2025-06,12288.38,25637.01,,251.62
1150059100,2025-06,12288.38,25637.01,,251.62
1150059300,2025-06,12288.38,25637.01,,251.62
1150060300,2025-06,17303.65,35170.35,,680.4
1150060400,2025-06,22734.06,33045.94,,130.0
1150060500,2025-06,27943.3,40655.27,,338.0
1150061100,2025-06,17478.04,42346.32,,598.9
1150061500,2025-06,16560.33,34641.66,,539.12
1150062000,2025-06,13275.05,33216.51,,542.9
1150063000,2025-06,13275.05,33216.51,,542.9
1150064000,2025-06,13520.6,26986.69,,165.5
1150064100,2025-06,14555.03,35114.3,,464.9
1153051000,2025-06,27842.88,51393.78,,332.0
1153052000,2025-06,10993.99,28588.41,,302.8
1153053000,2025-06,10993.99,28588.41,,302.8
1153054000,2025-06,10993.99,28588.41,,302.8
1153055000,2025-06,10993.99,28588.41,,302.8
1153056000,2025-06,10993.99,28588.41,,302.8
1153059500,2025-06,3837.96,12911.11,,206.0
1153072000,2025-06,18186.59,30298.93,,122.5
1153073000,2025-06,18186.59,30298.93,,122.5
1153074000,2025-06,15625.48,28898.65,,178.67
1153075000,2025-06,15625.48,28898.65,,178.67
1153076000,2025-06,15625.48,28898.65,,178.67
1153077000,2025-06,10407.05,26771.01,,198.0
1153078000,2025-06,12510.11,31109.03,,351.0
1153079000,2025-06,14111.96,27861.9,,116.0
1153080000,2025-06,28297.38,41341.3,,37.0
1154551000,2025-06,8900.04,22467.19,,537.0
1154561000,2025-06,13612.57,27566.14,,350.5
1154562000,2025-06,13612.57,27566.14,,350.5
1154563000,2025-06,13612.57,27566.14,,350.5
1154564000,2025-06,13612.57,27566.14,,350.5
1154567000,2025-06,12660.37,24135.17,,125.0
1154568000,2025-06,12660.37,24135.17,,125.0
1154569000,2025-06,12660.37,24135.17,,125.0
1154570000,2025-06,12660.37,24135.17,,125.0
1154571000,2025-06,12660.37,24135.17,,125.0
1156051500,2025-06,25087.04,39537.38,,208.57
1156053500,2025-06,17175.58,33327.98,,988.0
1156054000,2025-06,36367.96,65920.51,,376.0
1156055000,2025-06,23182.65,37588.46,,359.0
1156056000,2025-06,26115.01,47379.77,,694.0
1156058500,2025-06,15747.54,34777.49,,227.0
1156060500,2025-06,32115.29,46413.89,,319.0
1156061000,2025-06,24241.04,38148.66,,290.0
1156062000,2025-06,24621.56,34831.84,,376.0
1156063000,2025-06,22997.18,38577.84,,142.57
1156065000,2025-06,22997.18,38577.84,,142.57
1156066000,2025-06,22997.18,38577.84,,142.57
1156067000,2025-06,17040.05,35711.74,,297.07
1156068000,2025-06,22997.18,38577.84,,142.57
1156069000,2025-06,22997.18,38577.84,,142.57
1156070000,2025-06,11542.85,31317.5,,154.5
1156071000,2025-06,11542.85,31317.5,,154.5
1156072000,2025-06,11542.85,31317.5,,154.5
1159051000,2025-06,22655.88,45943.29,,297.0
1159052000,2025-06,14067.63,37195.09,,208.0
1159053000,2025-06,20022.93,43436.22,,436.75
1159054000,2025-06,27977.66,46731.62,,285.75
1159055000,2025-06,27977.66,46731.62,,285.75
1159056000,2025-06,27977.66,46731.62,,285.75
1159060500,2025-06,41759.82,76260.52,,504.0
1159062000,2025-06,23162.54,44983.19,,232.0
1159063000,2025-06,28049.28,49901.44,,266.0
1159064000,2025-06,23162.54,44983.19,,232.0
1159065000,2025-06,23162.54,44983.19,,232.0
1159065100,2025-06,23162.54,44983.19,,232.0
1159066000,2025-06,19127.3,43357.62,,355.0
1159067000,2025-06,21775.13,45568.91,,229.0
1159068000,2025-06,21775.13,45568.91,,229.0
1162052500,2025-06,14201.47,37086.17,,293.67
1162054500,2025-06,14201.47,37086.17,,293.67
1162056500,2025-06,14201.47,37086.17,,293.67
1162057500,2025-06,14201.47,37086.17,,293.67
1162058500,2025-06,14201.47,37086.17,,293.67
1162059500,2025-06,14201.47,37086.17,,293.67
1162060500,2025-06,14201.47,37086.17,,293.67
1162061500,2025-06,14201.47,37086.17,,293.67
1162062500,2025-06,14201.47,37086.17,,293.67
1162063000,2025-06,10679.38,33201.52,,209.0
1162064500,2025-06,7134.08,21033.25,,218.18
1162065500,2025-06,7134.08,21033.25,,218.18
1162066500,2025-06,7134.08,21033.25,,218.18
1162068500,2025-06,7134.08,21033.25,,218.18
1162069500,2025-06,7134.08,21033.25,,218.18
1162071500,2025-06,7134.08,21033.25,,218.18
1162072500,2025-06,7134.08,21033.25,,218.18
1162073500,2025-06,7134.08,21033.25,,218.18
1162074500,2025-06,7134.08,21033.25,,218.18
1162076500,2025-06,7134.08,21033.25,,218.18
1162077500,2025-06,7134.08,21033.25,,218.18
1165051000,2025-06,42338.54,77962.46,,344.25
1165052000,2025-06,42338.54,77962.46,,344.25
1165053000,2025-06,40698.62,71503.6,,508.25
1165053100,2025-06,42338.54,77962.46,,344.25
1165054000,2025-06,83031.02,107124.12,,552.0
1165055000,2025-06,79227.23,116780.98,,248.25
1165056000,2025-06,79227.23,116780.98,,248.25
1165057000,2025-06,79227.23,116780.98,,248.25
1165058000,2025-06,83031.02,107124.12,,552.0
1165058100,2025-06,79227.23,116780.98,,248.25
1165059000,2025-06,37256.29,60395.47,,164.0
1165060000,2025-06,37256.29,60395.47,,164.0
1165061000,2025-06,37256.29,60395.47,,164.0
1165062000,2025-06,37256.29,60395.47,,164.0
1165062100,2025-06,37256.29,60395.47,,164.0
1165065100,2025-06,29088.77,48497.25,,556.0
1165065200,2025-06,18597.1,32108.06,,290.0
1165066000,2025-06,32380.85,47774.69,,261.0
1168051000,2025-06,53225.62,86442.11,,160.0
1168052100,2025-06,17267.77,46558.74,,308.5
1168053100,2025-06,17267.77,46558.74,,308.5
1168054500,2025-06,53225.62,86442.11,,160.0
1168056500,2025-06,51888.52,101419.18,,248.0
1168058000,2025-06,43424.69,77752.19,,241.5
1168059000,2025-06,43424.69,77752.19,,241.5
1168060000,2025-06,60059.89,94570.93,,180.8
1168061000,2025-06,60059.89,94570.93,,180.8
1168063000,2025-06,60059.89,94570.93,,180.8
1168064000,2025-06,23636.87,57770.55,,688.0
1168065000,2025-06,23636.87,57770.55,,688.0
1168065500,2025-06,82407.42,125658.34,,245.0
1168065600,2025-06,82407.42,125658.34,,245.0
1168066000,2025-06,53582.87,76098.08,,155.4
1168067000,2025-06,55860.45,77718.35,,244.8
1168067500,2025-06,57644.42,83812.58,,425.6
1168069000,2025-06,53582.87,76098.08,,155.4
1168070000,2025-06,27523.43,52101.68,,469.0
1168072000,2025-06,52859.03,69313.62,,161.07
1168073000,2025-06,52859.03,69313.62,,161.07
1168074000,2025-06,57644.42,83812.58,,425.6
1168075000,2025-06,44176.28,56792.48,,71.67
1171051000,2025-06,27121.49,48983.72,,156.5
1171052000,2025-06,27121.49,48983.72,,156.5
1171053100,2025-06,27084.85,46398.76,,120.0
1171053200,2025-06,27084.85,46398.76,,120.0
1171054000,2025-06,18510.35,26870.73,,131.5
1171055000,2025-06,18510.35,26870.73,,131.5
1171056100,2025-06,22221.33,43546.03,,315.33
1171056200,2025-06,22221.33,43546.03,,315.33
1171056600,2025-06,22221.33,43546.03,,315.33
1171057000,2025-06,27855.75,47244.45,,274.0
1171058000,2025-06,22578.28,43965.68,,260.0
1171059000,2025-06,22578.28,43965.68,,260.0
1171060000,2025-06,12388.81,23507.56,,607.0
1171061000,2025-06,12705.93,23768.79,,680.0
1171062000,2025-06,41528.47,67565.54,,283.0
1171063100,2025-06,41528.47,67565.54,,283.0
1171063200,2025-06,41528.47,67565.54,,283.0
1171064100,2025-06,20729.41,42052.9,,375.33
1171064200,2025-06,28608.69,51797.69,,476.33
1171064600,2025-06,28608.69,51797.69,,476.33
1171064700,2025-06,41162.97,58142.18,,221.0
1171065000,2025-06,42997.17,72657.71,,308.5
1171067000,2025-06,42997.17,72657.71,,308.5
1171068000,2025-06,42997.17,72657.71,,308.5
1171069000,2025-06,68930.43,87512.6,,142.0
1171071000,2025-06,68930.43,87512.6,,142.0
1171072000,2025-06,42997.17,72657.71,,308.5
1174051500,2025-06,16702.79,28128.57,,836.0
1174052000,2025-06,37126.95,61846.43,,96.0
1174052500,2025-06,37126.95,61846.43,,96.0
1174052600,2025-06,37126.95,61846.43,,96.0
1174053000,2025-06,33412.69,49819.23,,267.5
1174054000,2025-06,33412.69,49819.23,,267.5
1174055000,2025-06,43645.14,61867.36,,226.0
1174056000,2025-06,43645.14,61867.36,,226.0
1174057000,2025-06,26564.4,43090.01,,206.67
1174058000,2025-06,26564.4,43090.01,,206.67
1174059000,2025-06,26564.4,43090.01,,206.67
1174060000,2025-06,13911.83,28765.96,,376.33
1174061000,2025-06,13911.83,28765.96,,376.33
1174062000,2025-06,13911.83,28765.96,,376.33
1174064000,2025-06,15013.14,32451.95,,278.33
1174065000,2025-06,15013.14,32451.95,,278.33
1174066000,2025-06,15013.14,32451.95,,278.33
1174068500,2025-06,12448.74,32120.32,,585.0
1174069000,2025-06,32856.07,46589.5,,150.0
1174070000,2025-06,32856.07,46589.5,,150.0
1111051500,2025-07,18253.19,33512.0,,64.0
1111053000,2025-07,23011.57,71275.86,,121.0
1111054000,2025-07,7500.0,,,8.0
1111055000,2025-07,15545.21,30600.0,,73.0
1111056000,2025-07,27939.02,48295.45,,41.0
1111057000,2025-07,51518.18,71055.0,,33.0
1111058000,2025-07,44670.39,78513.18,,164.0
1111060000,2025-07,7845.45,24500.0,,22.0
1111061500,2025-07,15512.5,29702.38,,60.0
1111063000,2025-07,17146.58,35394.38,,76.0
1111064000,2025-07,5254.67,14284.62,,75.0
1111065000,2025-07,5563.27,26532.05,,325.0
1111067000,2025-07,13355.82,24677.46,,55.0
1111068000,2025-07,13355.82,24677.46,,55.0
1111069000,2025-07,13355.82,24677.46,,55.0
1111070000,2025-07,7635.06,24271.21,,162.5
1111071000,2025-07,7635.06,24271.21,,162.5
1114052000,2025-07,33621.95,68843.75,,20.5
1114054000,2025-07,49129.47,80863.46,,47.5
1114055000,2025-07,27507.31,68863.16,,52.0
1114057000,2025-07,9794.91,38304.05,,83.5
1114058000,2025-07,7573.68,25935.0,,53.0
1114059000,2025-07,14351.3,38359.18,,96.5
1114060500,2025-07,31349.14,50223.78,,81.0
1114061000,2025-07,20583.37,40099.78,,78.5
1114061500,2025-07,20583.37,40099.78,,78.5
1114062000,2025-07,26276.96,43555.74,,51.0
1114062500,2025-07,26276.96,43555.74,,51.0
1114063000,2025-07,26276.96,43555.74,,51.0
1114063500,2025-07,26276.96,43555.74,,51.0
1114064000,2025-07,26276.96,43555.74,,51.0
1114064500,2025-07,26276.96,43555.74,,51.0
1114065000,2025-07,26276.96,43555.74,,51.0
1114066000,2025-07,26276.96,43555.74,,51.0
1114066500,2025-07,26276.96,43555.74,,51.0
1114067000,2025-07,21633.67,38827.77,,278.0
1114068000,2025-07,34516.95,55046.38,,213.0
1117051000,2025-07,15074.03,24575.05,,201.0
1117052000,2025-07,8325.0,21522.22,,72.0
1117053000,2025-07,24389.58,50606.25,,96.0
1117055500,2025-07,12163.61,23597.37,,313.0
1117056000,2025-07,32371.35,48046.33,,415.0
1117057000,2025-07,27021.99,32272.99,,176.0
1117058000,2025-07,33370.89,38650.71,,135.0
1117059000,2025-07,24781.08,43570.64,,100.0
1117062500,2025-07,28832.79,56168.06,,309.0
1117063000,2025-07,61768.68,80734.45,,185.0
1117064000,2025-07,61768.68,80734.45,,185.0
1117065000,2025-07,15659.36,42857.41,,93.5
1117066000,2025-07,15659.36,42857.41,,93.5
1117068500,2025-07,54633.55,107494.34,,155.0
1117069000,2025-07,34283.45,46263.33,,84.0
1117070000,2025-07,20000.0,44320.0,,36.0
1120052000,2025-07,43957.81,65905.86,,134.5
1120053500,2025-07,27652.61,55019.55,,325.5
1120054000,2025-07,13203.75,36236.02,,524.0
1120055000,2025-07,24356.21,51919.55,,268.67
1120056000,2025-07,32362.24,58898.59,,182.67
1120057000,2025-07,32362.24,58898.59,,182.67
1120058000,2025-07,31987.16,47621.56,,148.0
1120059000,2025-07,49422.66,63113.1,,128.0
1120061500,2025-07,43840.01,57936.11,,257.0
1120062000,2025-07,51413.49,69626.45,,137.0
1120064500,2025-07,51856.22,71496.56,,300.0
1120065000,2025-07,41030.76,69604.56,,219.5
1120066000,2025-07,41030.76,69604.56,,219.5
1120067000,2025-07,23889.89,40202.5,,127.0
1120069000,2025-07,23889.89,40202.5,,127.0
1120072000,2025-07,11031.43,22734.04,,70.0
1120079000,2025-07,10550.0,24951.71,,316.0
1121571000,2025-07,3731.6,21598.85,,737.0
1121573000,2025-07,7706.18,22990.69,,301.0
1121574000,2025-07,9332.87,20917.4,,190.75
1121575000,2025-07,9332.87,20917.4,,190.75
1121576000,2025-07,9332.87,20917.4,,190.75
1121577000,2025-07,9332.87,20917.4,,190.75
1121578000,2025-07,10475.34,23506.98,,223.0
1121581000,2025-07,58510.58,68051.61,,186.0
1121582000,2025-07,23207.12,43693.87,,341.0
1121583000,2025-07,23207.12,43693.87,,341.0
1121584000,2025-07,23207.12,43693.87,,341.0
1121584700,2025-07,23207.12,43693.87,,341.0
1121585000,2025-07,19265.52,40243.27,,297.0
1121586000,2025-07,19265.52,40243.27,,297.0
1121587000,2025-07,19265.52,40243.27,,297.0
1123053600,2025-07,17592.58,36156.08,,778.0
1123054500,2025-07,7794.07,27478.15,,308.0
1123056000,2025-07,26159.51,45873.03,,177.33
1123057000,2025-07,26159.51,45873.03,,177.33
1123060000,2025-07,23441.78,44855.62,,456.83
1123061000,2025-07,21717.47,44032.23,,279.5
1123065000,2025-07,14935.22,29188.18,,305.0
1123066000,2025-07,14935.22,29188.18,,305.0
1123070500,2025-07,14578.33,25332.87,,201.0
1123071000,2025-07,5188.63,26675.86,,211.0
1123072000,2025-07,13723.08,36980.89,,472.5
1123073000,2025-07,13723.08,36980.89,,472.5
1123074000,2025-07,10695.98,31787.96,,193.0
1123075000,2025-07,10695.98,31787.96,,193.0
1126052000,2025-07,11488.12,24080.26,,156.17
1126054000,2025-07,11488.12,24080.26,,156.17
1126055000,2025-07,11488.12,24080.26,,156.17
1126056500,2025-07,11488.12,24080.26,,156.17
1126057000,2025-07,11488.12,24080.26,,156.17
1126057500,2025-07,11488.12,24080.26,,156.17
1126058000,2025-07,15585.26,25702.01,,235.0
1126059000,2025-07,15585.26,25702.01,,235.0
1126060000,2025-07,18040.99,35973.22,,256.5
1126061000,2025-07,18040.99,35973.22,,256.5
1126062000,2025-07,16299.93,35265.83,,170.5
1126063000,2025-07,16299.93,35265.83,,170.5
1126065500,2025-07,12100.92,23917.58,,175.5
1126066000,2025-07,12100.92,23917.58,,175.5
1126068000,2025-07,18390.2,32435.46,,182.5
1126069000,2025-07,18390.2,32435.46,,182.5
1129052500,2025-07,11288.33,26525.0,,120.0
1129055500,2025-07,19304.62,38575.18,,164.5
1129057500,2025-07,12761.19,32829.19,,229.5
1129058000,2025-07,37620.43,47167.12,,31.5
1129059000,2025-07,37620.43,47167.12,,31.5
1129060000,2025-07,5424.29,23186.05,,247.0
1129061000,2025-07,17554.13,44855.32,,170.0
1129062000,2025-07,31531.76,48081.7,,269.83
1129063000,2025-07,19878.02,36471.48,,137.5
1129064000,2025-07,14605.51,30169.1,,106.0
1129065000,2025-07,14605.51,30169.1,,106.0
1129066000,2025-07,43640.5,55881.67,,132.33
1129068500,2025-07,34144.13,50755.41,,226.0
1129070500,2025-07,19594.58,40410.36,,284.0
1129071500,2025-07,20727.54,39200.33,,93.67
1129072500,2025-07,16943.78,34279.26,,160.67
1129076000,2025-07,19188.57,30258.07,,130.33
1129077000,2025-07,19188.57,30258.07,,130.33
1129078000,2025-07,19188.57,30258.07,,130.33
1129081000,2025-07,17766.02,30480.25,,242.0
1130553400,2025-07,15479.39,30802.62,,159.8
1130553500,2025-07,15479.39,30802.62,,159.8
1130554500,2025-07,15479.39,30802.62,,159.8
1130555500,2025-07,15479.39,30802.62,,159.8
1130557500,2025-07,15479.39,30802.62,,159.8
1130559000,2025-07,8748.27,21756.53,,48.5
1130559500,2025-07,8748.27,21756.53,,48.5
1130560000,2025-07,8748.27,21756.53,,48.5
1130560300,2025-07,8748.27,21756.53,,48.5
1130560600,2025-07,8748.27,21756.53,,48.5
1130560800,2025-07,8748.27,21756.53,,48.5
1130561000,2025-07,5519.94,16432.16,,92.62
1130561500,2025-07,5519.94,16432.16,,92.62
1130562000,2025-07,5519.94,16432.16,,92.62
1130562500,2025-07,5519.94,16432.16,,92.62
1130563000,2025-07,5519.94,16432.16,,92.62
1130563500,2025-07,5519.94,16432.16,,92.62
1130564500,2025-07,6734.2,18124.88,,156.62
1130566000,2025-07,5519.94,16432.16,,92.62
1132051100,2025-07,15581.19,26820.94,,189.0
1132051200,2025-07,15581.19,26820.94,,189.0
1132051300,2025-07,15581.19,26820.94,,189.0
1132051400,2025-07,15581.19,26820.94,,189.0
1132051500,2025-07,15581.19,26820.94,,189.0
1132052100,2025-07,11218.68,23248.37,,134.5
1132052200,2025-07,11218.68,23248.37,,134.5
1132066000,2025-07,13342.09,22580.95,,86.25
1132067000,2025-07,13342.09,22580.95,,86.25
1132068000,2025-07,13342.09,22580.95,,86.25
1132068100,2025-07,13342.09,22580.95,,86.25
1132069000,2025-07,27900.8,50217.6,,165.67
1132070000,2025-07,27900.8,50217.6,,165.67
1132071000,2025-07,27900.8,50217.6,,165.67
1135056000,2025-07,18056.8,29444.32,,183.0
1135057000,2025-07,18056.8,29444.32,,183.0
1135058000,2025-07,18056.8,29444.32,,183.0
1135059500,2025-07,9785.75,29969.83,,335.5
1135060000,2025-07,9785.75,29969.83,,335.5
1135061100,2025-07,23704.44,35614.6,,135.0
1135061200,2025-07,23704.44,35614.6,,135.0
1135061900,2025-07,27762.73,39834.15,,155.75
1135062100,2025-07,27762.73,39834.15,,155.75
1135062400,2025-07,21715.53,33417.37,,340.53
1135062500,2025-07,27762.73,39834.15,,155.75
1135063000,2025-07,16618.32,27068.73,,184.78
1135064000,2025-07,16618.32,27068.73,,184.78
1135066500,2025-07,16618.32,27068.73,,184.78
1135067000,2025-07,16618.32,27068.73,,184.78
1135069500,2025-07,16618.32,27068.73,,184.78
1135070000,2025-07,16618.32,27068.73,,184.78
1135071000,2025-07,16618.32,27068.73,,184.78
1135072000,2025-07,16618.32,27068.73,,184.78
1138051000,2025-07,19561.61,37545.06,,376.0
1138052000,2025-07,18546.84,27779.28,,322.5
1138053000,2025-07,18546.84,27779.28,,322.5
1138055100,2025-07,10983.39,20000.86,,136.5
1138055200,2025-07,10983.39,20000.86,,136.5
1138056000,2025-07,13871.6,23248.96,,149.0
1138057000,2025-07,8162.15,16999.7,,432.0
1138058000,2025-07,23106.33,41539.02,,229.67
1138059000,2025-07,23106.33,41539.02,,229.67
1138060000,2025-07,23106.33,41539.02,,229.67
1138062500,2025-07,13645.3,22579.06,,242.0
1138063100,2025-07,13801.52,28425.48,,142.5
1138063200,2025-07,13801.52,28425.48,,142.5
1138064000,2025-07,34731.47,47062.2,,60.0
1138065000,2025-07,37046.51,44486.97,,172.0
1138069000,2025-07,21730.56,45715.15,,508.0
1141052000,2025-07,27293.27,47740.0,,147.0
1141055500,2025-07,19549.32,50012.69,,262.0
1141056500,2025-07,20371.73,44690.05,,286.0
1141058500,2025-07,3860.81,20087.8,,627.0
1141061500,2025-07,6392.04,23565.32,,570.0
1141062000,2025-07,26675.3,41498.55,,126.0
1141064000,2025-07,26675.3,41498.55,,126.0
1141065500,2025-07,26675.3,41498.55,,126.0
1141066000,2025-07,16146.39,29519.05,,145.0
1141068500,2025-07,16146.39,29519.05,,145.0
1141069000,2025-07,27183.17,56476.99,,201.0
1141070000,2025-07,27183.17,56476.99,,201.0
1141071000,2025-07,19938.58,38771.26,,149.5
1141072000,2025-07,19938.58,38771.26,,149.5
1144055500,2025-07,36390.94,64124.01,,375.5
1144056500,2025-07,33435.07,62574.3,,588.17
1144058500,2025-07,29053.03,47364.21,,119.0
1144059000,2025-07,34575.7,55539.01,,397.0
1144060000,2025-07,21607.17,50544.2,,263.67
1144061000,2025-07,31355.98,57914.54,,218.0
1144063000,2025-07,36627.27,61493.61,,218.17
1144065500,2025-07,22672.7,58416.02,,280.0
1144066000,2025-07,9353.91,34062.73,,511.5
1144068000,2025-07,15624.12,26783.89,,259.0
1144069000,2025-07,15982.21,33567.46,,179.5
1144070000,2025-07,15982.21,33567.46,,179.5
1144071000,2025-07,8530.41,25598.75,,216.0
1144072000,2025-07,12198.48,29371.19,,396.0
1144073000,2025-07,14694.14,33156.78,,478.0
1144074000,2025-07,20270.36,47569.24,,410.0
1147051000,2025-07,37768.69,52763.04,,268.8
1147052000,2025-07,37768.69,52763.04,,268.8
1147053000,2025-07,37768.69,52763.04,,268.8
1147054000,2025-07,37768.69,52763.04,,268.8
1147055000,2025-07,37768.69,52763.04,,268.8
1147056000,2025-07,14442.86,27215.29,,88.71
1147057000,2025-07,14442.86,27215.29,,88.71
1147058000,2025-07,14442.86,27215.29,,88.71
1147059000,2025-07,14442.86,27215.29,,88.71
1147060000,2025-07,14442.86,27215.29,,88.71
1147061000,2025-07,14442.86,27215.29,,88.71
1147061100,2025-07,14442.86,27215.29,,88.71
1147062000,2025-07,31072.18,48130.51,,233.0
1147063000,2025-07,31072.18,48130.51,,233.0
1147064000,2025-07,31072.18,48130.51,,233.0
1147065000,2025-07,31072.18,48130.51,,233.0
1147067000,2025-07,31072.18,48130.51,,233.0
1147068000,2025-07,31072.18,48130.51,,233.0
1150051000,2025-07,26060.9,40330.02,,322.75
1150052000,2025-07,18834.73,32184.66,,223.5
1150053000,2025-07,18834.73,32184.66,,223.5
1150053500,2025-07,18834.73,32184.66,,223.5
1150054000,2025-07,12790.65,26468.5,,253.25
1150055000,2025-07,12790.65,26468.5,,253.25
1150056000,2025-07,12790.65,26468.5,,253.25
1150057000,2025-07,12790.65,26468.5,,253.25
1150059000,2025-07,12790.65,26468.5,,253.25
1150059100,2025-07,12790.65,26468.5,,253.25
1150059300,2025-07,12790.65,26468.5,,253.25
1150060300,2025-07,18347.36,36085.65,,621.75
1150060400,2025-07,21438.69,34080.62,,116.25
1150060500,2025-07,26060.9,40330.02,,322.75
1150061100,2025-07,19848.3,42925.95,,471.5
1150061500,2025-07,17960.2,34922.33,,438.75
1150062000,2025-07,14907.13,33906.62,,508.25
1150063000,2025-07,14907.13,33906.62,,508.25
1150064000,2025-07,14282.54,26659.46,,145.75
1150064100,2025-07,16002.95,36234.66,,420.75
1153051000,2025-07,31553.91,47192.63,,294.0
1153052000,2025-07,11795.06,30592.14,,236.8
1153053000,2025-07,11795.06,30592.14,,236.8
1153054000,2025-07,11795.06,30592.14,,236.8
1153055000,2025-07,11795.06,30592.14,,236.8
1153056000,2025-07,11795.06,30592.14,,236.8
1153059500,2025-07,3937.35,14962.5,,213.0
1153072000,2025-07,18927.24,30837.5,,134.0
1153073000,2025-07,18927.24,30837.5,,134.0
1153074000,2025-07,15852.4,29314.32,,135.33
1153075000,2025-07,15852.4,29314.32,,135.33
1153076000,2025-07,15852.4,29314.32,,135.33
1153077000,2025-07,10078.0,23274.72,,222.5
1153078000,2025-07,12635.42,30175.6,,422.5
1153079000,2025-07,12735.82,18032.39,,110.0
1153080000,2025-07,23981.22,44672.06,,46.0
1154551000,2025-07,6841.58,17255.51,,651.0
1154561000,2025-07,12683.18,25795.61,,314.0
1154562000,2025-07,12683.18,25795.61,,314.0
1154563000,2025-07,12683.18,25795.61,,314.0
1154564000,2025-07,12683.18,25795.61,,314.0
1154567000,2025-07,11727.21,20367.67,,132.8
1154568000,2025-07,11727.21,20367.67,,132.8
1154569000,2025-07,11727.21,20367.67,,132.8
1154570000,2025-07,11727.21,20367.67,,132.8
1154571000,2025-07,11727.21,20367.67,,132.8
1156051500,2025-07,21326.12,39059.32,,216.71
1156053500,2025-07,16191.13,32015.3,,920.0
1156054000,2025-07,40059.74,60869.24,,401.0
1156055000,2025-07,18281.94,41136.48,,432.0
1156056000,2025-07,24434.53,44812.26,,678.0
1156058500,2025-07,13247.3,35318.84,,252.0
1156060500,2025-07,38173.54,51063.35,,260.0
1156061000,2025-07,23576.71,39317.94,,261.0
1156062000,2025-07,24194.36,38393.97,,382.0
1156063000,2025-07,20053.72,37534.33,,159.71
1156065000,2025-07,20053.72,37534.33,,159.71
1156066000,2025-07,20053.72,37534.33,,159.71
1156067000,2025-07,16157.42,35378.82,,285.21
1156068000,2025-07,20053.72,37534.33,,159.71
1156069000,2025-07,20053.72,37534.33,,159.71
1156070000,2025-07,11198.9,31356.36,,125.5
1156071000,2025-07,11198.9,31356.36,,125.5
1156072000,2025-07,11198.9,31356.36,,125.5
1159051000,2025-07,22727.66,45982.05,,332.5
1159052000,2025-07,13415.09,36087.4,,207.5
1159053000,2025-07,13854.44,42637.3,,461.25
1159054000,2025-07,21075.98,44662.47,,268.25
1159055000,2025-07,21075.98,44662.47,,268.25
1159056000,2025-07,21075.98,44662.47,,268.25
1159060500,2025-07,31639.66,70539.95,,348.0
1159062000,2025-07,22363.84,45459.5,,241.4
1159063000,2025-07,28913.97,51813.89,,291.4
1159064000,2025-07,22363.84,45459.5,,241.4
1159065000,2025-07,22363.84,45459.5,,241.4
1159065100,2025-07,22363.84,45459.5,,241.4
1159066000,2025-07,21570.54,43408.47,,318.0
1159067000,2025-07,19311.67,41596.62,,243.0
1159068000,2025-07,19311.67,41596.62,,243.0
1162052500,2025-07,13588.69,36365.39,,291.22
1162054500,2025-07,13588.69,36365.39,,291.22
1162056500,2025-07,13588.69,36365.39,,291.22
1162057500,2025-07,13588.69,36365.39,,291.22
1162058500,2025-07,13588.69,36365.39,,291.22
1162059500,2025-07,13588.69,36365.39,,291.22
1162060500,2025-07,13588.69,36365.39,,291.22
1162061500,2025-07,13588.69,36365.39,,291.22
1162062500,2025-07,13588.69,36365.39,,291.22
1162063000,2025-07,10150.63,27733.33,,158.0
1162064500,2025-07,7391.1,22301.3,,206.27
1162065500,2025-07,7391.1,22301.3,,206.27
1162066500,2025-07,7391.1,22301.3,,206.27
1162068500,2025-07,7391.1,22301.3,,206.27
1162069500,2025-07,7391.1,22301.3,,206.27
1162071500,2025-07,7391.1,22301.3,,206.27
1162072500,2025-07,7391.1,22301.3,,206.27
1162073500,2025-07,7391.1,22301.3,,206.27
1162074500,2025-07,7391.1,22301.3,,206.27
1162076500,2025-07,7391.1,22301.3,,206.27
1162077500,2025-07,7391.1,22301.3,,206.27
1165051000,2025-07,41780.34,77873.21,,349.75
1165052000,2025-07,41780.34,77873.21,,349.75
1165053000,2025-07,40903.68,73974.37,,505.58
1165053100,2025-07,41780.34,77873.21,,349.75
1165054000,2025-07,90091.58,117940.97,,614.0
1165055000,2025-07,82263.64,130191.25,,218.75
1165056000,2025-07,82263.64,130191.25,,218.75
1165057000,2025-07,82263.64,130191.25,,218.75
1165058000,2025-07,90091.58,117940.97,,614.0
1165058100,2025-07,82263.64,130191.25,,218.75
1165059000,2025-07,38936.12,65486.89,,155.83
1165060000,2025-07,38936.12,65486.89,,155.83
1165061000,2025-07,38936.12,65486.89,,155.83
1165062000,2025-07,38936.12,65486.89,,155.83
1165062100,2025-07,38936.12,65486.89,,155.83
1165065100,2025-07,24936.27,41890.98,,537.5
1165065200,2025-07,19233.62,36435.68,,284.5
1165066000,2025-07,42788.72,63778.45,,166.0
1168051000,2025-07,56869.92,89660.06,,178.0
1168052100,2025-07,15982.29,46491.12,,309.5
1168053100,2025-07,15982.29,46491.12,,309.5
1168054500,2025-07,56869.92,89660.06,,178.0
1168056500,2025-07,49954.46,86783.46,,268.0
1168058000,2025-07,43134.28,81914.57,,225.5
1168059000,2025-07,43134.28,81914.57,,225.5
1168060000,2025-07,60300.66,92338.77,,170.8
1168061000,2025-07,60300.66,92338.77,,170.8
1168063000,2025-07,60300.66,92338.77,,170.8
1168064000,2025-07,21204.33,52484.15,,649.5
1168065000,2025-07,21204.33,52484.15,,649.5
1168065500,2025-07,62568.13,92651.78,,244.0
1168065600,2025-07,62568.13,92651.78,,244.0
1168066000,2025-07,54018.64,73205.03,,153.6
1168067000,2025-07,54012.64,72817.79,,237.0
1168067500,2025-07,56646.27,80246.98,,407.8
1168069000,2025-07,54018.64,73205.03,,153.6
1168070000,2025-07,31577.61,57685.68,,522.0
1168072000,2025-07,46523.62,62450.58,,158.07
1168073000,2025-07,46523.62,62450.58,,158.07
1168074000,2025-07,56646.27,80246.98,,407.8
1168075000,2025-07,38170.98,52173.39,,74.67
1171051000,2025-07,23167.13,37978.52,,134.0
1171052000,2025-07,23167.13,37978.52,,134.0
1171053100,2025-07,27423.27,42511.36,,142.67
1171053200,2025-07,27423.27,42511.36,,142.67
1171054000,2025-07,11172.81,21420.06,,126.0
1171055000,2025-07,11172.81,21420.06,,126.0
1171056100,2025-07,21495.01,43254.07,,297.0
1171056200,2025-07,21495.01,43254.07,,297.0
1171056600,2025-07,21495.01,43254.07,,297.0
1171057000,2025-07,29415.42,40991.67,,274.0
1171058000,2025-07,20416.04,37100.83,,286.5
1171059000,2025-07,20416.04,37100.83,,286.5
1171060000,2025-07,14055.33,28385.89,,572.0
1171061000,2025-07,14986.97,26054.91,,513.0
1171062000,2025-07,32212.25,62638.8,,338.67
1171063100,2025-07,32212.25,62638.8,,338.67
1171063200,2025-07,32212.25,62638.8,,338.67
1171064100,2025-07,20300.55,43171.28,,395.33
1171064200,2025-07,26262.74,51600.38,,490.0
1171064600,2025-07,26262.74,51600.38,,490.0
1171064700,2025-07,36891.77,54272.48,,237.33
1171065000,2025-07,45042.8,76219.48,,280.5
1171067000,2025-07,45042.8,76219.48,,280.5
1171068000,2025-07,45042.8,76219.48,,280.5
1171069000,2025-07,72893.27,87048.81,,146.0
1171071000,2025-07,72893.27,87048.81,,146.0
1171072000,2025-07,45042.8,76219.48,,280.5
1174051500,2025-07,20986.8,39255.37,,485.5
1174052000,2025-07,41540.72,61882.84,,92.5
1174052500,2025-07,41540.72,61882.84,,92.5
1174052600,2025-07,41540.72,61882.84,,92.5
1174053000,2025-07,35259.53,47848.18,,252.5
1174054000,2025-07,35259.53,47848.18,,252.5
1174055000,2025-07,39408.56,54991.97,,198.0
1174056000,2025-07,39408.56,54991.97,,198.0
1174057000,2025-07,24820.4,40484.89,,206.67
1174058000,2025-07,24820.4,40484.89,,206.67
1174059000,2025-07,24820.4,40484.89,,206.67
1174060000,2025-07,15902.71,32005.95,,384.33
1174061000,2025-07,15902.71,32005.95,,384.33
1174062000,2025-07,15902.71,32005.95,,384.33
1174064000,2025-07,16976.72,33663.17,,287.33
1174065000,2025-07,16976.72,33663.17,,287.33
1174066000,2025-07,16976.72,33663.17,,287.33
1174068500,2025-07,11202.72,31340.44,,524.0
1174069000,2025-07,29927.85,42262.19,,129.0
1174070000,2025-07,29927.85,42262.19,,129.0
1111051500,2025-08,22290.32,41242.42,,93.0
1111053000,2025-08,20754.28,55918.52,,116.0
1111054000,2025-08,7900.0,21000.0,,10.0
1111055000,2025-08,9324.68,31347.06,,77.0
1111056000,2025-08,29500.0,50419.35,,66.0
1111057000,2025-08,55916.67,84464.29,,30.0
1111058000,2025-08,44642.12,76371.58,,136.0
1111060000,2025-08,20966.67,52900.0,,9.0
1111061500,2025-08,11237.74,35800.0,,53.0
1111063000,2025-08,6417.16,20139.29,,67.0
1111064000,2025-08,4572.92,17688.89,,83.0
1111065000,2025-08,4187.51,34754.19,,410.0
1111067000,2025-08,12144.44,26445.24,,39.0
1111068000,2025-08,12144.44,26445.24,,39.0
1111069000,2025-08,12144.44,26445.24,,39.0
1111070000,2025-08,7086.02,22786.67,,167.0
1111071000,2025-08,7086.02,22786.67,,167.0
1114052000,2025-08,9779.41,29550.0,,34.0
1114054000,2025-08,19349.44,46755.0,,36.0
1114055000,2025-08,16118.41,46036.67,,34.5
1114057000,2025-08,8103.8,29591.27,,90.5
1114058000,2025-08,4457.82,26494.83,,60.0
1114059000,2025-08,6789.49,32369.23,,99.0
1114060500,2025-08,33233.79,50396.82,,78.0
1114061000,2025-08,18204.6,44723.36,,80.05
1114061500,2025-08,18204.6,44723.36,,80.05
1114062000,2025-08,21853.01,44826.06,,55.55
1114062500,2025-08,21853.01,44826.06,,55.55
1114063000,2025-08,21853.01,44826.06,,55.55
1114063500,2025-08,21853.01,44826.06,,55.55
1114064000,2025-08,21853.01,44826.06,,55.55
1114064500,2025-08,21853.01,44826.06,,55.55
1114065000,2025-08,21853.01,44826.06,,55.55
1114066000,2025-08,21853.01,44826.06,,55.55
1114066500,2025-08,21853.01,44826.06,,55.55
1114067000,2025-08,21137.8,35555.42,,268.0
1114068000,2025-08,29654.91,43295.37,,254.0
1117051000,2025-08,14115.47,24083.66,,223.0
1117052000,2025-08,8102.5,15200.0,,80.0
1117053000,2025-08,12487.69,25983.33,,65.0
1117055500,2025-08,11804.08,23197.87,,338.0
1117056000,2025-08,30483.34,46174.43,,322.0
1117057000,2025-08,24026.9,32086.13,,131.0
1117058000,2025-08,29124.91,38987.35,,151.0
1117059000,2025-08,25794.96,31147.62,,119.0
1117062500,2025-08,43052.67,69742.45,,308.0
1117063000,2025-08,50533.03,69142.17,,144.5
1117064000,2025-08,50533.03,69142.17,,144.5
1117065000,2025-08,13219.91,39408.33,,111.5
1117066000,2025-08,13219.91,39408.33,,111.5
1117068500,2025-08,47116.77,117052.0,,130.0
1117069000,2025-08,31824.75,55741.94,,61.0
1117070000,2025-08,16720.31,25844.53,,51.0
1120052000,2025-08,41959.21,63537.89,,170.0
1120053500,2025-08,30153.94,50282.17,,336.0
1120054000,2025-08,11807.88,38823.58,,358.0
1120055000,2025-08,27081.33,60942.66,,289.33
1120056000,2025-08,37540.81,67045.79,,194.33
1120057000,2025-08,37540.81,67045.79,,194.33
1120058000,2025-08,40404.46,49225.0,,112.0
1120059000,2025-08,44255.28,63506.94,,123.0
1120061500,2025-08,34103.82,51692.05,,170.0
1120062000,2025-08,47176.36,65699.36,,129.0
1120064500,2025-08,52886.29,76203.58,,258.0
1120065000,2025-08,35807.57,66059.07,,214.0
1120066000,2025-08,35807.57,66059.07,,214.0
1120067000,2025-08,24218.04,45279.31,,121.0
1120069000,2025-08,24218.04,45279.31,,121.0
1120072000,2025-08,9132.64,28538.89,,72.0
1120079000,2025-08,13000.9,29743.12,,373.0
1121571000,2025-08,3362.86,21960.91,,752.0
1121573000,2025-08,6566.4,22067.05,,433.0
1121574000,2025-08,9844.24,21265.42,,225.5
1121575000,2025-08,9844.24,21265.42,,225.5
1121576000,2025-08,9844.24,21265.42,,225.5
1121577000,2025-08,9844.24,21265.42,,225.5
1121578000,2025-08,9739.75,21922.99,,236.0
1121581000,2025-08,50842.92,63411.27,,157.0
1121582000,2025-08,21308.61,43020.9,,313.5
1121583000,2025-08,21308.61,43020.9,,313.5
1121584000,2025-08,21308.61,43020.9,,313.5
1121584700,2025-08,21308.61,43020.9,,313.5
1121585000,2025-08,17766.0,40842.33,,275.67
1121586000,2025-08,17766.0,40842.33,,275.67
1121587000,2025-08,17766.0,40842.33,,275.67
1123053600,2025-08,16785.42,37841.8,,629.0
1123054500,2025-08,6122.29,25755.11,,367.0
1123056000,2025-08,27114.07,46234.57,,185.67
1123057000,2025-08,27114.07,46234.57,,185.67
1123060000,2025-08,23846.85,44744.67,,487.17
1123061000,2025-08,21834.87,43666.26,,301.5
1123065000,2025-08,13426.72,33346.63,,316.0
1123066000,2025-08,13426.72,33346.63,,316.0
1123070500,2025-08,11833.8,30566.86,,158.0
1123071000,2025-08,3520.95,30900.0,,253.0
1123072000,2025-08,9790.41,34788.6,,413.5
1123073000,2025-08,9790.41,34788.6,,413.5
1123074000,2025-08,8300.03,30483.63,,229.5
1123075000,2025-08,8300.03,30483.63,,229.5
1126052000,2025-08,13080.14,26047.34,,166.83
1126054000,2025-08,13080.14,26047.34,,166.83
1126055000,2025-08,13080.14,26047.34,,166.83
1126056500,2025-08,13080.14,26047.34,,166.83
1126057000,2025-08,13080.14,26047.34,,166.83
1126057500,2025-08,13080.14,26047.34,,166.83
1126058000,2025-08,14051.85,26571.0,,221.5
1126059000,2025-08,14051.85,26571.0,,221.5
1126060000,2025-08,18757.29,38057.18,,218.0
1126061000,2025-08,18757.29,38057.18,,218.0
1126062000,2025-08,14316.99,31404.59,,159.0
1126063000,2025-08,14316.99,31404.59,,159.0
1126065500,2025-08,12937.35,25987.42,,176.5
1126066000,2025-08,12937.35,25987.42,,176.5
1126068000,2025-08,20137.7,30262.54,,144.5
1126069000,2025-08,20137.7,30262.54,,144.5
1129052500,2025-08,14854.74,28132.69,,137.0
1129055500,2025-08,15840.42,38189.58,,177.5
1129057500,2025-08,11016.74,31005.14,,233.5
1129058000,2025-08,37011.03,46425.38,,32.5
1129059000,2025-08,37011.03,46425.38,,32.5
1129060000,2025-08,6391.36,24947.06,,220.0
1129061000,2025-08,19490.41,41203.23,,166.0
1129062000,2025-08,26349.23,43330.52,,232.42
1129063000,2025-08,19984.34,36749.97,,136.75
1129064000,2025-08,14676.25,31292.05,,104.25
1129065000,2025-08,14676.25,31292.05,,104.25
1129066000,2025-08,35447.48,50541.54,,95.67
1129068500,2025-08,27450.64,47222.24,,170.67
1129070500,2025-08,15147.88,37721.05,,255.0
1129071500,2025-08,17250.22,39628.77,,75.0
1129072500,2025-08,16253.46,38514.43,,106.0
1129076000,2025-08,20085.01,29493.43,,133.0
1129077000,2025-08,20085.01,29493.43,,133.0
1129078000,2025-08,20085.01,29493.43,,133.0
1129081000,2025-08,15382.51,30210.09,,261.0
1130553400,2025-08,14125.42,28351.75,,148.8
1130553500,2025-08,14125.42,28351.75,,148.8
1130554500,2025-08,14125.42,28351.75,,148.8
1130555500,2025-08,14125.42,28351.75,,148.8
1130557500,2025-08,14125.42,28351.75,,148.8
1130559000,2025-08,7047.49,16504.69,,54.5
1130559500,2025-08,7047.49,16504.69,,54.5
1130560000,2025-08,7047.49,16504.69,,54.5
1130560300,2025-08,7047.49,16504.69,,54.5
1130560600,2025-08,7047.49,16504.69,,54.5
1130560800,2025-08,7047.49,16504.69,,54.5
1130561000,2025-08,4912.63,16987.25,,107.12
1130561500,2025-08,4912.63,16987.25,,107.12
1130562000,2025-08,4912.63,16987.25,,107.12
1130562500,2025-08,4912.63,16987.25,,107.12
1130563000,2025-08,4912.63,16987.25,,107.12
1130563500,2025-08,4912.63,16987.25,,107.12
1130564500,2025-08,5960.94,17601.14,,157.12
1130566000,2025-08,4912.63,16987.25,,107.12
1132051100,2025-08,15681.79,26624.54,,160.0
1132051200,2025-08,15681.79,26624.54,,160.0
1132051300,2025-08,15681.79,26624.54,,160.0
1132051400,2025-08,15681.79,26624.54,,160.0
1132051500,2025-08,15681.79,26624.54,,160.0
1132052100,2025-08,10757.46,24165.11,,122.0
1132052200,2025-08,10757.46,24165.11,,122.0
1132066000,2025-08,12284.66,23444.24,,71.75
1132067000,2025-08,12284.66,23444.24,,71.75
1132068000,2025-08,12284.66,23444.24,,71.75
1132068100,2025-08,12284.66,23444.24,,71.75
1132069000,2025-08,40830.55,66490.8,,187.67
1132070000,2025-08,40830.55,66490.8,,187.67
1132071000,2025-08,40830.55,66490.8,,187.67
1135056000,2025-08,16659.21,26780.01,,161.0
1135057000,2025-08,16659.21,26780.01,,161.0
1135058000,2025-08,16659.21,26780.01,,161.0
1135059500,2025-08,10058.29,32287.14,,310.5
1135060000,2025-08,10058.29,32287.14,,310.5
1135061100,2025-08,25907.08,35971.67,,167.0
1135061200,2025-08,25907.08,35971.67,,167.0
1135061900,2025-08,25403.52,35154.14,,138.0
1135062100,2025-08,25403.52,35154.14,,138.0
1135062400,2025-08,20151.88,30438.39,,323.56
1135062500,2025-08,25403.52,35154.14,,138.0
1135063000,2025-08,16246.17,26348.06,,185.56
1135064000,2025-08,16246.17,26348.06,,185.56
1135066500,2025-08,16246.17,26348.06,,185.56
1135067000,2025-08,16246.17,26348.06,,185.56
1135069500,2025-08,16246.17,26348.06,,185.56
1135070000,2025-08,16246.17,26348.06,,185.56
1135071000,2025-08,16246.17,26348.06,,185.56
1135072000,2025-08,16246.17,26348.06,,185.56
1138051000,2025-08,18046.64,31230.62,,289.0
1138052000,2025-08,16684.26,26806.78,,263.0
1138053000,2025-08,16684.26,26806.78,,263.0
1138055100,2025-08,12885.43,21611.37,,132.5
1138055200,2025-08,12885.43,21611.37,,132.5
1138056000,2025-08,12921.8,25919.13,,128.0
1138057000,2025-08,8329.28,19987.9,,391.0
1138058000,2025-08,21569.84,38349.77,,236.0
1138059000,2025-08,21569.84,38349.77,,236.0
1138060000,2025-08,21569.84,38349.77,,236.0
1138062500,2025-08,10011.32,20597.77,,296.0
1138063100,2025-08,13941.69,25173.11,,132.0
1138063200,2025-08,13941.69,25173.11,,132.0
1138064000,2025-08,27025.32,38250.0,,79.0
1138065000,2025-08,36540.26,48298.42,,153.0
1138069000,2025-08,24118.11,44872.96,,552.0
1141052000,2025-08,30870.44,52353.43,,133.0
1141055500,2025-08,19578.52,45729.07,,257.0
1141056500,2025-08,22121.82,43685.07,,253.5
1141058500,2025-08,3613.21,26241.51,,703.5
1141061500,2025-08,5824.53,29851.04,,624.0
1141062000,2025-08,26756.7,39660.67,,103.0
1141064000,2025-08,26756.7,39660.67,,103.0
1141065500,2025-08,26756.7,39660.67,,103.0
1141066000,2025-08,17826.48,34743.75,,143.5
1141068500,2025-08,17826.48,34743.75,,143.5
1141069000,2025-08,25215.19,58795.66,,186.5
1141070000,2025-08,25215.19,58795.66,,186.5
1141071000,2025-08,20037.33,36818.57,,147.0
1141072000,2025-08,20037.33,36818.57,,147.0
1144055500,2025-08,38336.83,62574.26,,328.0
1144056500,2025-08,34701.92,58304.35,,462.33
1144058500,2025-08,24324.48,44641.12,,110.33
1144059000,2025-08,35431.03,57532.84,,357.67
1144060000,2025-08,20248.56,55589.32,,281.83
1144061000,2025-08,32850.89,54634.15,,190.0
1144063000,2025-08,35157.55,65547.14,,232.83
1144065500,2025-08,23715.26,49492.44,,296.5
1144066000,2025-08,8773.44,32850.96,,467.5
1144068000,2025-08,15510.83,30501.54,,264.0
1144069000,2025-08,16652.73,34880.96,,203.5
1144070000,2025-08,16652.73,34880.96,,203.5
1144071000,2025-08,7616.79,25162.5,,224.0
1144072000,2025-08,12724.28,29932.29,,363.5
1144073000,2025-08,15559.56,33478.06,,423.5
1144074000,2025-08,18585.88,46598.67,,383.0
1147051000,2025-08,34339.95,54861.8,,229.0
1147052000,2025-08,34339.95,54861.8,,229.0
1147053000,2025-08,34339.95,54861.8,,229.0
1147054000,2025-08,34339.95,54861.8,,229.0
1147055000,2025-08,34339.95,54861.8,,229.0
1147056000,2025-08,16710.78,30107.23,,86.0
1147057000,2025-08,16710.78,30107.23,,86.0
1147058000,2025-08,16710.78,30107.23,,86.0
1147059000,2025-08,16710.78,30107.23,,86.0
1147060000,2025-08,16710.78,30107.23,,86.0
1147061000,2025-08,16710.78,30107.23,,86.0
1147061100,2025-08,16710.78,30107.23,,86.0
1147062000,2025-08,24834.66,33623.29,,310.33
1147063000,2025-08,24834.66,33623.29,,310.33
1147064000,2025-08,24834.66,33623.29,,310.33
1147065000,2025-08,24834.66,33623.29,,310.33
1147067000,2025-08,24834.66,33623.29,,310.33
1147068000,2025-08,24834.66,33623.29,,310.33
1150051000,2025-08,25062.18,40139.74,,291.25
1150052000,2025-08,19969.08,33054.8,,192.75
1150053000,2025-08,19969.08,33054.8,,192.75
1150053500,2025-08,19969.08,33054.8,,192.75
1150054000,2025-08,12721.86,25596.03,,256.62
1150055000,2025-08,12721.86,25596.03,,256.62
1150056000,2025-08,12721.86,25596.03,,256.62
1150057000,2025-08,12721.86,25596.03,,256.62
1150059000,2025-08,12721.86,25596.03,,256.62
1150059100,2025-08,12721.86,25596.03,,256.62
1150059300,2025-08,12721.86,25596.03,,256.62
1150060300,2025-08,19341.15,36846.65,,565.6
1150060400,2025-08,22973.03,34043.85,,103.25
1150060500,2025-08,25062.18,40139.74,,291.25
1150061100,2025-08,21484.71,44077.52,,480.1
1150061500,2025-08,19139.72,36433.83,,461.12
1150062000,2025-08,15043.75,33464.57,,487.85
1150063000,2025-08,15043.75,33464.57,,487.85
1150064000,2025-08,14041.58,28377.7,,126.75
1150064100,2025-08,16541.66,37248.01,,392.35
1153051000,2025-08,31916.77,48569.18,,285.0
1153052000,2025-08,12422.5,29436.42,,264.2
1153053000,2025-08,12422.5,29436.42,,264.2
1153054000,2025-08,12422.5,29436.42,,264.2
1153055000,2025-08,12422.5,29436.42,,264.2
1153056000,2025-08,12422.5,29436.42,,264.2
1153059500,2025-08,4093.63,15169.23,,167.0
1153072000,2025-08,16708.42,29144.64,,156.0
1153073000,2025-08,16708.42,29144.64,,156.0
1153074000,2025-08,14727.2,30663.82,,142.33
1153075000,2025-08,14727.2,30663.82,,142.33
1153076000,2025-08,14727.2,30663.82,,142.33
1153077000,2025-08,9631.3,22429.94,,207.5
1153078000,2025-08,14415.13,24327.23,,607.0
1153079000,2025-08,11413.43,20220.0,,105.0
1153080000,2025-08,25674.29,44112.5,,52.5
1154551000,2025-08,8316.56,21565.67,,786.0
1154561000,2025-08,11264.81,24318.1,,309.25
1154562000,2025-08,11264.81,24318.1,,309.25
1154563000,2025-08,11264.81,24318.1,,309.25
1154564000,2025-08,11264.81,24318.1,,309.25
1154567000,2025-08,12199.88,22204.49,,113.0
1154568000,2025-08,12199.88,22204.49,,113.0
1154569000,2025-08,12199.88,22204.49,,113.0
1154570000,2025-08,12199.88,22204.49,,113.0
1154571000,2025-08,12199.88,22204.49,,113.0
1156051500,2025-08,23321.75,40309.53,,160.0
1156053500,2025-08,15212.77,30882.86,,888.0
1156054000,2025-08,40625.86,56607.2,,393.0
1156055000,2025-08,19086.09,34585.07,,344.0
1156056000,2025-08,21319.87,42940.62,,538.0
1156058500,2025-08,17217.86,36355.33,,194.0
1156060500,2025-08,34468.72,49393.16,,230.0
1156061000,2025-08,24239.06,36077.53,,224.0
1156062000,2025-08,22753.94,36050.5,,350.0
1156063000,2025-08,21002.74,37839.78,,120.0
1156065000,2025-08,21002.74,37839.78,,120.0
1156066000,2025-08,21002.74,37839.78,,120.0
1156067000,2025-08,15686.07,35772.27,,259.5
1156068000,2025-08,21002.74,37839.78,,120.0
1156069000,2025-08,21002.74,37839.78,,120.0
1156070000,2025-08,11112.59,32744.37,,139.5
1156071000,2025-08,11112.59,32744.37,,139.5
1156072000,2025-08,11112.59,32744.37,,139.5
1159051000,2025-08,22084.4,46640.66,,338.0
1159052000,2025-08,14885.92,40469.59,,241.0
1159053000,2025-08,13821.94,42430.98,,517.75
1159054000,2025-08,20287.23,46155.99,,297.75
1159055000,2025-08,20287.23,46155.99,,297.75
1159056000,2025-08,20287.23,46155.99,,297.75
1159060500,2025-08,34751.14,72464.62,,357.0
1159062000,2025-08,20717.64,43088.94,,234.4
1159063000,2025-08,25704.3,51273.02,,264.4
1159064000,2025-08,20717.64,43088.94,,234.4
1159065000,2025-08,20717.64,43088.94,,234.4
1159065100,2025-08,20717.64,43088.94,,234.4
1159066000,2025-08,19401.26,45634.63,,338.0
1159067000,2025-08,19696.81,44553.81,,236.0
1159068000,2025-08,19696.81,44553.81,,236.0
1162052500,2025-08,12372.5,36775.93,,276.33
1162054500,2025-08,12372.5,36775.93,,276.33
1162056500,2025-08,12372.5,36775.93,,276.33
1162057500,2025-08,12372.5,36775.93,,276.33
1162058500,2025-08,12372.5,36775.93,,276.33
1162059500,2025-08,12372.5,36775.93,,276.33
1162060500,2025-08,12372.5,36775.93,,276.33
1162061500,2025-08,12372.5,36775.93,,276.33
1162062500,2025-08,12372.5,36775.93,,276.33
1162063000,2025-08,12250.4,34706.83,,200.0
1162064500,2025-08,7440.92,22417.8,,212.91
1162065500,2025-08,7440.92,22417.8,,212.91
1162066500,2025-08,7440.92,22417.8,,212.91
1162068500,2025-08,7440.92,22417.8,,212.91
1162069500,2025-08,7440.92,22417.8,,212.91
1162071500,2025-08,7440.92,22417.8,,212.91
1162072500,2025-08,7440.92,22417.8,,212.91
1162073500,2025-08,7440.92,22417.8,,212.91
1162074500,2025-08,7440.92,22417.8,,212.91
1162076500,2025-08,7440.92,22417.8,,212.91
1162077500,2025-08,7440.92,22417.8,,212.91
1165051000,2025-08,42289.49,76935.74,,293.5
1165052000,2025-08,42289.49,76935.74,,293.5
1165053000,2025-08,41079.66,69701.73,,430.67
1165053100,2025-08,42289.49,76935.74,,293.5
1165054000,2025-08,77759.26,115103.35,,545.5
1165055000,2025-08,76750.59,111084.21,,283.25
1165056000,2025-08,76750.59,111084.21,,283.25
1165057000,2025-08,76750.59,111084.21,,283.25
1165058000,2025-08,77759.26,115103.35,,545.5
1165058100,2025-08,76750.59,111084.21,,283.25
1165059000,2025-08,38490.95,57173.01,,137.17
1165060000,2025-08,38490.95,57173.01,,137.17
1165061000,2025-08,38490.95,57173.01,,137.17
1165062000,2025-08,38490.95,57173.01,,137.17
1165062100,2025-08,38490.95,57173.01,,137.17
1165065100,2025-08,28885.02,46369.04,,486.5
1165065200,2025-08,22066.94,37046.02,,241.5
1165066000,2025-08,22647.2,32931.69,,657.0
1168051000,2025-08,60688.91,102145.53,,161.0
1168052100,2025-08,15803.13,42036.04,,313.0
1168053100,2025-08,15803.13,42036.04,,313.0
1168054500,2025-08,60688.91,102145.53,,161.0
1168056500,2025-08,37375.44,81623.41,,230.0
1168058000,2025-08,38099.92,82740.86,,232.5
1168059000,2025-08,38099.92,82740.86,,232.5
1168060000,2025-08,55515.0,92734.23,,151.8
1168061000,2025-08,55515.0,92734.23,,151.8
1168063000,2025-08,55515.0,92734.23,,151.8
1168064000,2025-08,23140.84,53784.06,,571.5
1168065000,2025-08,23140.84,53784.06,,571.5
1168065500,2025-08,68263.75,103436.79,,185.5
1168065600,2025-08,68263.75,103436.79,,185.5
1168066000,2025-08,45612.0,73553.06,,169.8
1168067000,2025-08,49239.87,77616.45,,246.8
1168067500,2025-08,51629.65,82947.75,,398.6
1168069000,2025-08,45612.0,73553.06,,169.8
1168070000,2025-08,24601.99,37174.6,,748.0
1168072000,2025-08,44249.63,62140.39,,157.67
1168073000,2025-08,44249.63,62140.39,,157.67
1168074000,2025-08,51629.65,82947.75,,398.6
1168075000,2025-08,31849.7,43700.73,,80.67
1171051000,2025-08,22506.62,43305.88,,144.5
1171052000,2025-08,22506.62,43305.88,,144.5
1171053100,2025-08,29748.23,48307.85,,128.67
1171053200,2025-08,29748.23,48307.85,,128.67
1171054000,2025-08,14801.75,23783.98,,119.0
1171055000,2025-08,14801.75,23783.98,,119.0
1171056100,2025-08,22708.79,44273.47,,265.0
1171056200,2025-08,22708.79,44273.47,,265.0
1171056600,2025-08,22708.79,44273.47,,265.0
1171057000,2025-08,25364.93,42466.97,,236.0
1171058000,2025-08,17854.01,37453.97,,261.0
1171059000,2025-08,17854.01,37453.97,,261.0
1171060000,2025-08,13586.0,31724.3,,612.0
1171061000,2025-08,15839.06,27545.31,,555.0
1171062000,2025-08,36229.02,58050.66,,258.33
1171063100,2025-08,36229.02,58050.66,,258.33
1171063200,2025-08,36229.02,58050.66,,258.33
1171064100,2025-08,21487.22,44582.23,,363.0
1171064200,2025-08,27272.47,50817.91,,440.67
1171064600,2025-08,27272.47,50817.91,,440.67
1171064700,2025-08,38994.24,54867.72,,206.33
1171065000,2025-08,39346.94,70598.17,,258.0
1171067000,2025-08,39346.94,70598.17,,258.0
1171068000,2025-08,39346.94,70598.17,,258.0
1171069000,2025-08,58160.78,83497.48,,100.5
1171071000,2025-08,58160.78,83497.48,,100.5
1171072000,2025-08,39346.94,70598.17,,258.0
1174051500,2025-08,20642.1,36249.17,,561.25
1174052000,2025-08,40589.84,62355.97,,73.25
1174052500,2025-08,40589.84,62355.97,,73.25
1174052600,2025-08,40589.84,62355.97,,73.25
1174053000,2025-08,32600.23,47031.29,,200.0
1174054000,2025-08,32600.23,47031.29,,200.0
1174055000,2025-08,46356.16,64923.49,,243.5
1174056000,2025-08,46356.16,64923.49,,243.5
1174057000,2025-08,22502.77,39182.38,,158.67
1174058000,2025-08,22502.77,39182.38,,158.67
1174059000,2025-08,22502.77,39182.38,,158.67
1174060000,2025-08,13540.46,28583.48,,360.0
1174061000,2025-08,13540.46,28583.48,,360.0
1174062000,2025-08,13540.46,28583.48,,360.0
1174064000,2025-08,16566.26,34011.92,,274.33
1174065000,2025-08,16566.26,34011.92,,274.33
1174066000,2025-08,16566.26,34011.92,,274.33
1174068500,2025-08,13621.81,32730.63,,527.0
1174069000,2025-08,30695.51,46373.64,,103.0
1174070000,2025-08,30695.51,46373.64,,103.0
1111051500,2025-09,20315.38,43247.62,,78.0
1111053000,2025-09,19331.37,54969.23,,102.0
1111054000,2025-09,19333.33,48000.0,,6.0
1111055000,2025-09,17240.43,33118.75,,47.0
1111056000,2025-09,25858.62,47069.57,,58.0
1111057000,2025-09,42357.45,68453.33,,47.0
1111058000,2025-09,26806.7,75070.53,,183.0
1111060000,2025-09,9845.83,33000.0,,24.0
1111061500,2025-09,10800.0,35000.0,,47.0
1111063000,2025-09,6896.67,24682.85,,176.0
1111064000,2025-09,12728.7,31323.33,,54.0
1111065000,2025-09,9731.93,31957.14,,119.0
1111067000,2025-09,14739.97,28947.13,,33.0
1111068000,2025-09,14739.97,28947.13,,33.0
1111069000,2025-09,14739.97,28947.13,,33.0
1111070000,2025-09,10055.0,28172.0,,121.5
1111071000,2025-09,10055.0,28172.0,,121.5
1114052000,2025-09,31322.82,62934.38,,19.5
1114054000,2025-09,32019.04,72806.25,,36.5
1114055000,2025-09,21266.87,40729.47,,49.5
1114057000,2025-09,12553.33,24994.87,,52.5
1114058000,2025-09,5638.1,19980.0,,21.0
1114059000,2025-09,11284.66,28896.3,,116.0
1114060500,2025-09,30677.69,56688.0,,65.0
1114061000,2025-09,19609.21,46152.16,,69.82
1114061500,2025-09,19609.21,46152.16,,69.82
1114062000,2025-09,24995.29,43856.51,,47.82
1114062500,2025-09,24995.29,43856.51,,47.82
1114063000,2025-09,24995.29,43856.51,,47.82
1114063500,2025-09,24995.29,43856.51,,47.82
1114064000,2025-09,24995.29,43856.51,,47.82
1114064500,2025-09,24995.29,43856.51,,47.82
1114065000,2025-09,24995.29,43856.51,,47.82
1114066000,2025-09,24995.29,43856.51,,47.82
1114066500,2025-09,24995.29,43856.51,,47.82
1114067000,2025-09,21105.98,38445.73,,234.0
1114068000,2025-09,35100.89,49831.36,,195.0
1117051000,2025-09,17435.34,26759.83,,162.0
1117052000,2025-09,10345.74,17537.32,,93.0
1117053000,2025-09,10617.02,47076.92,,106.0
1117055500,2025-09,11997.9,22922.5,,326.0
1117056000,2025-09,31337.51,44707.07,,313.0
1117057000,2025-09,27368.18,31973.91,,132.0
1117058000,2025-09,34962.14,44251.07,,113.0
1117059000,2025-09,28367.5,36042.56,,141.0
1117062500,2025-09,40281.68,81861.72,,251.0
1117063000,2025-09,52220.99,70128.91,,144.0
1117064000,2025-09,52220.99,70128.91,,144.0
1117065000,2025-09,13299.73,31995.37,,92.0
1117066000,2025-09,13299.73,31995.37,,92.0
1117068500,2025-09,49584.23,78601.95,,137.0
1117069000,2025-09,31929.82,67694.14,,85.0
1117070000,2025-09,14967.71,23354.76,,48.0
1120052000,2025-09,44069.81,63903.39,,153.5
1120053500,2025-09,32994.99,58221.54,,280.5
1120054000,2025-09,15998.29,36709.33,,217.0
1120055000,2025-09,32248.55,61887.3,,182.67
1120056000,2025-09,39666.37,67968.07,,140.67
1120057000,2025-09,39666.37,67968.07,,140.67
1120058000,2025-09,36570.99,43742.67,,95.0
1120059000,2025-09,41519.04,66129.68,,123.0
1120061500,2025-09,38250.32,53523.51,,151.0
1120062000,2025-09,51043.87,70356.04,,91.0
1120064500,2025-09,54402.72,81629.36,,283.0
1120065000,2025-09,38527.07,63678.64,,165.5
1120066000,2025-09,38527.07,63678.64,,165.5
1120067000,2025-09,23285.87,37697.79,,114.5
1120069000,2025-09,23285.87,37697.79,,114.5
1120072000,2025-09,10764.74,22763.87,,48.5
1120079000,2025-09,19000.41,36516.35,,291.5
1121571000,2025-09,4790.61,19699.69,,476.0
1121573000,2025-09,6746.58,21656.86,,263.0
1121574000,2025-09,10224.77,20550.27,,205.0
1121575000,2025-09,10224.77,20550.27,,205.0
1121576000,2025-09,10224.77,20550.27,,205.0
1121577000,2025-09,10224.77,20550.27,,205.0
1121578000,2025-09,12155.03,23631.75,,195.0
1121581000,2025-09,53803.4,66861.81,,191.0
1121582000,2025-09,24351.23,42525.47,,282.5
1121583000,2025-09,24351.23,42525.47,,282.5
1121584000,2025-09,24351.23,42525.47,,282.5
1121584700,2025-09,24351.23,42525.47,,282.5
1121585000,2025-09,19290.46,39292.07,,274.67
1121586000,2025-09,19290.46,39292.07,,274.67
1121587000,2025-09,19290.46,39292.07,,274.67
1123053600,2025-09,18320.39,39602.38,,473.0
1123054500,2025-09,10465.34,26376.92,,176.0
1123056000,2025-09,28715.7,49431.66,,139.0
1123057000,2025-09,28715.7,49431.66,,139.0
1123060000,2025-09,26127.23,47762.97,,372.0
1123061000,2025-09,24583.03,46704.24,,233.0
1123065000,2025-09,15218.19,30992.38,,256.5
1123066000,2025-09,15218.19,30992.38,,256.5
1123070500,2025-09,16200.54,27529.55,,130.0
1123071000,2025-09,8899.09,37288.89,,88.0
1123072000,2025-09,16544.17,44583.02,,189.5
1123073000,2025-09,16544.17,44583.02,,189.5
1123074000,2025-09,16306.78,36800.96,,112.5
1123075000,2025-09,16306.78,36800.96,,112.5
1126052000,2025-09,13212.25,28573.63,,170.0
1126054000,2025-09,13212.25,28573.63,,170.0
1126055000,2025-09,13212.25,28573.63,,170.0
1126056500,2025-09,13212.25,28573.63,,170.0
1126057000,2025-09,13212.25,28573.63,,170.0
1126057500,2025-09,13212.25,28573.63,,170.0
1126058000,2025-09,16751.42,28975.54,,224.0
1126059000,2025-09,16751.42,28975.54,,224.0
1126060000,2025-09,17564.28,31365.0,,200.0
1126061000,2025-09,17564.28,31365.0,,200.0
1126062000,2025-09,16326.15,31845.51,,144.0
1126063000,2025-09,16326.15,31845.51,,144.0
1126065500,2025-09,32318.76,45540.28,,388.5
1126066000,2025-09,32318.76,45540.28,,388.5
1126068000,2025-09,19821.87,32069.4,,175.0
1126069000,2025-09,19821.87,32069.4,,175.0
1129052500,2025-09,18697.1,31635.59,,138.0
1129055500,2025-09,17196.55,34394.56,,162.0
1129057500,2025-09,12933.07,32019.91,,158.0
1129058000,2025-09,37088.35,46925.88,,28.0
1129059000,2025-09,37088.35,46925.88,,28.0
1129060000,2025-09,10722.31,33581.82,,78.0
1129061000,2025-09,12871.97,42271.33,,122.0
1129062000,2025-09,28010.1,43437.85,,245.33
1129063000,2025-09,21636.22,35919.47,,116.0
1129064000,2025-09,16719.64,30475.45,,88.0
1129065000,2025-09,16719.64,30475.45,,88.0
1129066000,2025-09,33726.87,49322.16,,129.33
1129068500,2025-09,30758.06,46836.4,,185.0
1129070500,2025-09,18328.34,33926.93,,174.0
1129071500,2025-09,23860.48,40635.96,,55.67
1129072500,2025-09,21564.51,35984.66,,88.67
1129076000,2025-09,23364.14,35358.39,,143.0
1129077000,2025-09,23364.14,35358.39,,143.0
1129078000,2025-09,23364.14,35358.39,,143.0
1129081000,2025-09,18989.78,30520.71,,269.0
1130553400,2025-09,13639.17,28903.23,,149.6
1130553500,2025-09,13639.17,28903.23,,149.6
1130554500,2025-09,13639.17,28903.23,,149.6
1130555500,2025-09,13639.17,28903.23,,149.6
1130557500,2025-09,13639.17,28903.23,,149.6
1130559000,2025-09,11628.1,19006.17,,45.83
1130559500,2025-09,11628.1,19006.17,,45.83
1130560000,2025-09,11628.1,19006.17,,45.83
1130560300,2025-09,11628.1,19006.17,,45.83
1130560600,2025-09,11628.1,19006.17,,45.83
1130560800,2025-09,11628.1,19006.17,,45.83
1130561000,2025-09,7090.29,15849.93,,74.0
1130561500,2025-09,7090.29,15849.93,,74.0
1130562000,2025-09,7090.29,15849.93,,74.0
1130562500,2025-09,7090.29,15849.93,,74.0
1130563000,2025-09,7090.29,15849.93,,74.0
1130563500,2025-09,7090.29,15849.93,,74.0
1130564500,2025-09,7133.29,16569.22,,130.0
1130566000,2025-09,7090.29,15849.93,,74.0
1132051100,2025-09,14383.3,25517.24,,153.0
1132051200,2025-09,14383.3,25517.24,,153.0
1132051300,2025-09,14383.3,25517.24,,153.0
1132051400,2025-09,14383.3,25517.24,,153.0
1132051500,2025-09,14383.3,25517.24,,153.0
1132052100,2025-09,12170.19,25245.49,,124.0
1132052200,2025-09,12170.19,25245.49,,124.0
1132066000,2025-09,14135.53,25150.7,,73.75
1132067000,2025-09,14135.53,25150.7,,73.75
1132068000,2025-09,14135.53,25150.7,,73.75
1132068100,2025-09,14135.53,25150.7,,73.75
1132069000,2025-09,34198.33,57434.06,,185.33
1132070000,2025-09,34198.33,57434.06,,185.33
1132071000,2025-09,34198.33,57434.06,,185.33
1135056000,2025-09,16181.71,28678.47,,170.33
1135057000,2025-09,16181.71,28678.47,,170.33
1135058000,2025-09,16181.71,28678.47,,170.33
1135059500,2025-09,14769.22,29959.69,,238.5
1135060000,2025-09,14769.22,29959.69,,238.5
1135061100,2025-09,19156.02,32084.39,,146.5
1135061200,2025-09,19156.02,32084.39,,146.5
1135061900,2025-09,27983.18,36744.23,,159.25
1135062100,2025-09,27983.18,36744.23,,159.25
1135062400,2025-09,21765.11,31215.09,,343.47
1135062500,2025-09,27983.18,36744.23,,159.25
1135063000,2025-09,16389.93,25655.06,,184.22
1135064000,2025-09,16389.93,25655.06,,184.22
1135066500,2025-09,16389.93,25655.06,,184.22
1135067000,2025-09,16389.93,25655.06,,184.22
1135069500,2025-09,16389.93,25655.06,,184.22
1135070000,2025-09,16389.93,25655.06,,184.22
1135071000,2025-09,16389.93,25655.06,,184.22
1135072000,2025-09,16389.93,25655.06,,184.22
1138051000,2025-09,21160.36,37133.31,,283.0
1138052000,2025-09,16313.69,26522.5,,275.5
1138053000,2025-09,16313.69,26522.5,,275.5
1138055100,2025-09,11635.22,18545.33,,123.5
1138055200,2025-09,11635.22,18545.33,,123.5
1138056000,2025-09,13398.73,25100.62,,100.0
1138057000,2025-09,9866.93,18673.72,,280.0
1138058000,2025-09,23475.72,41396.57,,197.0
1138059000,2025-09,23475.72,41396.57,,197.0
1138060000,2025-09,23475.72,41396.57,,197.0
1138062500,2025-09,11086.55,19201.31,,281.0
1138063100,2025-09,14821.52,26355.69,,111.0
1138063200,2025-09,14821.52,26355.69,,111.0
1138064000,2025-09,21244.77,33476.38,,60.0
1138065000,2025-09,39754.87,49417.68,,138.0
1138069000,2025-09,19740.08,40146.82,,468.0
1141052000,2025-09,28465.32,49700.0,,134.0
1141055500,2025-09,25425.76,47621.29,,156.0
1141056500,2025-09,21386.45,47013.66,,226.5
1141058500,2025-09,6062.71,29364.75,,314.5
1141061500,2025-09,8654.54,29705.25,,324.0
1141062000,2025-09,27697.72,37937.38,,106.0
1141064000,2025-09,27697.72,37937.38,,106.0
1141065500,2025-09,27697.72,37937.38,,106.0
1141066000,2025-09,18396.51,33669.42,,123.5
1141068500,2025-09,18396.51,33669.42,,123.5
1141069000,2025-09,38243.3,59873.31,,141.5
1141070000,2025-09,38243.3,59873.31,,141.5
1141071000,2025-09,19449.95,31518.57,,151.0
1141072000,2025-09,19449.95,31518.57,,151.0
1144055500,2025-09,36775.36,56099.38,,285.0
1144056500,2025-09,34308.59,55737.66,,483.33
1144058500,2025-09,27090.46,41945.96,,95.17
1144059000,2025-09,39745.46,60524.7,,279.5
1144060000,2025-09,30286.81,58721.74,,220.5
1144061000,2025-09,34479.42,50375.54,,139.0
1144063000,2025-09,45659.7,68544.32,,213.0
1144065500,2025-09,33986.02,67815.86,,239.0
1144066000,2025-09,12725.69,41942.44,,357.5
1144068000,2025-09,17083.52,29037.84,,233.0
1144069000,2025-09,14496.08,30952.1,,173.5
1144070000,2025-09,14496.08,30952.1,,173.5
1144071000,2025-09,7867.4,24555.17,,181.0
1144072000,2025-09,14192.2,31763.39,,337.0
1144073000,2025-09,15728.5,33841.54,,385.0
1144074000,2025-09,18625.71,42927.68,,400.0
1147051000,2025-09,34940.18,51883.06,,246.4
1147052000,2025-09,34940.18,51883.06,,246.4
1147053000,2025-09,34940.18,51883.06,,246.4
1147054000,2025-09,34940.18,51883.06,,246.4
1147055000,2025-09,34940.18,51883.06,,246.4
1147056000,2025-09,16846.59,27093.52,,83.29
1147057000,2025-09,16846.59,27093.52,,83.29
1147058000,2025-09,16846.59,27093.52,,83.29
1147059000,2025-09,16846.59,27093.52,,83.29
1147060000,2025-09,16846.59,27093.52,,83.29
1147061000,2025-09,16846.59,27093.52,,83.29
1147061100,2025-09,16846.59,27093.52,,83.29
1147062000,2025-09,28172.62,44206.65,,206.83
1147063000,2025-09,28172.62,44206.65,,206.83
1147064000,2025-09,28172.62,44206.65,,206.83
1147065000,2025-09,28172.62,44206.65,,206.83
1147067000,2025-09,28172.62,44206.65,,206.83
1147068000,2025-09,28172.62,44206.65,,206.83
1150051000,2025-09,25975.71,39355.64,,283.25
1150052000,2025-09,19203.36,33488.77,,198.0
1150053000,2025-09,19203.36,33488.77,,198.0
1150053500,2025-09,19203.36,33488.77,,198.0
1150054000,2025-09,12916.6,26218.79,,227.0
1150055000,2025-09,12916.6,26218.79,,227.0
1150056000,2025-09,12916.6,26218.79,,227.0
1150057000,2025-09,12916.6,26218.79,,227.0
1150059000,2025-09,12916.6,26218.79,,227.0
1150059100,2025-09,12916.6,26218.79,,227.0
1150059300,2025-09,12916.6,26218.79,,227.0
1150060300,2025-09,19877.57,37811.79,,527.55
1150060400,2025-09,22425.64,35551.11,,102.75
1150060500,2025-09,25975.71,39355.64,,283.25
1150061100,2025-09,21340.01,46711.84,,378.8
1150061500,2025-09,17606.81,36531.88,,375.0
1150062000,2025-09,16188.88,33721.9,,439.8
1150063000,2025-09,16188.88,33721.9,,439.8
1150064000,2025-09,15827.79,28509.39,,137.5
1150064100,2025-09,18071.38,37141.06,,356.3
1153051000,2025-09,27584.57,41323.21,,311.0
1153052000,2025-09,12636.27,28957.48,,207.4
1153053000,2025-09,12636.27,28957.48,,207.4
1153054000,2025-09,12636.27,28957.48,,207.4
1153055000,2025-09,12636.27,28957.48,,207.4
1153056000,2025-09,12636.27,28957.48,,207.4
1153059500,2025-09,5298.91,16513.64,,129.0
1153072000,2025-09,16379.26,27548.95,,121.0
1153073000,2025-09,16379.26,27548.95,,121.0
1153074000,2025-09,15683.02,30106.08,,134.33
1153075000,2025-09,15683.02,30106.08,,134.33
1153076000,2025-09,15683.02,30106.08,,134.33
1153077000,2025-09,10507.81,23653.53,,161.5
1153078000,2025-09,13359.83,21069.27,,613.5
1153079000,2025-09,12785.09,21940.42,,108.0
1153080000,2025-09,11225.46,41344.44,,132.0
1154551000,2025-09,7499.37,20562.3,,513.0
1154561000,2025-09,13225.08,27677.05,,280.75
1154562000,2025-09,13225.08,27677.05,,280.75
1154563000,2025-09,13225.08,27677.05,,280.75
1154564000,2025-09,13225.08,27677.05,,280.75
1154567000,2025-09,13204.17,23695.79,,102.6
1154568000,2025-09,13204.17,23695.79,,102.6
1154569000,2025-09,13204.17,23695.79,,102.6
1154570000,2025-09,13204.17,23695.79,,102.6
1154571000,2025-09,13204.17,23695.79,,102.6
1156051500,2025-09,23649.45,42306.72,,186.14
1156053500,2025-09,19011.01,34837.1,,907.0
1156054000,2025-09,35728.87,55879.61,,363.0
1156055000,2025-09,18732.91,31905.96,,299.0
1156056000,2025-09,25393.74,53089.17,,512.0
1156058500,2025-09,15591.94,38419.48,,214.0
1156060500,2025-09,40056.49,51651.41,,228.0
1156061000,2025-09,19612.33,35142.49,,231.5
1156062000,2025-09,22702.2,38485.24,,351.5
1156063000,2025-09,19482.42,39146.17,,112.14
1156065000,2025-09,19482.42,39146.17,,112.14
1156066000,2025-09,19482.42,39146.17,,112.14
1156067000,2025-09,14817.57,34526.15,,248.39
1156068000,2025-09,19482.42,39146.17,,112.14
1156069000,2025-09,19482.42,39146.17,,112.14
1156070000,2025-09,10978.1,29946.86,,136.25
1156071000,2025-09,10978.1,29946.86,,136.25
1156072000,2025-09,10978.1,29946.86,,136.25
1159051000,2025-09,21803.46,43458.74,,271.5
1159052000,2025-09,15470.54,39760.7,,194.5
1159053000,2025-09,18861.07,41128.06,,271.25
1159054000,2025-09,22586.5,44409.47,,206.25
1159055000,2025-09,22586.5,44409.47,,206.25
1159056000,2025-09,22586.5,44409.47,,206.25
1159060500,2025-09,49236.47,75596.7,,253.0
1159062000,2025-09,24611.85,44657.64,,214.4
1159063000,2025-09,30140.54,51543.19,,246.4
1159064000,2025-09,24611.85,44657.64,,214.4
1159065000,2025-09,24611.85,44657.64,,214.4
1159065100,2025-09,24611.85,44657.64,,214.4
1159066000,2025-09,23231.43,46551.32,,254.0
1159067000,2025-09,21105.47,43854.17,,196.5
1159068000,2025-09,21105.47,43854.17,,196.5
1162052500,2025-09,14858.1,36745.65,,229.33
1162054500,2025-09,14858.1,36745.65,,229.33
1162056500,2025-09,14858.1,36745.65,,229.33
1162057500,2025-09,14858.1,36745.65,,229.33
1162058500,2025-09,14858.1,36745.65,,229.33
1162059500,2025-09,14858.1,36745.65,,229.33
1162060500,2025-09,14858.1,36745.65,,229.33
1162061500,2025-09,14858.1,36745.65,,229.33
1162062500,2025-09,14858.1,36745.65,,229.33
1162063000,2025-09,13765.45,29622.82,,164.0
1162064500,2025-09,6651.19,23115.1,,177.09
1162065500,2025-09,6651.19,23115.1,,177.09
1162066500,2025-09,6651.19,23115.1,,177.09
1162068500,2025-09,6651.19,23115.1,,177.09
1162069500,2025-09,6651.19,23115.1,,177.09
1162071500,2025-09,6651.19,23115.1,,177.09
1162072500,2025-09,6651.19,23115.1,,177.09
1162073500,2025-09,6651.19,23115.1,,177.09
1162074500,2025-09,6651.19,23115.1,,177.09
1162076500,2025-09,6651.19,23115.1,,177.09
1162077500,2025-09,6651.19,23115.1,,177.09
1165051000,2025-09,43273.38,72925.9,,261.75
1165052000,2025-09,43273.38,72925.9,,261.75
1165053000,2025-09,41008.98,68832.51,,411.25
1165053100,2025-09,43273.38,72925.9,,261.75
1165054000,2025-09,69920.36,98166.83,,370.5
1165055000,2025-09,90460.62,128334.68,,235.25
1165056000,2025-09,90460.62,128334.68,,235.25
1165057000,2025-09,90460.62,128334.68,,235.25
1165058000,2025-09,69920.36,98166.83,,370.5
1165058100,2025-09,90460.62,128334.68,,235.25
1165059000,2025-09,37044.4,61556.58,,149.5
1165060000,2025-09,37044.4,61556.58,,149.5
1165061000,2025-09,37044.4,61556.58,,149.5
1165062000,2025-09,37044.4,61556.58,,149.5
1165062100,2025-09,37044.4,61556.58,,149.5
1165065100,2025-09,26854.25,43382.92,,401.5
1165065200,2025-09,23671.1,37613.69,,220.5
1165066000,2025-09,37931.11,57333.01,,144.0
1168051000,2025-09,51630.27,84357.74,,139.5
1168052100,2025-09,17951.31,40597.48,,275.0
1168053100,2025-09,17951.31,40597.48,,275.0
1168054500,2025-09,51630.27,84357.74,,139.5
1168056500,2025-09,44434.85,91020.99,,241.0
1168058000,2025-09,40555.56,88326.05,,211.0
1168059000,2025-09,40555.56,88326.05,,211.0
1168060000,2025-09,64783.74,92621.82,,149.8
1168061000,2025-09,64783.74,92621.82,,149.8
1168063000,2025-09,64783.74,92621.82,,149.8
1168064000,2025-09,20748.96,49157.18,,503.0
1168065000,2025-09,20748.96,49157.18,,503.0
1168065500,2025-09,79490.82,113867.4,,160.0
1168065600,2025-09,79490.82,113867.4,,160.0
1168066000,2025-09,57801.52,82011.39,,128.8
1168067000,2025-09,57478.93,82152.73,,203.2
1168067500,2025-09,60578.82,86513.85,,353.0
1168069000,2025-09,57801.52,82011.39,,128.8
1168070000,2025-09,34042.43,57915.33,,426.0
1168072000,2025-09,48580.72,66775.91,,138.07
1168073000,2025-09,48580.72,66775.91,,138.07
1168074000,2025-09,60578.82,86513.85,,353.0
1168075000,2025-09,38835.0,52082.72,,63.67
1171051000,2025-09,20573.8,41690.0,,131.5
1171052000,2025-09,20573.8,41690.0,,131.5
1171053100,2025-09,27795.68,43430.06,,134.0
1171053200,2025-09,27795.68,43430.06,,134.0
1171054000,2025-09,14117.19,23685.18,,106.0
1171055000,2025-09,14117.19,23685.18,,106.0
1171056100,2025-09,23428.9,45984.96,,257.0
1171056200,2025-09,23428.9,45984.96,,257.0
1171056600,2025-09,23428.9,45984.96,,257.0
1171057000,2025-09,32815.33,49576.12,,228.0
1171058000,2025-09,18501.22,37604.58,,221.5
1171059000,2025-09,18501.22,37604.58,,221.5
1171060000,2025-09,15471.84,32276.37,,596.0
1171061000,2025-09,14264.31,25759.63,,518.0
1171062000,2025-09,35308.02,64893.73,,212.0
1171063100,2025-09,35308.02,64893.73,,212.0
1171063200,2025-09,35308.02,64893.73,,212.0
1171064100,2025-09,21183.09,44352.28,,329.67
1171064200,2025-09,27020.56,51331.69,,414.0
1171064600,2025-09,27020.56,51331.69,,414.0
1171064700,2025-09,36310.43,52366.55,,218.33
1171065000,2025-09,47510.56,79885.45,,274.75
1171067000,2025-09,47510.56,79885.45,,274.75
1171068000,2025-09,47510.56,79885.45,,274.75
1171069000,2025-09,65776.53,83124.46,,121.0
1171071000,2025-09,65776.53,83124.46,,121.0
1171072000,2025-09,47510.56,79885.45,,274.75
1174051500,2025-09,21613.19,38419.92,,592.75
1174052000,2025-09,22665.53,64838.62,,155.75
1174052500,2025-09,22665.53,64838.62,,155.75
1174052600,2025-09,22665.53,64838.62,,155.75
1174053000,2025-09,33323.37,49947.88,,184.5
1174054000,2025-09,33323.37,49947.88,,184.5
1174055000,2025-09,52522.88,65607.32,,245.5
1174056000,2025-09,52522.88,65607.32,,245.5
1174057000,2025-09,27657.56,46715.66,,162.33
1174058000,2025-09,27657.56,46715.66,,162.33
1174059000,2025-09,27657.56,46715.66,,162.33
1174060000,2025-09,14815.24,29635.78,,323.33
1174061000,2025-09,14815.24,29635.78,,323.33
1174062000,2025-09,14815.24,29635.78,,323.33
1174064000,2025-09,18476.38,35863.35,,239.33
1174065000,2025-09,18476.38,35863.35,,239.33
1174066000,2025-09,18476.38,35863.35,,239.33
1174068500,2025-09,13859.37,31978.78,,502.0
1174069000,2025-09,28951.04,39605.2,,107.5
1174070000,2025-09,28951.04,39605.2,,107.5
1111051500,2025-10,21982.76,32817.22,,21.0
1111053000,2025-10,28873.95,50631.88,,40.0
1111054000,2025-10,25000.0,25000.0,,1.0
1111055000,2025-10,15119.05,22562.5,,21.0
1111056000,2025-10,31181.25,47892.86,,32.0
1111057000,2025-10,54579.31,79155.56,,29.0
1111058000,2025-10,63025.93,90599.53,,61.0
1111060000,2025-10,14472.73,25340.0,,11.0
1111061500,2025-10,10370.83,25900.0,,24.0
1111063000,2025-10,4649.27,22907.89,,67.0
1111064000,2025-10,6264.39,15355.0,,41.0
1111065000,2025-10,8617.19,30590.91,,64.0
1111067000,2025-10,14243.51,28833.33,,25.67
1111068000,2025-10,14243.51,28833.33,,25.67
1111069000,2025-10,14243.51,28833.33,,25.67
1111070000,2025-10,10884.11,27587.69,,57.5
1111071000,2025-10,10884.11,27587.69,,57.5
1114052000,2025-10,19640.0,60666.67,,12.5
1114054000,2025-10,28390.0,94142.86,,15.0
1114055000,2025-10,17039.02,43991.67,,20.5
1114057000,2025-10,16911.32,43366.67,,26.5
1114058000,2025-10,8820.0,33200.0,,12.5
1114059000,2025-10,11931.4,31559.05,,57.0
1114060500,2025-10,24120.0,47136.36,,25.0
1114061000,2025-10,22129.74,42771.38,,34.91
1114061500,2025-10,22129.74,42771.38,,34.91
1114062000,2025-10,22862.7,41807.46,,24.91
1114062500,2025-10,22862.7,41807.46,,24.91
1114063000,2025-10,22862.7,41807.46,,24.91
1114063500,2025-10,22862.7,41807.46,,24.91
1114064000,2025-10,22862.7,41807.46,,24.91
1114064500,2025-10,22862.7,41807.46,,24.91
1114065000,2025-10,22862.7,41807.46,,24.91
1114066000,2025-10,22862.7,41807.46,,24.91
1114066500,2025-10,22862.7,41807.46,,24.91
1114067000,2025-10,21325.23,35509.0,,109.0
1114068000,2025-10,35333.19,51269.57,,80.0
1117051000,2025-10,14444.32,25075.42,,98.0
1117052000,2025-10,7237.86,18882.5,,35.0
1117053000,2025-10,20000.88,27452.14,,34.0
1117055500,2025-10,13773.74,22949.96,,101.0
1117056000,2025-10,33785.88,49245.17,,143.0
1117057000,2025-10,26686.22,32248.36,,72.0
1117058000,2025-10,40629.08,49105.98,,60.0
1117059000,2025-10,27038.44,36274.16,,52.0
1117062500,2025-10,30561.75,64187.18,,110.0
1117063000,2025-10,58887.97,78516.78,,73.0
1117064000,2025-10,58887.97,78516.78,,73.0
1117065000,2025-10,16624.42,38644.45,,40.5
1117066000,2025-10,16624.42,38644.45,,40.5
1117068500,2025-10,37720.76,75040.37,,66.0
1117069000,2025-10,44017.84,59663.0,,37.0
1117070000,2025-10,19009.09,35700.0,,22.0
1120052000,2025-10,38109.39,63127.87,,75.0
1120053500,2025-10,29990.1,60066.99,,142.0
1120054000,2025-10,17612.2,40937.04,,82.0
1120055000,2025-10,29919.12,53903.44,,79.33
1120056000,2025-10,37589.71,66440.0,,58.33
1120057000,2025-10,37589.71,66440.0,,58.33
1120058000,2025-10,40043.96,45911.12,,45.0
1120059000,2025-10,41700.66,66202.78,,71.0
1120061500,2025-10,39766.59,58957.83,,78.0
1120062000,2025-10,41416.91,69747.08,,55.0
1120064500,2025-10,54102.07,75233.09,,121.0
1120065000,2025-10,28792.95,47723.26,,102.0
1120066000,2025-10,28792.95,47723.26,,102.0
1120067000,2025-10,24503.8,41873.89,,66.0
1120069000,2025-10,24503.8,41873.89,,66.0
1120072000,2025-10,10231.97,24950.0,,30.5
1120079000,2025-10,16849.69,31031.97,,150.5
1121571000,2025-10,4675.04,19404.4,,236.0
1121573000,2025-10,9139.32,25379.57,,118.0
1121574000,2025-10,11016.36,20549.43,,92.25
1121575000,2025-10,11016.36,20549.43,,92.25
1121576000,2025-10,11016.36,20549.43,,92.25
1121577000,2025-10,11016.36,20549.43,,92.25
1121578000,2025-10,9357.59,19747.92,,79.0
1121581000,2025-10,52689.29,71828.24,,114.0
1121582000,2025-10,23232.5,44187.13,,125.5
1121583000,2025-10,23232.5,44187.13,,125.5
1121584000,2025-10,23232.5,44187.13,,125.5
1121584700,2025-10,23232.5,44187.13,,125.5
1121585000,2025-10,21657.02,46244.13,,142.33
1121586000,2025-10,21657.02,46244.13,,142.33
1121587000,2025-10,21657.02,46244.13,,142.33
1123053600,2025-10,19166.71,40248.63,,281.0
1123054500,2025-10,17498.55,36436.28,,74.0
1123056000,2025-10,30582.05,46614.12,,74.0
1123057000,2025-10,30582.05,46614.12,,74.0
1123060000,2025-10,25867.93,45999.63,,191.0
1123061000,2025-10,22886.35,45404.19,,117.0
1123065000,2025-10,20173.16,38042.79,,132.5
1123066000,2025-10,20173.16,38042.79,,132.5
1123070500,2025-10,16143.64,29159.51,,80.0
1123071000,2025-10,8528.12,26572.22,,48.0
1123072000,2025-10,15990.01,35179.17,,87.5
1123073000,2025-10,15990.01,35179.17,,87.5
1123074000,2025-10,18823.38,35544.3,,59.5
1123075000,2025-10,18823.38,35544.3,,59.5
1126052000,2025-10,11910.89,24067.12,,73.67
1126054000,2025-10,11910.89,24067.12,,73.67
1126055000,2025-10,11910.89,24067.12,,73.67
1126056500,2025-10,11910.89,24067.12,,73.67
1126057000,2025-10,11910.89,24067.12,,73.67
1126057500,2025-10,11910.89,24067.12,,73.67
1126058000,2025-10,14405.76,28054.94,,144.0
1126059000,2025-10,14405.76,28054.94,,144.0
1126060000,2025-10,13449.66,30088.81,,87.5
1126061000,2025-10,13449.66,30088.81,,87.5
1126062000,2025-10,15937.92,32452.55,,74.0
1126063000,2025-10,15937.92,32452.55,,74.0
1126065500,2025-10,18549.99,33570.49,,129.0
1126066000,2025-10,18549.99,33570.49,,129.0
1126068000,2025-10,17555.57,31042.35,,115.0
1126069000,2025-10,17555.57,31042.35,,115.0
1129052500,2025-10,13066.68,25671.0,,59.0
1129055500,2025-10,15712.88,33653.69,,98.17
1129057500,2025-10,12364.59,37438.66,,94.17
1129058000,2025-10,38688.15,48812.92,,14.17
1129059000,2025-10,38688.15,48812.92,,14.17
1129060000,2025-10,8406.9,28100.0,,58.0
1129061000,2025-10,24457.05,49171.21,,78.0
1129062000,2025-10,33073.59,46034.45,,108.75
1129063000,2025-10,23938.57,35311.99,,54.42
1129064000,2025-10,18747.21,28882.98,,40.25
1129065000,2025-10,18747.21,28882.98,,40.25
1129066000,2025-10,42222.63,56107.06,,54.33
1129068500,2025-10,36136.2,51850.89,,83.0
1129070500,2025-10,24930.32,36945.74,,94.0
1129071500,2025-10,24600.29,41573.78,,28.67
1129072500,2025-10,20612.37,33509.8,,50.67
1129076000,2025-10,21192.66,30455.0,,60.67
1129077000,2025-10,21192.66,30455.0,,60.67
1129078000,2025-10,21192.66,30455.0,,60.67
1129081000,2025-10,17802.56,31721.53,,130.0
1130553400,2025-10,14025.69,28999.14,,67.6
1130553500,2025-10,14025.69,28999.14,,67.6
1130554500,2025-10,14025.69,28999.14,,67.6
1130555500,2025-10,14025.69,28999.14,,67.6
1130557500,2025-10,14025.69,28999.14,,67.6
1130559000,2025-10,9925.13,19823.75,,19.17
1130559500,2025-10,9925.13,19823.75,,19.17
1130560000,2025-10,9925.13,19823.75,,19.17
1130560300,2025-10,9925.13,19823.75,,19.17
1130560600,2025-10,9925.13,19823.75,,19.17
1130560800,2025-10,9925.13,19823.75,,19.17
1130561000,2025-10,6068.81,16358.22,,37.25
1130561500,2025-10,6068.81,16358.22,,37.25
1130562000,2025-10,6068.81,16358.22,,37.25
1130562500,2025-10,6068.81,16358.22,,37.25
1130563000,2025-10,6068.81,16358.22,,37.25
1130563500,2025-10,6068.81,16358.22,,37.25
1130564500,2025-10,7264.17,17076.81,,54.25
1130566000,2025-10,6068.81,16358.22,,37.25
1132051100,2025-10,15617.43,26165.84,,82.2
1132051200,2025-10,15617.43,26165.84,,82.2
1132051300,2025-10,15617.43,26165.84,,82.2
1132051400,2025-10,15617.43,26165.84,,82.2
1132051500,2025-10,15617.43,26165.84,,82.2
1132052100,2025-10,9318.49,23109.21,,63.5
1132052200,2025-10,9318.49,23109.21,,63.5
1132066000,2025-10,11283.29,22610.82,,31.5
1132067000,2025-10,11283.29,22610.82,,31.5
1132068000,2025-10,11283.29,22610.82,,31.5
1132068100,2025-10,11283.29,22610.82,,31.5
1132069000,2025-10,13978.13,27952.64,,52.33
1132070000,2025-10,13978.13,27952.64,,52.33
1132071000,2025-10,13978.13,27952.64,,52.33
1135056000,2025-10,19703.59,29272.63,,80.0
1135057000,2025-10,19703.59,29272.63,,80.0
1135058000,2025-10,19703.59,29272.63,,80.0
1135059500,2025-10,15140.15,31111.39,,155.0
1135060000,2025-10,15140.15,31111.39,,155.0
1135061100,2025-10,25864.91,37309.71,,69.0
1135061200,2025-10,25864.91,37309.71,,69.0
1135061900,2025-10,29567.32,43178.71,,71.5
1135062100,2025-10,29567.32,43178.71,,71.5
1135062400,2025-10,22267.62,34006.96,,158.28
1135062500,2025-10,29567.32,43178.71,,71.5
1135063000,2025-10,16253.07,25682.59,,86.78
1135064000,2025-10,16253.07,25682.59,,86.78
1135066500,2025-10,16253.07,25682.59,,86.78
1135067000,2025-10,16253.07,25682.59,,86.78
1135069500,2025-10,16253.07,25682.59,,86.78
1135070000,2025-10,16253.07,25682.59,,86.78
1135071000,2025-10,16253.07,25682.59,,86.78
1135072000,2025-10,16253.07,25682.59,,86.78
1138051000,2025-10,22701.49,35753.4,,134.0
1138052000,2025-10,16746.09,27711.25,,113.0
1138053000,2025-10,16746.09,27711.25,,113.0
1138055100,2025-10,10896.52,22270.66,,61.5
1138055200,2025-10,10896.52,22270.66,,61.5
1138056000,2025-10,13866.3,24168.81,,54.0
1138057000,2025-10,9471.92,19915.53,,201.0
1138058000,2025-10,22138.73,37387.98,,90.67
1138059000,2025-10,22138.73,37387.98,,90.67
1138060000,2025-10,22138.73,37387.98,,90.67
1138062500,2025-10,9337.73,18735.67,,150.0
1138063100,2025-10,14066.47,27504.55,,65.0
1138063200,2025-10,14066.47,27504.55,,65.0
1138064000,2025-10,37190.82,56536.36,,39.0
1138065000,2025-10,41769.33,54592.86,,95.0
1138069000,2025-10,23067.06,43180.46,,293.0
1141052000,2025-10,31042.95,50054.19,,63.0
1141055500,2025-10,23100.96,42973.85,,91.5
1141056500,2025-10,21677.8,40112.34,,115.0
1141058500,2025-10,5820.13,24678.12,,186.5
1141061500,2025-10,10454.23,33500.0,,154.0
1141062000,2025-10,27791.09,41337.62,,52.0
1141064000,2025-10,27791.09,41337.62,,52.0
1141065500,2025-10,27791.09,41337.62,,52.0
1141066000,2025-10,18358.81,33728.73,,60.0
1141068500,2025-10,18358.81,33728.73,,60.0
1141069000,2025-10,35830.67,59008.85,,87.0
1141070000,2025-10,35830.67,59008.85,,87.0
1141071000,2025-10,21385.66,39567.65,,63.5
1141072000,2025-10,21385.66,39567.65,,63.5
1144055500,2025-10,42200.32,64931.73,,141.17
1144056500,2025-10,37507.58,63445.38,,235.83
1144058500,2025-10,29356.14,50655.0,,46.83
1144059000,2025-10,37638.49,58577.02,,143.17
1144060000,2025-10,30981.33,56647.56,,118.67
1144061000,2025-10,37504.32,58003.88,,74.67
1144063000,2025-10,41264.72,64089.82,,120.67
1144065500,2025-10,30297.33,56792.41,,116.5
1144066000,2025-10,10840.17,37521.67,,179.5
1144068000,2025-10,13503.69,24997.58,,88.0
1144069000,2025-10,14075.18,26053.51,,88.5
1144070000,2025-10,14075.18,26053.51,,88.5
1144071000,2025-10,8683.26,24493.91,,92.0
1144072000,2025-10,14235.13,29722.13,,178.5
1144073000,2025-10,16106.49,32714.81,,209.5
1144074000,2025-10,16924.05,45614.87,,260.0
1147051000,2025-10,39679.94,57252.7,,130.0
1147052000,2025-10,39679.94,57252.7,,130.0
1147053000,2025-10,39679.94,57252.7,,130.0
1147054000,2025-10,39679.94,57252.7,,130.0
1147055000,2025-10,39679.94,57252.7,,130.0
1147056000,2025-10,15669.36,26102.05,,41.14
1147057000,2025-10,15669.36,26102.05,,41.14
1147058000,2025-10,15669.36,26102.05,,41.14
1147059000,2025-10,15669.36,26102.05,,41.14
1147060000,2025-10,15669.36,26102.05,,41.14
1147061000,2025-10,15669.36,26102.05,,41.14
1147061100,2025-10,15669.36,26102.05,,41.14
1147062000,2025-10,29374.09,42661.56,,115.67
1147063000,2025-10,29374.09,42661.56,,115.67
1147064000,2025-10,29374.09,42661.56,,115.67
1147065000,2025-10,29374.09,42661.56,,115.67
1147067000,2025-10,29374.09,42661.56,,115.67
1147068000,2025-10,29374.09,42661.56,,115.67
1150051000,2025-10,27933.27,41664.0,,152.75
1150052000,2025-10,19075.87,33585.47,,104.5
1150053000,2025-10,19075.87,33585.47,,104.5
1150053500,2025-10,19075.87,33585.47,,104.5
1150054000,2025-10,13768.12,28962.46,,114.88
1150055000,2025-10,13768.12,28962.46,,114.88
1150056000,2025-10,13768.12,28962.46,,114.88
1150057000,2025-10,13768.12,28962.46,,114.88
1150059000,2025-10,13768.12,28962.46,,114.88
1150059100,2025-10,13768.12,28962.46,,114.88
1150059300,2025-10,13768.12,28962.46,,114.88
1150060300,2025-10,20035.53,38992.18,,281.85
1150060400,2025-10,24182.59,35745.48,,54.75
1150060500,2025-10,27933.27,41664.0,,152.75
1150061100,2025-10,21088.72,40661.72,,235.1
1150061500,2025-10,18754.47,33721.07,,223.38
1150062000,2025-10,16192.09,37246.59,,215.85
1150063000,2025-10,16192.09,37246.59,,215.85
1150064000,2025-10,15375.34,27901.66,,64.25
1150064100,2025-10,17839.41,38931.24,,185.85
1153051000,2025-10,31873.92,45751.5,,167.0
1153052000,2025-10,12127.86,28785.51,,114.6
1153053000,2025-10,12127.86,28785.51,,114.6
1153054000,2025-10,12127.86,28785.51,,114.6
1153055000,2025-10,12127.86,28785.51,,114.6
1153056000,2025-10,12127.86,28785.51,,114.6
1153059500,2025-10,4427.1,17210.0,,61.0
1153072000,2025-10,15575.76,29335.8,,53.5
1153073000,2025-10,15575.76,29335.8,,53.5
1153074000,2025-10,15439.77,27354.42,,72.67
1153075000,2025-10,15439.77,27354.42,,72.67
1153076000,2025-10,15439.77,27354.42,,72.67
1153077000,2025-10,9716.53,22165.49,,128.5
1153078000,2025-10,11114.74,20555.56,,400.0
1153079000,2025-10,12986.06,22767.12,,69.0
1153080000,2025-10,17714.79,39045.45,,19.5
1154551000,2025-10,7963.02,21467.98,,287.0
1154561000,2025-10,12872.12,24795.79,,128.75
1154562000,2025-10,12872.12,24795.79,,128.75
1154563000,2025-10,12872.12,24795.79,,128.75
1154564000,2025-10,12872.12,24795.79,,128.75
1154567000,2025-10,11409.57,23372.16,,45.8
1154568000,2025-10,11409.57,23372.16,,45.8
1154569000,2025-10,11409.57,23372.16,,45.8
1154570000,2025-10,11409.57,23372.16,,45.8
1154571000,2025-10,11409.57,23372.16,,45.8
1156051500,2025-10,24631.38,43830.13,,88.43
1156053500,2025-10,18127.26,37691.84,,450.0
1156054000,2025-10,47649.62,71114.65,,185.0
1156055000,2025-10,22537.14,37730.14,,177.0
1156056000,2025-10,25432.21,52064.0,,263.0
1156058500,2025-10,13042.2,32657.14,,109.0
1156060500,2025-10,36076.88,50709.45,,130.0
1156061000,2025-10,23541.78,37259.41,,111.5
1156062000,2025-10,25285.9,39695.83,,124.5
1156063000,2025-10,23417.19,41505.34,,60.43
1156065000,2025-10,23417.19,41505.34,,60.43
1156066000,2025-10,23417.19,41505.34,,60.43
1156067000,2025-10,16674.47,35326.07,,126.18
1156068000,2025-10,23417.19,41505.34,,60.43
1156069000,2025-10,23417.19,41505.34,,60.43
1156070000,2025-10,10477.46,26004.2,,65.75
1156071000,2025-10,10477.46,26004.2,,65.75
1156072000,2025-10,10477.46,26004.2,,65.75
1159051000,2025-10,21381.51,43443.98,,128.5
1159052000,2025-10,15189.22,36303.65,,90.5
1159053000,2025-10,20704.46,44546.91,,144.5
1159054000,2025-10,24145.31,49124.84,,112.5
1159055000,2025-10,24145.31,49124.84,,112.5
1159056000,2025-10,24145.31,49124.84,,112.5
1159060500,2025-10,60052.25,77152.61,,102.0
1159062000,2025-10,25192.68,47984.14,,107.8
1159063000,2025-10,30869.34,55318.51,,128.8
1159064000,2025-10,25192.68,47984.14,,107.8
1159065000,2025-10,25192.68,47984.14,,107.8
1159065100,2025-10,25192.68,47984.14,,107.8
1159066000,2025-10,20080.13,43433.33,,149.0
1159067000,2025-10,21408.55,52666.67,,104.0
1159068000,2025-10,21408.55,52666.67,,104.0
1162052500,2025-10,15179.02,38814.3,,117.33
1162054500,2025-10,15179.02,38814.3,,117.33
1162056500,2025-10,15179.02,38814.3,,117.33
1162057500,2025-10,15179.02,38814.3,,117.33
1162058500,2025-10,15179.02,38814.3,,117.33
1162059500,2025-10,15179.02,38814.3,,117.33
1162060500,2025-10,15179.02,38814.3,,117.33
1162061500,2025-10,15179.02,38814.3,,117.33
1162062500,2025-10,15179.02,38814.3,,117.33
1162063000,2025-10,13021.49,34462.4,,86.0
1162064500,2025-10,7317.15,22241.38,,88.0
1162065500,2025-10,7317.15,22241.38,,88.0
1162066500,2025-10,7317.15,22241.38,,88.0
1162068500,2025-10,7317.15,22241.38,,88.0
1162069500,2025-10,7317.15,22241.38,,88.0
1162071500,2025-10,7317.15,22241.38,,88.0
1162072500,2025-10,7317.15,22241.38,,88.0
1162073500,2025-10,7317.15,22241.38,,88.0
1162074500,2025-10,7317.15,22241.38,,88.0
1162076500,2025-10,7317.15,22241.38,,88.0
1162077500,2025-10,7317.15,22241.38,,88.0
1165051000,2025-10,38600.8,73543.34,,175.0
1165052000,2025-10,38600.8,73543.34,,175.0
1165053000,2025-10,38679.21,69537.91,,243.5
1165053100,2025-10,38600.8,73543.34,,175.0
1165054000,2025-10,71685.77,109954.13,,129.0
1165055000,2025-10,80402.7,131542.2,,122.25
1165056000,2025-10,80402.7,131542.2,,122.25
1165057000,2025-10,80402.7,131542.2,,122.25
1165058000,2025-10,71685.77,109954.13,,129.0
1165058100,2025-10,80402.7,131542.2,,122.25
1165059000,2025-10,38879.52,62434.53,,68.5
1165060000,2025-10,38879.52,62434.53,,68.5
1165061000,2025-10,38879.52,62434.53,,68.5
1165062000,2025-10,38879.52,62434.53,,68.5
1165062100,2025-10,38879.52,62434.53,,68.5
1165065100,2025-10,26084.31,50841.34,,280.5
1165065200,2025-10,20841.24,39201.74,,112.5
1165066000,2025-10,41503.92,61327.17,,88.0
1168051000,2025-10,53004.19,84729.11,,83.5
1168052100,2025-10,20023.48,50263.27,,130.5
1168053100,2025-10,20023.48,50263.27,,130.5
1168054500,2025-10,53004.19,84729.11,,83.5
1168056500,2025-10,45909.9,88213.59,,104.0
1168058000,2025-10,50614.97,82764.29,,97.5
1168059000,2025-10,50614.97,82764.29,,97.5
1168060000,2025-10,68705.46,102070.29,,85.4
1168061000,2025-10,68705.46,102070.29,,85.4
1168063000,2025-10,68705.46,102070.29,,85.4
1168064000,2025-10,24795.98,63593.8,,275.0
1168065000,2025-10,24795.98,63593.8,,275.0
1168065500,2025-10,75272.46,101499.89,,94.5
1168065600,2025-10,75272.46,101499.89,,94.5
1168066000,2025-10,56541.31,84538.72,,63.4
1168067000,2025-10,57423.91,83090.13,,104.4
1168067500,2025-10,62500.01,90905.49,,189.8
1168069000,2025-10,56541.31,84538.72,,63.4
1168070000,2025-10,31007.14,57103.25,,236.0
1168072000,2025-10,53877.94,74762.15,,67.0
1168073000,2025-10,53877.94,74762.15,,67.0
1168074000,2025-10,62500.01,90905.49,,189.8
1168075000,2025-10,46134.03,64011.54,,26.0
1171051000,2025-10,36923.97,55042.8,,66.5
1171052000,2025-10,36923.97,55042.8,,66.5
1171053100,2025-10,30377.16,48897.92,,64.33
1171053200,2025-10,30377.16,48897.92,,64.33
1171054000,2025-10,15120.6,24483.75,,57.0
1171055000,2025-10,15120.6,24483.75,,57.0
1171056100,2025-10,22475.8,46728.27,,133.67
1171056200,2025-10,22475.8,46728.27,,133.67
1171056600,2025-10,22475.8,46728.27,,133.67
1171057000,2025-10,28673.59,49365.7,,120.0
1171058000,2025-10,22169.84,39743.36,,128.5
1171059000,2025-10,22169.84,39743.36,,128.5
1171060000,2025-10,12932.27,26851.18,,257.0
1171061000,2025-10,13971.66,24714.66,,250.0
1171062000,2025-10,44070.54,72419.86,,113.0
1171063100,2025-10,44070.54,72419.86,,113.0
1171063200,2025-10,44070.54,72419.86,,113.0
1171064100,2025-10,22767.32,48478.26,,182.0
1171064200,2025-10,25523.32,49253.07,,257.0
1171064600,2025-10,25523.32,49253.07,,257.0
1171064700,2025-10,31364.4,49703.7,,139.33
1171065000,2025-10,46146.35,79719.31,,152.5
1171067000,2025-10,46146.35,79719.31,,152.5
1171068000,2025-10,46146.35,79719.31,,152.5
1171069000,2025-10,75618.52,94807.37,,72.5
1171071000,2025-10,75618.52,94807.37,,72.5
1171072000,2025-10,46146.35,79719.31,,152.5
1174051500,2025-10,24811.12,49747.19,,247.25
1174052000,2025-10,39528.53,67265.79,,52.25
1174052500,2025-10,39528.53,67265.79,,52.25
1174052600,2025-10,39528.53,67265.79,,52.25
1174053000,2025-10,32425.93,48519.69,,102.5
1174054000,2025-10,32425.93,48519.69,,102.5
1174055000,2025-10,51546.44,67143.43,,148.5
1174056000,2025-10,51546.44,67143.43,,148.5
1174057000,2025-10,25376.96,47017.13,,109.33
1174058000,2025-10,25376.96,47017.13,,109.33
1174059000,2025-10,25376.96,47017.13,,109.33
1174060000,2025-10,16395.58,35978.93,,171.0
1174061000,2025-10,16395.58,35978.93,,171.0
1174062000,2025-10,16395.58,35978.93,,171.0
1174064000,2025-10,13662.83,29340.23,,139.33
1174065000,2025-10,13662.83,29340.23,,139.33
1174066000,2025-10,13662.83,29340.23,,139.33
1174068500,2025-10,10335.8,29025.7,,298.0
1174069000,2025-10,27612.29,40872.75,,50.0
1174070000,2025-10,27612.29,40872.75,,50.0
1111051500,2025-11,20634.29,31562.0,,21.0
1111053000,2025-11,29276.97,50376.36,,33.0
1111054000,2025-11,10800.0,26000.0,,5.0
1111055000,2025-11,18115.79,27950.0,,19.0
1111056000,2025-11,33864.29,49092.11,,35.0
1111057000,2025-11,50458.0,79518.18,,25.0
1111058000,2025-11,61384.18,110389.29,,67.0
1111060000,2025-11,7500.0,21250.0,,9.0
1111061500,2025-11,11988.89,19700.0,,27.0
1111063000,2025-11,12316.9,24702.0,,41.0
1111064000,2025-11,7333.23,16633.0,,35.0
1111065000,2025-11,12055.24,50750.0,,124.0
1111067000,2025-11,14718.0,29239.58,,20.0
1111068000,2025-11,14718.0,29239.58,,20.0
1111069000,2025-11,14718.0,29239.58,,20.0
1111070000,2025-11,8706.88,24630.71,,73.0
1111071000,2025-11,8706.88,24630.71,,73.0
1114052000,2025-11,18884.62,32375.0,,13.0
1114054000,2025-11,22718.61,70811.11,,18.0
1114055000,2025-11,22976.45,68300.0,,15.5
1114057000,2025-11,12690.65,33103.7,,46.0
1114058000,2025-11,7415.22,24200.0,,23.0
1114059000,2025-11,11360.96,37352.94,,56.5
1114060500,2025-11,19031.82,49000.0,,28.0
1114061000,2025-11,17736.78,42595.8,,36.18
1114061500,2025-11,17736.78,42595.8,,36.18
1114062000,2025-11,22833.9,46019.14,,25.18
1114062500,2025-11,22833.9,46019.14,,25.18
1114063000,2025-11,22833.9,46019.14,,25.18
1114063500,2025-11,22833.9,46019.14,,25.18
1114064000,2025-11,22833.9,46019.14,,25.18
1114064500,2025-11,22833.9,46019.14,,25.18
1114065000,2025-11,22833.9,46019.14,,25.18
1114066000,2025-11,22833.9,46019.14,,25.18
1114066500,2025-11,22833.9,46019.14,,25.18
1114067000,2025-11,21091.67,36155.8,,103.0
1114068000,2025-11,32986.27,58751.92,,85.0
1117051000,2025-11,21548.48,26372.12,,88.0
1117052000,2025-11,7339.19,17781.25,,37.0
1117053000,2025-11,13246.13,22844.17,,31.0
1117055500,2025-11,11182.53,22451.08,,187.0
1117056000,2025-11,33994.56,52987.43,,163.0
1117057000,2025-11,29410.0,38634.42,,79.0
1117058000,2025-11,33617.25,45460.26,,48.0
1117059000,2025-11,33125.49,39968.22,,70.0
1117062500,2025-11,34708.64,67302.81,,118.0
1117063000,2025-11,65735.17,90126.81,,59.0
1117064000,2025-11,65735.17,90126.81,,59.0
1117065000,2025-11,14431.71,36587.5,,41.0
1117066000,2025-11,14431.71,36587.5,,41.0
1117068500,2025-11,68908.48,132898.72,,67.0
1117069000,2025-11,36805.63,54251.59,,52.0
1117070000,2025-11,14315.91,28490.0,,22.0
1120052000,2025-11,44726.99,69603.38,,82.5
1120053500,2025-11,32813.44,63685.15,,166.5
1120054000,2025-11,15864.6,38952.5,,109.0
1120055000,2025-11,26965.43,53401.01,,114.67
1120056000,2025-11,35916.99,63233.02,,76.67
1120057000,2025-11,35916.99,63233.02,,76.67
1120058000,2025-11,38895.9,50122.62,,61.0
1120059000,2025-11,46298.91,65645.29,,55.0
1120061500,2025-11,39785.33,56008.89,,75.0
1120062000,2025-11,49071.28,75097.32,,74.0
1120064500,2025-11,53465.08,77008.11,,141.0
1120065000,2025-11,40440.78,66597.77,,101.5
1120066000,2025-11,40440.78,66597.77,,101.5
1120067000,2025-11,28373.29,44944.97,,59.0
1120069000,2025-11,28373.29,44944.97,,59.0
1120072000,2025-11,11407.89,35611.54,,28.5
1120079000,2025-11,10811.18,23225.86,,124.5
1121571000,2025-11,4899.9,20944.71,,342.0
1121573000,2025-11,8590.51,22227.59,,158.0
1121574000,2025-11,10368.03,19954.45,,104.25
1121575000,2025-11,10368.03,19954.45,,104.25
1121576000,2025-11,10368.03,19954.45,,104.25
1121577000,2025-11,10368.03,19954.45,,104.25
1121578000,2025-11,8813.09,21737.5,,97.0
1121581000,2025-11,55768.44,71423.97,,148.0
1121582000,2025-11,23778.78,44260.0,,155.5
1121583000,2025-11,23778.78,44260.0,,155.5
1121584000,2025-11,23778.78,44260.0,,155.5
1121584700,2025-11,23778.78,44260.0,,155.5
1121585000,2025-11,20673.76,49380.82,,130.0
1121586000,2025-11,20673.76,49380.82,,130.0
1121587000,2025-11,20673.76,49380.82,,130.0
1123053600,2025-11,20250.42,42832.53,,321.0
1123054500,2025-11,13126.19,25344.29,,113.0
1123056000,2025-11,27237.45,44811.98,,72.0
1123057000,2025-11,27237.45,44811.98,,72.0
1123060000,2025-11,24996.13,44698.32,,186.5
1123061000,2025-11,23586.75,44611.29,,114.5
1123065000,2025-11,17955.31,36149.11,,133.5
1123066000,2025-11,17955.31,36149.11,,133.5
1123070500,2025-11,17376.87,30667.19,,67.0
1123071000,2025-11,8038.04,34068.54,,76.0
1123072000,2025-11,12282.12,32413.33,,127.5
1123073000,2025-11,12282.12,32413.33,,127.5
1123074000,2025-11,13299.99,35064.29,,76.0
1123075000,2025-11,13299.99,35064.29,,76.0
1126052000,2025-11,13725.15,28421.59,,81.0
1126054000,2025-11,13725.15,28421.59,,81.0
1126055000,2025-11,13725.15,28421.59,,81.0
1126056500,2025-11,13725.15,28421.59,,81.0
1126057000,2025-11,13725.15,28421.59,,81.0
1126057500,2025-11,13725.15,28421.59,,81.0
1126058000,2025-11,13217.62,25932.64,,132.5
1126059000,2025-11,13217.62,25932.64,,132.5
1126060000,2025-11,13843.7,30934.18,,77.0
1126061000,2025-11,13843.7,30934.18,,77.0
1126062000,2025-11,13472.24,34834.63,,105.5
1126063000,2025-11,13472.24,34834.63,,105.5
1126065500,2025-11,16168.56,30908.08,,126.5
1126066000,2025-11,16168.56,30908.08,,126.5
1126068000,2025-11,20036.53,31993.55,,82.0
1126069000,2025-11,20036.53,31993.55,,82.0
1129052500,2025-11,18105.66,30004.0,,53.0
1129055500,2025-11,18537.32,38618.17,,99.17
1129057500,2025-11,10398.67,33571.94,,132.17
1129058000,2025-11,35690.36,48066.26,,17.17
1129059000,2025-11,35690.36,48066.26,,17.17
1129060000,2025-11,4165.33,24626.15,,120.0
1129061000,2025-11,19234.67,39154.84,,75.0
1129062000,2025-11,34474.71,49703.33,,126.58
1129063000,2025-11,19498.28,35338.99,,59.92
1129064000,2025-11,12996.2,26721.56,,42.75
1129065000,2025-11,12996.2,26721.56,,42.75
1129066000,2025-11,47934.78,58530.27,,66.67
1129068500,2025-11,39779.42,54493.57,,99.33
1129070500,2025-11,21520.94,40136.62,,132.0
1129071500,2025-11,23135.83,41273.4,,32.67
1129072500,2025-11,16790.82,36993.72,,57.67
1129076000,2025-11,24132.22,38046.3,,76.67
1129077000,2025-11,24132.22,38046.3,,76.67
1129078000,2025-11,24132.22,38046.3,,76.67
1129081000,2025-11,14873.16,29755.96,,134.0
1130553400,2025-11,13811.9,28645.12,,75.2
1130553500,2025-11,13811.9,28645.12,,75.2
1130554500,2025-11,13811.9,28645.12,,75.2
1130555500,2025-11,13811.9,28645.12,,75.2
1130557500,2025-11,13811.9,28645.12,,75.2
1130559000,2025-11,10188.06,19611.75,,23.67
1130559500,2025-11,10188.06,19611.75,,23.67
1130560000,2025-11,10188.06,19611.75,,23.67
1130560300,2025-11,10188.06,19611.75,,23.67
1130560600,2025-11,10188.06,19611.75,,23.67
1130560800,2025-11,10188.06,19611.75,,23.67
1130561000,2025-11,6112.55,16226.89,,37.62
1130561500,2025-11,6112.55,16226.89,,37.62
1130562000,2025-11,6112.55,16226.89,,37.62
1130562500,2025-11,6112.55,16226.89,,37.62
1130563000,2025-11,6112.55,16226.89,,37.62
1130563500,2025-11,6112.55,16226.89,,37.62
1130564500,2025-11,8179.5,20799.92,,55.62
1130566000,2025-11,6112.55,16226.89,,37.62
1132051100,2025-11,15769.07,28170.39,,81.4
1132051200,2025-11,15769.07,28170.39,,81.4
1132051300,2025-11,15769.07,28170.39,,81.4
1132051400,2025-11,15769.07,28170.39,,81.4
1132051500,2025-11,15769.07,28170.39,,81.4
1132052100,2025-11,10306.98,21629.76,,58.5
1132052200,2025-11,10306.98,21629.76,,58.5
1132066000,2025-11,10464.25,24831.36,,40.25
1132067000,2025-11,10464.25,24831.36,,40.25
1132068000,2025-11,10464.25,24831.36,,40.25
1132068100,2025-11,10464.25,24831.36,,40.25
1132069000,2025-11,12797.42,24554.76,,63.67
1132070000,2025-11,12797.42,24554.76,,63.67
1132071000,2025-11,12797.42,24554.76,,63.67
1135056000,2025-11,21141.32,31687.37,,78.0
1135057000,2025-11,21141.32,31687.37,,78.0
1135058000,2025-11,21141.32,31687.37,,78.0
1135059500,2025-11,13473.37,31790.64,,170.0
1135060000,2025-11,13473.37,31790.64,,170.0
1135061100,2025-11,23310.87,36709.76,,76.0
1135061200,2025-11,23310.87,36709.76,,76.0
1135061900,2025-11,30287.19,43352.12,,87.75
1135062100,2025-11,30287.19,43352.12,,87.75
1135062400,2025-11,23489.54,34704.09,,175.64
1135062500,2025-11,30287.19,43352.12,,87.75
1135063000,2025-11,16702.64,25597.01,,87.89
1135064000,2025-11,16702.64,25597.01,,87.89
1135066500,2025-11,16702.64,25597.01,,87.89
1135067000,2025-11,16702.64,25597.01,,87.89
1135069500,2025-11,16702.64,25597.01,,87.89
1135070000,2025-11,16702.64,25597.01,,87.89
1135071000,2025-11,16702.64,25597.01,,87.89
1135072000,2025-11,16702.64,25597.01,,87.89
1138051000,2025-11,19379.84,35602.97,,140.0
1138052000,2025-11,15276.56,28407.96,,116.5
1138053000,2025-11,15276.56,28407.96,,116.5
1138055100,2025-11,10927.24,23813.43,,58.5
1138055200,2025-11,10927.24,23813.43,,58.5
1138056000,2025-11,13656.6,25704.55,,53.0
1138057000,2025-11,9282.41,18684.24,,179.0
1138058000,2025-11,22909.23,42811.48,,95.67
1138059000,2025-11,22909.23,42811.48,,95.67
1138060000,2025-11,22909.23,42811.48,,95.67
1138062500,2025-11,12686.59,23365.4,,129.0
1138063100,2025-11,13990.32,27896.3,,71.5
1138063200,2025-11,13990.32,27896.3,,71.5
1138064000,2025-11,36348.44,46915.91,,32.0
1138065000,2025-11,44855.85,59749.8,,79.0
1138069000,2025-11,23350.39,50275.03,,194.0
1141052000,2025-11,34697.61,52741.16,,56.0
1141055500,2025-11,26521.1,49695.19,,130.5
1141056500,2025-11,25730.43,50453.95,,142.0
1141058500,2025-11,3911.15,19735.22,,238.5
1141061500,2025-11,7553.94,31746.79,,203.0
1141062000,2025-11,29982.57,45352.73,,69.0
1141064000,2025-11,29982.57,45352.73,,69.0
1141065500,2025-11,29982.57,45352.73,,69.0
1141066000,2025-11,17610.51,32321.43,,76.0
1141068500,2025-11,17610.51,32321.43,,76.0
1141069000,2025-11,33386.25,64052.4,,113.0
1141070000,2025-11,33386.25,64052.4,,113.0
1141071000,2025-11,22291.51,39025.68,,81.0
1141072000,2025-11,22291.51,39025.68,,81.0
1144055500,2025-11,42437.6,67796.43,,167.5
1144056500,2025-11,39934.5,67366.99,,289.17
1144058500,2025-11,25974.08,45483.2,,48.0
1144059000,2025-11,39421.89,59894.37,,165.33
1144060000,2025-11,29457.22,58958.48,,123.5
1144061000,2025-11,35158.96,58853.22,,78.0
1144063000,2025-11,43001.18,65703.3,,120.0
1144065500,2025-11,25434.87,52344.97,,128.0
1144066000,2025-11,13335.57,44794.8,,197.5
1144068000,2025-11,15497.06,27686.4,,128.0
1144069000,2025-11,12960.72,27858.31,,93.0
1144070000,2025-11,12960.72,27858.31,,93.0
1144071000,2025-11,11783.8,30195.31,,100.0
1144072000,2025-11,13830.58,26671.51,,218.5
1144073000,2025-11,15758.64,29680.16,,249.5
1144074000,2025-11,19262.7,48774.63,,182.0
1147051000,2025-11,45435.96,63222.32,,146.2
1147052000,2025-11,45435.96,63222.32,,146.2
1147053000,2025-11,45435.96,63222.32,,146.2
1147054000,2025-11,45435.96,63222.32,,146.2
1147055000,2025-11,45435.96,63222.32,,146.2
1147056000,2025-11,17452.44,30110.0,,41.29
1147057000,2025-11,17452.44,30110.0,,41.29
1147058000,2025-11,17452.44,30110.0,,41.29
1147059000,2025-11,17452.44,30110.0,,41.29
1147060000,2025-11,17452.44,30110.0,,41.29
1147061000,2025-11,17452.44,30110.0,,41.29
1147061100,2025-11,17452.44,30110.0,,41.29
1147062000,2025-11,36983.11,53284.34,,109.83
1147063000,2025-11,36983.11,53284.34,,109.83
1147064000,2025-11,36983.11,53284.34,,109.83
1147065000,2025-11,36983.11,53284.34,,109.83
1147067000,2025-11,36983.11,53284.34,,109.83
1147068000,2025-11,36983.11,53284.34,,109.83
1150051000,2025-11,28101.38,41216.5,,151.5
1150052000,2025-11,19671.39,35400.43,,99.5
1150053000,2025-11,19671.39,35400.43,,99.5
1150053500,2025-11,19671.39,35400.43,,99.5
1150054000,2025-11,14428.09,28846.34,,126.5
1150055000,2025-11,14428.09,28846.34,,126.5
1150056000,2025-11,14428.09,28846.34,,126.5
1150057000,2025-11,14428.09,28846.34,,126.5
1150059000,2025-11,14428.09,28846.34,,126.5
1150059100,2025-11,14428.09,28846.34,,126.5
1150059300,2025-11,14428.09,28846.34,,126.5
1150060300,2025-11,19722.28,38347.92,,287.4
1150060400,2025-11,25557.7,35625.6,,62.5
1150060500,2025-11,28101.38,41216.5,,151.5
1150061100,2025-11,19214.26,42740.87,,223.9
1150061500,2025-11,17904.93,34809.45,,224.0
1150062000,2025-11,14631.72,34857.24,,218.9
1150063000,2025-11,14631.72,34857.24,,218.9
1150064000,2025-11,15098.52,28523.64,,64.5
1150064100,2025-11,16013.33,37383.17,,185.9
1153051000,2025-11,29424.84,46177.6,,156.0
1153052000,2025-11,12912.3,29335.26,,113.0
1153053000,2025-11,12912.3,29335.26,,113.0
1153054000,2025-11,12912.3,29335.26,,113.0
1153055000,2025-11,12912.3,29335.26,,113.0
1153056000,2025-11,12912.3,29335.26,,113.0
1153059500,2025-11,5756.86,13083.33,,70.0
1153072000,2025-11,17227.0,28202.22,,68.5
1153073000,2025-11,17227.0,28202.22,,68.5
1153074000,2025-11,17512.91,27607.34,,72.67
1153075000,2025-11,17512.91,27607.34,,72.67
1153076000,2025-11,17512.91,27607.34,,72.67
1153077000,2025-11,11827.29,25505.32,,118.0
1153078000,2025-11,17458.7,32787.15,,196.5
1153079000,2025-11,11196.04,20601.0,,57.0
1153080000,2025-11,31945.18,45140.83,,19.5
1154551000,2025-11,6099.03,18819.81,,288.0
1154561000,2025-11,13984.64,25181.82,,127.0
1154562000,2025-11,13984.64,25181.82,,127.0
1154563000,2025-11,13984.64,25181.82,,127.0
1154564000,2025-11,13984.64,25181.82,,127.0
1154567000,2025-11,12851.27,21789.06,,53.4
1154568000,2025-11,12851.27,21789.06,,53.4
1154569000,2025-11,12851.27,21789.06,,53.4
1154570000,2025-11,12851.27,21789.06,,53.4
1154571000,2025-11,12851.27,21789.06,,53.4
1156051500,2025-11,26356.52,43343.7,,95.43
1156053500,2025-11,17880.44,36287.94,,480.0
1156054000,2025-11,48345.95,71223.35,,174.0
1156055000,2025-11,23327.29,40422.0,,190.0
1156056000,2025-11,24990.35,53536.86,,297.0
1156058500,2025-11,16045.74,33124.07,,127.0
1156060500,2025-11,37851.59,48958.03,,137.0
1156061000,2025-11,25774.82,39860.99,,139.5
1156062000,2025-11,26074.96,39816.94,,158.5
1156063000,2025-11,21002.82,40481.69,,58.43
1156065000,2025-11,21002.82,40481.69,,58.43
1156066000,2025-11,21002.82,40481.69,,58.43
1156067000,2025-11,16394.07,36350.32,,116.43
1156068000,2025-11,21002.82,40481.69,,58.43
1156069000,2025-11,21002.82,40481.69,,58.43
1156070000,2025-11,11751.25,30874.62,,58.0
1156071000,2025-11,11751.25,30874.62,,58.0
1156072000,2025-11,11751.25,30874.62,,58.0
1159051000,2025-11,24454.99,48483.89,,129.0
1159052000,2025-11,16515.49,39020.98,,89.0
1159053000,2025-11,15073.7,39927.75,,211.0
1159054000,2025-11,21442.92,44802.93,,127.0
1159055000,2025-11,21442.92,44802.93,,127.0
1159056000,2025-11,21442.92,44802.93,,127.0
1159060500,2025-11,45822.3,70704.42,,148.0
1159062000,2025-11,20661.15,40640.46,,112.4
1159063000,2025-11,26781.82,50528.18,,132.4
1159064000,2025-11,20661.15,40640.46,,112.4
1159065000,2025-11,20661.15,40640.46,,112.4
1159065100,2025-11,20661.15,40640.46,,112.4
1159066000,2025-11,19160.04,44216.34,,157.0
1159067000,2025-11,19024.42,48955.07,,115.5
1159068000,2025-11,19024.42,48955.07,,115.5
1162052500,2025-11,13520.46,37329.99,,133.78
1162054500,2025-11,13520.46,37329.99,,133.78
1162056500,2025-11,13520.46,37329.99,,133.78
1162057500,2025-11,13520.46,37329.99,,133.78
1162058500,2025-11,13520.46,37329.99,,133.78
1162059500,2025-11,13520.46,37329.99,,133.78
1162060500,2025-11,13520.46,37329.99,,133.78
1162061500,2025-11,13520.46,37329.99,,133.78
1162062500,2025-11,13520.46,37329.99,,133.78
1162063000,2025-11,11034.22,29533.41,,83.0
1162064500,2025-11,8153.83,25910.55,,103.64
1162065500,2025-11,8153.83,25910.55,,103.64
1162066500,2025-11,8153.83,25910.55,,103.64
1162068500,2025-11,8153.83,25910.55,,103.64
1162069500,2025-11,8153.83,25910.55,,103.64
1162071500,2025-11,8153.83,25910.55,,103.64
1162072500,2025-11,8153.83,25910.55,,103.64
1162073500,2025-11,8153.83,25910.55,,103.64
1162074500,2025-11,8153.83,25910.55,,103.64
1162076500,2025-11,8153.83,25910.55,,103.64
1162077500,2025-11,8153.83,25910.55,,103.64
1165051000,2025-11,43286.41,73946.46,,161.0
1165052000,2025-11,43286.41,73946.46,,161.0
1165053000,2025-11,42006.44,70002.02,,235.67
1165053100,2025-11,43286.41,73946.46,,161.0
1165054000,2025-11,77832.05,104543.94,,129.0
1165055000,2025-11,73831.3,139740.16,,128.25
1165056000,2025-11,73831.3,139740.16,,128.25
1165057000,2025-11,73831.3,139740.16,,128.25
1165058000,2025-11,77832.05,104543.94,,129.0
1165058100,2025-11,73831.3,139740.16,,128.25
1165059000,2025-11,39246.51,62013.02,,74.67
1165060000,2025-11,39246.51,62013.02,,74.67
1165061000,2025-11,39246.51,62013.02,,74.67
1165062000,2025-11,39246.51,62013.02,,74.67
1165062100,2025-11,39246.51,62013.02,,74.67
1165065100,2025-11,30842.52,43985.69,,253.5
1165065200,2025-11,25776.03,36088.79,,149.5
1165066000,2025-11,40982.15,66936.09,,73.0
1168051000,2025-11,55409.75,88403.44,,81.0
1168052100,2025-11,17610.61,44205.63,,127.5
1168053100,2025-11,17610.61,44205.63,,127.5
1168054500,2025-11,55409.75,88403.44,,81.0
1168056500,2025-11,45089.55,91872.6,,144.0
1168058000,2025-11,57547.61,96946.07,,116.0
1168059000,2025-11,57547.61,96946.07,,116.0
1168060000,2025-11,71384.77,104612.01,,117.6
1168061000,2025-11,71384.77,104612.01,,117.6
1168063000,2025-11,71384.77,104612.01,,117.6
1168064000,2025-11,30046.41,71980.44,,316.0
1168065000,2025-11,30046.41,71980.44,,316.0
1168065500,2025-11,78603.26,104396.76,,131.0
1168065600,2025-11,78603.26,104396.76,,131.0
1168066000,2025-11,59554.74,83554.17,,71.0
1168067000,2025-11,54466.99,83895.95,,134.8
1168067500,2025-11,62349.44,93516.89,,252.4
1168069000,2025-11,59554.74,83554.17,,71.0
1168070000,2025-11,30624.8,63247.74,,250.0
1168072000,2025-11,47478.4,72234.96,,98.13
1168073000,2025-11,47478.4,72234.96,,98.13
1168074000,2025-11,62349.44,93516.89,,252.4
1168075000,2025-11,45013.11,59239.52,,34.33
1171051000,2025-11,30338.74,57410.17,,71.5
1171052000,2025-11,30338.74,57410.17,,71.5
1171053100,2025-11,33106.93,51423.73,,70.0
1171053200,2025-11,33106.93,51423.73,,70.0
1171054000,2025-11,14988.73,25115.39,,56.5
1171055000,2025-11,14988.73,25115.39,,56.5
1171056100,2025-11,26644.64,50589.32,,154.67
1171056200,2025-11,26644.64,50589.32,,154.67
1171056600,2025-11,26644.64,50589.32,,154.67
1171057000,2025-11,36186.27,55879.51,,124.0
1171058000,2025-11,23047.2,40084.05,,123.0
1171059000,2025-11,23047.2,40084.05,,123.0
1171060000,2025-11,14774.11,28965.64,,309.0
1171061000,2025-11,14273.85,26038.58,,273.0
1171062000,2025-11,43847.3,70429.83,,126.67
1171063100,2025-11,43847.3,70429.83,,126.67
1171063200,2025-11,43847.3,70429.83,,126.67
1171064100,2025-11,24196.43,48232.38,,193.33
1171064200,2025-11,30546.45,56323.23,,238.67
1171064600,2025-11,30546.45,56323.23,,238.67
1171064700,2025-11,42745.04,61494.97,,115.33
1171065000,2025-11,51281.66,82837.32,,180.5
1171067000,2025-11,51281.66,82837.32,,180.5
1171068000,2025-11,51281.66,82837.32,,180.5
1171069000,2025-11,69250.78,86195.11,,102.0
1171071000,2025-11,69250.78,86195.11,,102.0
1171072000,2025-11,51281.66,82837.32,,180.5
1174051500,2025-11,31728.81,45764.28,,267.0
1174052000,2025-11,58560.3,71522.74,,48.0
1174052500,2025-11,58560.3,71522.74,,48.0
1174052600,2025-11,58560.3,71522.74,,48.0
1174053000,2025-11,33037.72,49204.06,,97.0
1174054000,2025-11,33037.72,49204.06,,97.0
1174055000,2025-11,55047.21,70824.11,,165.5
1174056000,2025-11,55047.21,70824.11,,165.5
1174057000,2025-11,29447.42,49931.79,,103.0
1174058000,2025-11,29447.42,49931.79,,103.0
1174059000,2025-11,29447.42,49931.79,,103.0
1174060000,2025-11,14945.14,29101.43,,164.67
1174061000,2025-11,14945.14,29101.43,,164.67
1174062000,2025-11,14945.14,29101.43,,164.67
1174064000,2025-11,15504.47,32789.56,,118.0
1174065000,2025-11,15504.47,32789.56,,118.0
1174066000,2025-11,15504.47,32789.56,,118.0
1174068500,2025-11,14201.95,31445.38,,271.0
1174069000,2025-11,29040.51,44764.58,,46.0
1174070000,2025-11,29040.51,44764.58,,46.0
1111051500,2025-12,20133.12,32518.0,,33.0
1111053000,2025-12,29233.33,88033.33,,33.0
1111054000,2025-12,12075.0,,,2.0
1111055000,2025-12,19741.18,47800.0,,17.0
1111056000,2025-12,25678.57,33750.0,,14.0
1111057000,2025-12,53594.74,75108.33,,19.0
1111058000,2025-12,49397.09,98680.07,,76.0
1111060000,2025-12,17000.0,29500.0,,6.0
1111061500,2025-12,4316.67,31260.0,,54.0
1111063000,2025-12,13652.72,42437.5,,36.0
1111064000,2025-12,4392.59,8250.0,,27.0
1111065000,2025-12,7408.78,24950.0,,131.0
1111067000,2025-12,18768.42,28849.43,,13.33
1111068000,2025-12,18768.42,28849.43,,13.33
1111069000,2025-12,18768.42,28849.43,,13.33
1111070000,2025-12,10820.71,30081.88,,63.0
1111071000,2025-12,10820.71,30081.88,,63.0
1114052000,2025-12,29785.71,56200.0,,7.0
1114054000,2025-12,49286.96,93100.0,,11.5
1114055000,2025-12,11921.43,39110.0,,21.0
1114057000,2025-12,11719.78,40026.07,,34.5
1114058000,2025-12,7695.74,25295.71,,30.5
1114059000,2025-12,14810.7,30964.17,,39.5
1114060500,2025-12,26715.22,57811.11,,23.0
1114061000,2025-12,20149.64,44185.61,,28.59
1114061500,2025-12,20149.64,44185.61,,28.59
1114062000,2025-12,23314.58,44377.32,,19.09
1114062500,2025-12,23314.58,44377.32,,19.09
1114063000,2025-12,23314.58,44377.32,,19.09
1114063500,2025-12,23314.58,44377.32,,19.09
1114064000,2025-12,23314.58,44377.32,,19.09
1114064500,2025-12,23314.58,44377.32,,19.09
1114065000,2025-12,23314.58,44377.32,,19.09
1114066000,2025-12,23314.58,44377.32,,19.09
1114066500,2025-12,23314.58,44377.32,,19.09
1114067000,2025-12,20945.39,32320.8,,96.0
1114068000,2025-12,41619.12,65764.63,,77.0
1117051000,2025-12,17934.51,25515.72,,76.0
1117052000,2025-12,8751.61,18111.11,,31.0
1117053000,2025-12,26235.0,38046.5,,19.0
1117055500,2025-12,11271.93,23905.54,,107.0
1117056000,2025-12,30884.87,50843.17,,146.0
1117057000,2025-12,31934.48,35273.17,,58.0
1117058000,2025-12,29608.38,50841.8,,56.0
1117059000,2025-12,29334.88,41245.23,,40.0
1117062500,2025-12,47832.69,83209.44,,128.0
1117063000,2025-12,60218.22,71242.14,,53.5
1117064000,2025-12,60218.22,71242.14,,53.5
1117065000,2025-12,17714.72,30249.85,,35.5
1117066000,2025-12,17714.72,30249.85,,35.5
1117068500,2025-12,56385.36,127372.25,,44.0
1117069000,2025-12,32969.7,43633.33,,33.0
1117070000,2025-12,27118.18,45600.0,,11.0
1120052000,2025-12,49900.43,66986.23,,58.5
1120053500,2025-12,37351.61,59439.51,,149.5
1120054000,2025-12,12912.94,32401.15,,128.0
1120055000,2025-12,19922.98,51028.63,,112.0
1120056000,2025-12,31947.2,65929.71,,63.0
1120057000,2025-12,31947.2,65929.71,,63.0
1120058000,2025-12,40599.62,47239.4,,40.0
1120059000,2025-12,51446.3,64996.12,,47.0
1120061500,2025-12,39493.26,55022.1,,70.0
1120062000,2025-12,55808.92,82144.21,,37.0
1120064500,2025-12,58309.03,79338.93,,103.0
1120065000,2025-12,45195.33,75198.18,,61.0
1120066000,2025-12,45195.33,75198.18,,61.0
1120067000,2025-12,27036.14,40964.42,,39.0
1120069000,2025-12,27036.14,40964.42,,39.0
1120072000,2025-12,8824.63,17344.13,,17.5
1120079000,2025-12,13298.48,22092.7,,98.5
1121571000,2025-12,6085.0,18580.49,,250.0
1121573000,2025-12,6141.46,25064.29,,130.0
1121574000,2025-12,10884.36,20934.68,,75.25
1121575000,2025-12,10884.36,20934.68,,75.25
1121576000,2025-12,10884.36,20934.68,,75.25
1121577000,2025-12,10884.36,20934.68,,75.25
1121578000,2025-12,9683.52,20485.71,,88.0
1121581000,2025-12,60452.84,74931.4,,98.0
1121582000,2025-12,25236.34,40525.59,,109.5
1121583000,2025-12,25236.34,40525.59,,109.5
1121584000,2025-12,25236.34,40525.59,,109.5
1121584700,2025-12,25236.34,40525.59,,109.5
1121585000,2025-12,22919.63,48217.36,,114.33
1121586000,2025-12,22919.63,48217.36,,114.33
1121587000,2025-12,22919.63,48217.36,,114.33
1123053600,2025-12,18033.33,37679.75,,214.0
1123054500,2025-12,14032.61,32558.61,,104.0
1123056000,2025-12,24590.26,41640.69,,74.67
1123057000,2025-12,24590.26,41640.69,,74.67
1123060000,2025-12,23510.85,42584.67,,178.67
1123061000,2025-12,22735.88,43439.31,,104.0
1123065000,2025-12,12883.01,36406.15,,182.5
1123066000,2025-12,12883.01,36406.15,,182.5
1123070500,2025-12,12998.76,30960.83,,58.0
1123071000,2025-12,6810.9,22325.0,,78.0
1123072000,2025-12,8591.95,25594.83,,135.5
1123073000,2025-12,8591.95,25594.83,,135.5
1123074000,2025-12,14890.35,31475.45,,71.0
1123075000,2025-12,14890.35,31475.45,,71.0
1126052000,2025-12,13868.36,26519.35,,66.5
1126054000,2025-12,13868.36,26519.35,,66.5
1126055000,2025-12,13868.36,26519.35,,66.5
1126056500,2025-12,13868.36,26519.35,,66.5
1126057000,2025-12,13868.36,26519.35,,66.5
1126057500,2025-12,13868.36,26519.35,,66.5
1126058000,2025-12,13735.27,27055.24,,140.5
1126059000,2025-12,13735.27,27055.24,,140.5
1126060000,2025-12,13508.84,23845.37,,60.5
1126061000,2025-12,13508.84,23845.37,,60.5
1126062000,2025-12,13844.96,28028.23,,69.0
1126063000,2025-12,13844.96,28028.23,,69.0
1126065500,2025-12,16284.38,29813.2,,84.5
1126066000,2025-12,16284.38,29813.2,,84.5
1126068000,2025-12,15823.73,33106.48,,104.5
1126069000,2025-12,15823.73,33106.48,,104.5
1129052500,2025-12,12916.2,25166.67,,50.0
1129055500,2025-12,18149.75,44068.79,,85.83
1129057500,2025-12,8015.84,32131.47,,177.83
1129058000,2025-12,37821.08,50943.4,,13.83
1129059000,2025-12,37821.08,50943.4,,13.83
1129060000,2025-12,5726.64,23891.18,,107.0
1129061000,2025-12,23683.54,46209.09,,54.0
1129062000,2025-12,29290.49,51953.24,,144.67
1129063000,2025-12,18201.62,39616.32,,66.33
1129064000,2025-12,13032.05,32945.93,,52.5
1129065000,2025-12,13032.05,32945.93,,52.5
1129066000,2025-12,38680.64,60045.81,,78.33
1129068500,2025-12,33127.89,55412.54,,112.33
1129070500,2025-12,20556.29,47593.68,,101.0
1129071500,2025-12,20334.8,42122.37,,34.0
1129072500,2025-12,18236.06,39491.13,,55.0
1129076000,2025-12,22880.04,35337.34,,56.67
1129077000,2025-12,22880.04,35337.34,,56.67
1129078000,2025-12,22880.04,35337.34,,56.67
1129081000,2025-12,16580.69,28485.87,,101.0
1130553400,2025-12,17017.03,34816.53,,62.6
1130553500,2025-12,17017.03,34816.53,,62.6
1130554500,2025-12,17017.03,34816.53,,62.6
1130555500,2025-12,17017.03,34816.53,,62.6
1130557500,2025-12,17017.03,34816.53,,62.6
1130559000,2025-12,9588.06,18111.67,,13.83
1130559500,2025-12,9588.06,18111.67,,13.83
1130560000,2025-12,9588.06,18111.67,,13.83
1130560300,2025-12,9588.06,18111.67,,13.83
1130560600,2025-12,9588.06,18111.67,,13.83
1130560800,2025-12,9588.06,18111.67,,13.83
1130561000,2025-12,6696.54,16871.43,,31.0
1130561500,2025-12,6696.54,16871.43,,31.0
1130562000,2025-12,6696.54,16871.43,,31.0
1130562500,2025-12,6696.54,16871.43,,31.0
1130563000,2025-12,6696.54,16871.43,,31.0
1130563500,2025-12,6696.54,16871.43,,31.0
1130564500,2025-12,5451.17,15021.84,,53.0
1130566000,2025-12,6696.54,16871.43,,31.0
1132051100,2025-12,17186.37,28328.91,,64.6
1132051200,2025-12,17186.37,28328.91,,64.6
1132051300,2025-12,17186.37,28328.91,,64.6
1132051400,2025-12,17186.37,28328.91,,64.6
1132051500,2025-12,17186.37,28328.91,,64.6
1132052100,2025-12,15706.33,29933.72,,52.0
1132052200,2025-12,15706.33,29933.72,,52.0
1132066000,2025-12,11573.29,26351.38,,29.75
1132067000,2025-12,11573.29,26351.38,,29.75
1132068000,2025-12,11573.29,26351.38,,29.75
1132068100,2025-12,11573.29,26351.38,,29.75
1132069000,2025-12,12648.27,25905.68,,35.67
1132070000,2025-12,12648.27,25905.68,,35.67
1132071000,2025-12,12648.27,25905.68,,35.67
1135056000,2025-12,18752.13,30956.91,,68.67
1135057000,2025-12,18752.13,30956.91,,68.67
1135058000,2025-12,18752.13,30956.91,,68.67
1135059500,2025-12,12471.4,32568.52,,173.5
1135060000,2025-12,12471.4,32568.52,,173.5
1135061100,2025-12,22737.96,38592.33,,62.5
1135061200,2025-12,22737.96,38592.33,,62.5
1135061900,2025-12,32027.56,43292.85,,62.25
1135062100,2025-12,32027.56,43292.85,,62.25
1135062400,2025-12,25102.71,35203.23,,124.58
1135062500,2025-12,32027.56,43292.85,,62.25
1135063000,2025-12,18187.11,26914.49,,62.33
1135064000,2025-12,18187.11,26914.49,,62.33
1135066500,2025-12,18187.11,26914.49,,62.33
1135067000,2025-12,18187.11,26914.49,,62.33
1135069500,2025-12,18187.11,26914.49,,62.33
1135070000,2025-12,18187.11,26914.49,,62.33
1135071000,2025-12,18187.11,26914.49,,62.33
1135072000,2025-12,18187.11,26914.49,,62.33
1138051000,2025-12,16069.41,38214.02,,175.0
1138052000,2025-12,14229.81,27596.27,,122.5
1138053000,2025-12,14229.81,27596.27,,122.5
1138055100,2025-12,10587.5,20205.52,,42.0
1138055200,2025-12,10587.5,20205.52,,42.0
1138056000,2025-12,10097.44,22967.11,,66.0
1138057000,2025-12,10741.57,20214.82,,126.0
1138058000,2025-12,22240.39,44679.82,,97.0
1138059000,2025-12,22240.39,44679.82,,97.0
1138060000,2025-12,22240.39,44679.82,,97.0
1138062500,2025-12,9185.72,19585.71,,75.0
1138063100,2025-12,18590.72,33497.53,,63.5
1138063200,2025-12,18590.72,33497.53,,63.5
1138064000,2025-12,32884.61,49966.67,,36.0
1138065000,2025-12,40112.32,61946.43,,79.0
1138069000,2025-12,19500.8,43483.48,,222.0
1141052000,2025-12,38784.95,55712.41,,55.0
1141055500,2025-12,23877.85,54590.83,,123.0
1141056500,2025-12,26288.57,48623.78,,124.5
1141058500,2025-12,4439.16,21829.29,,216.5
1141061500,2025-12,8685.08,31613.33,,194.0
1141062000,2025-12,28620.76,45692.6,,63.33
1141064000,2025-12,28620.76,45692.6,,63.33
1141065500,2025-12,28620.76,45692.6,,63.33
1141066000,2025-12,20017.97,35574.79,,58.0
1141068500,2025-12,20017.97,35574.79,,58.0
1141069000,2025-12,30061.08,58813.67,,107.0
1141070000,2025-12,30061.08,58813.67,,107.0
1141071000,2025-12,19810.84,38421.59,,64.0
1141072000,2025-12,19810.84,38421.59,,64.0
1144055500,2025-12,43575.47,65046.57,,148.5
1144056500,2025-12,37883.0,62173.23,,221.5
1144058500,2025-12,30019.86,47788.64,,34.83
1144059000,2025-12,42850.38,62728.87,,145.17
1144060000,2025-12,23278.35,44385.87,,125.5
1144061000,2025-12,34922.96,56081.31,,69.0
1144063000,2025-12,33808.19,60746.65,,117.0
1144065500,2025-12,22735.01,56226.83,,128.5
1144066000,2025-12,12923.69,35096.45,,180.0
1144068000,2025-12,19861.05,28343.69,,101.0
1144069000,2025-12,16961.52,28793.47,,58.5
1144070000,2025-12,16961.52,28793.47,,58.5
1144071000,2025-12,9610.49,31825.71,,82.0
1144072000,2025-12,13633.02,30589.64,,164.5
1144073000,2025-12,16541.91,35921.76,,184.5
1144074000,2025-12,19560.76,43163.07,,173.0
1147051000,2025-12,44974.03,60779.92,,113.6
1147052000,2025-12,44974.03,60779.92,,113.6
1147053000,2025-12,44974.03,60779.92,,113.6
1147054000,2025-12,44974.03,60779.92,,113.6
1147055000,2025-12,44974.03,60779.92,,113.6
1147056000,2025-12,17007.81,28661.8,,36.71
1147057000,2025-12,17007.81,28661.8,,36.71
1147058000,2025-12,17007.81,28661.8,,36.71
1147059000,2025-12,17007.81,28661.8,,36.71
1147060000,2025-12,17007.81,28661.8,,36.71
1147061000,2025-12,17007.81,28661.8,,36.71
1147061100,2025-12,17007.81,28661.8,,36.71
1147062000,2025-12,35207.32,50395.06,,92.33
1147063000,2025-12,35207.32,50395.06,,92.33
1147064000,2025-12,35207.32,50395.06,,92.33
1147065000,2025-12,35207.32,50395.06,,92.33
1147067000,2025-12,35207.32,50395.06,,92.33
1147068000,2025-12,35207.32,50395.06,,92.33
1150051000,2025-12,27006.5,43158.07,,112.25
1150052000,2025-12,22267.8,35209.89,,81.5
1150053000,2025-12,22267.8,35209.89,,81.5
1150053500,2025-12,22267.8,35209.89,,81.5
1150054000,2025-12,14448.38,25886.81,,102.75
1150055000,2025-12,14448.38,25886.81,,102.75
1150056000,2025-12,14448.38,25886.81,,102.75
1150057000,2025-12,14448.38,25886.81,,102.75
1150059000,2025-12,14448.38,25886.81,,102.75
1150059100,2025-12,14448.38,25886.81,,102.75
1150059300,2025-12,14448.38,25886.81,,102.75
1150060300,2025-12,21390.72,39822.33,,209.75
1150060400,2025-12,28743.81,41773.54,,37.25
1150060500,2025-12,27006.5,43158.07,,112.25
1150061100,2025-12,19020.83,42683.3,,201.0
1150061500,2025-12,17502.18,34170.4,,211.75
1150062000,2025-12,14812.05,32801.06,,174.0
1150063000,2025-12,14812.05,32801.06,,174.0
1150064000,2025-12,14269.94,26179.03,,50.0
1150064100,2025-12,16454.77,36889.14,,140.0
1153051000,2025-12,33726.22,51974.65,,121.0
1153052000,2025-12,14094.2,30025.91,,90.0
1153053000,2025-12,14094.2,30025.91,,90.0
1153054000,2025-12,14094.2,30025.91,,90.0
1153055000,2025-12,14094.2,30025.91,,90.0
1153056000,2025-12,14094.2,30025.91,,90.0
1153059500,2025-12,7195.58,17068.75,,59.0
1153072000,2025-12,17961.22,29928.72,,53.0
1153073000,2025-12,17961.22,29928.72,,53.0
1153074000,2025-12,16823.29,28278.69,,51.0
1153075000,2025-12,16823.29,28278.69,,51.0
1153076000,2025-12,16823.29,28278.69,,51.0
1153077000,2025-12,10974.35,24033.46,,84.0
1153078000,2025-12,13450.51,22819.93,,400.0
1153079000,2025-12,16565.23,18034.29,,35.0
1153080000,2025-12,36689.71,49036.76,,12.0
1154551000,2025-12,6926.65,21212.69,,208.0
1154561000,2025-12,14319.22,26064.94,,102.5
1154562000,2025-12,14319.22,26064.94,,102.5
1154563000,2025-12,14319.22,26064.94,,102.5
1154564000,2025-12,14319.22,26064.94,,102.5
1154567000,2025-12,12891.36,23220.51,,35.4
1154568000,2025-12,12891.36,23220.51,,35.4
1154569000,2025-12,12891.36,23220.51,,35.4
1154570000,2025-12,12891.36,23220.51,,35.4
1154571000,2025-12,12891.36,23220.51,,35.4
1156051500,2025-12,28695.66,48766.02,,75.29
1156053500,2025-12,18605.39,36645.12,,416.0
1156054000,2025-12,49185.98,63897.81,,149.0
1156055000,2025-12,23294.04,36670.82,,129.0
1156056000,2025-12,27882.07,57908.02,,247.0
1156058500,2025-12,15876.56,36873.29,,70.0
1156060500,2025-12,38691.21,54080.83,,95.0
1156061000,2025-12,22178.2,36392.65,,100.0
1156062000,2025-12,24752.73,39042.53,,131.0
1156063000,2025-12,25795.35,45007.8,,53.29
1156065000,2025-12,25795.35,45007.8,,53.29
1156066000,2025-12,25795.35,45007.8,,53.29
1156067000,2025-12,17556.22,41437.2,,110.79
1156068000,2025-12,25795.35,45007.8,,53.29
1156069000,2025-12,25795.35,45007.8,,53.29
1156070000,2025-12,9920.96,33852.43,,57.5
1156071000,2025-12,9920.96,33852.43,,57.5
1156072000,2025-12,9920.96,33852.43,,57.5
1159051000,2025-12,26848.28,47495.39,,127.5
1159052000,2025-12,17012.92,42564.11,,81.5
1159053000,2025-12,15029.41,43127.63,,219.0
1159054000,2025-12,23250.35,48701.95,,120.0
1159055000,2025-12,23250.35,48701.95,,120.0
1159056000,2025-12,23250.35,48701.95,,120.0
1159060500,2025-12,34685.89,76587.5,,150.0
1159062000,2025-12,23941.29,42048.66,,79.4
1159063000,2025-12,29772.06,49491.63,,92.4
1159064000,2025-12,23941.29,42048.66,,79.4
1159065000,2025-12,23941.29,42048.66,,79.4
1159065100,2025-12,23941.29,42048.66,,79.4
1159066000,2025-12,17725.58,43850.0,,96.0
1159067000,2025-12,23764.1,46807.57,,95.5
1159068000,2025-12,23764.1,46807.57,,95.5
1162052500,2025-12,15858.09,41664.47,,110.78
1162054500,2025-12,15858.09,41664.47,,110.78
1162056500,2025-12,15858.09,41664.47,,110.78
1162057500,2025-12,15858.09,41664.47,,110.78
1162058500,2025-12,15858.09,41664.47,,110.78
1162059500,2025-12,15858.09,41664.47,,110.78
1162060500,2025-12,15858.09,41664.47,,110.78
1162061500,2025-12,15858.09,41664.47,,110.78
1162062500,2025-12,15858.09,41664.47,,110.78
1162063000,2025-12,11995.05,28480.0,,65.0
1162064500,2025-12,8134.25,23157.8,,75.82
1162065500,2025-12,8134.25,23157.8,,75.82
1162066500,2025-12,8134.25,23157.8,,75.82
1162068500,2025-12,8134.25,23157.8,,75.82
1162069500,2025-12,8134.25,23157.8,,75.82
1162071500,2025-12,8134.25,23157.8,,75.82
1162072500,2025-12,8134.25,23157.8,,75.82
1162073500,2025-12,8134.25,23157.8,,75.82
1162074500,2025-12,8134.25,23157.8,,75.82
1162076500,2025-12,8134.25,23157.8,,75.82
1162077500,2025-12,8134.25,23157.8,,75.82
1165051000,2025-12,44073.99,74018.16,,131.5
1165052000,2025-12,44073.99,74018.16,,131.5
1165053000,2025-12,42289.16,68619.58,,190.67
1165053100,2025-12,44073.99,74018.16,,131.5
1165054000,2025-12,68307.55,105693.68,,111.0
1165055000,2025-12,89512.24,130000.25,,81.25
1165056000,2025-12,89512.24,130000.25,,81.25
1165057000,2025-12,89512.24,130000.25,,81.25
1165058000,2025-12,68307.55,105693.68,,111.0
1165058100,2025-12,89512.24,130000.25,,81.25
1165059000,2025-12,38322.32,58142.94,,59.17
1165060000,2025-12,38322.32,58142.94,,59.17
1165061000,2025-12,38322.32,58142.94,,59.17
1165062000,2025-12,38322.32,58142.94,,59.17
1165062100,2025-12,38322.32,58142.94,,59.17
1165065100,2025-12,34964.32,50596.29,,189.5
1165065200,2025-12,22652.31,38046.83,,88.5
1165066000,2025-12,37876.87,49282.68,,84.0
1168051000,2025-12,70282.95,98569.85,,66.0
1168052100,2025-12,27145.53,64656.65,,87.5
1168053100,2025-12,27145.53,64656.65,,87.5
1168054500,2025-12,70282.95,98569.85,,66.0
1168056500,2025-12,56157.5,98775.81,,72.0
1168058000,2025-12,49679.49,90866.98,,80.5
1168059000,2025-12,49679.49,90866.98,,80.5
1168060000,2025-12,68599.99,98234.93,,91.2
1168061000,2025-12,68599.99,98234.93,,91.2
1168063000,2025-12,68599.99,98234.93,,91.2
1168064000,2025-12,33729.58,62685.94,,226.0
1168065000,2025-12,33729.58,62685.94,,226.0
1168065500,2025-12,77874.88,115251.99,,99.5
1168065600,2025-12,77874.88,115251.99,,99.5
1168066000,2025-12,52535.03,70486.91,,63.2
1168067000,2025-12,53015.66,72416.4,,102.8
1168067500,2025-12,60341.9,84252.31,,194.0
1168069000,2025-12,52535.03,70486.91,,63.2
1168070000,2025-12,26257.05,41289.85,,284.0
1168072000,2025-12,49825.03,64085.76,,71.27
1168073000,2025-12,49825.03,64085.76,,71.27
1168074000,2025-12,60341.9,84252.31,,194.0
1168075000,2025-12,44875.84,54048.49,,31.67
1171051000,2025-12,28555.81,54093.14,,61.5
1171052000,2025-12,28555.81,54093.14,,61.5
1171053100,2025-12,34864.51,52747.95,,61.33
1171053200,2025-12,34864.51,52747.95,,61.33
1171054000,2025-12,13088.43,22251.39,,37.0
1171055000,2025-12,13088.43,22251.39,,37.0
1171056100,2025-12,25487.85,46667.89,,122.67
1171056200,2025-12,25487.85,46667.89,,122.67
1171056600,2025-12,25487.85,46667.89,,122.67
1171057000,2025-12,35406.91,50250.31,,89.0
1171058000,2025-12,24698.09,46876.41,,107.5
1171059000,2025-12,24698.09,46876.41,,107.5
1171060000,2025-12,14131.0,26294.54,,200.0
1171061000,2025-12,15819.33,26181.74,,175.0
1171062000,2025-12,35487.07,68706.24,,140.0
1171063100,2025-12,35487.07,68706.24,,140.0
1171063200,2025-12,35487.07,68706.24,,140.0
1171064100,2025-12,25409.08,49882.68,,138.67
1171064200,2025-12,28296.86,45379.01,,373.0
1171064600,2025-12,28296.86,45379.01,,373.0
1171064700,2025-12,31013.62,45424.94,,295.67
1171065000,2025-12,55611.52,87310.18,,125.75
1171067000,2025-12,55611.52,87310.18,,125.75
1171068000,2025-12,55611.52,87310.18,,125.75
1171069000,2025-12,73150.56,91892.04,,86.0
1171071000,2025-12,73150.56,91892.04,,86.0
1171072000,2025-12,55611.52,87310.18,,125.75
1174051500,2025-12,28493.36,44618.44,,249.25
1174052000,2025-12,46602.21,67781.05,,51.25
1174052500,2025-12,46602.21,67781.05,,51.25
1174052600,2025-12,46602.21,67781.05,,51.25
1174053000,2025-12,34383.51,49640.62,,75.5
1174054000,2025-12,34383.51,49640.62,,75.5
1174055000,2025-12,39774.87,65886.87,,136.5
1174056000,2025-12,39774.87,65886.87,,136.5
1174057000,2025-12,27198.26,46085.0,,76.33
1174058000,2025-12,27198.26,46085.0,,76.33
1174059000,2025-12,27198.26,46085.0,,76.33
1174060000,2025-12,15394.53,32515.32,,144.0
1174061000,2025-12,15394.53,32515.32,,144.0
1174062000,2025-12,15394.53,32515.32,,144.0
1174064000,2025-12,14526.1,31508.81,,94.33
1174065000,2025-12,14526.1,31508.81,,94.33
1174066000,2025-12,14526.1,31508.81,,94.33
1174068500,2025-12,14248.92,31490.72,,213.0
1174069000,2025-12,29421.04,42619.85,,36.0
1174070000,2025-12,29421.04,42619.85,,36.0
1111067000,2026-01,7875.0,7875.0,,0.33
1111068000,2026-01,7875.0,7875.0,,0.33
1111069000,2026-01,7875.0,7875.0,,0.33
1121573000,2026-01,19000.0,,,1.0
1121585000,2026-01,17825.0,37000.0,,1.33
1121586000,2026-01,17825.0,37000.0,,1.33
1121587000,2026-01,17825.0,37000.0,,1.33
1123065000,2026-01,22000.0,22000.0,,0.5
1123066000,2026-01,22000.0,22000.0,,0.5
1123072000,2026-01,32100.0,42000.0,,1.0
1123073000,2026-01,32100.0,42000.0,,1.0
1123074000,2026-01,14000.0,14000.0,,0.5
1123075000,2026-01,14000.0,14000.0,,0.5
1126065500,2026-01,23500.0,23500.0,,0.5
1126066000,2026-01,23500.0,23500.0,,0.5
1129055500,2026-01,55000.0,55000.0,,0.17
1129057500,2026-01,55000.0,55000.0,,0.17
1129058000,2026-01,55000.0,55000.0,,0.17
1129059000,2026-01,55000.0,55000.0,,0.17
1129060000,2026-01,10000.0,,,1.0
1129062000,2026-01,43000.0,55000.0,,0.83
1129063000,2026-01,55000.0,55000.0,,0.17
1129066000,2026-01,40000.0,,,0.67
1129068500,2026-01,40000.0,,,0.67
1129076000,2026-01,22000.0,22000.0,,0.33
1129077000,2026-01,22000.0,22000.0,,0.33
1129078000,2026-01,22000.0,22000.0,,0.33
1141055500,2026-01,45000.0,45000.0,,0.5
1141056500,2026-01,45000.0,45000.0,,0.5
1141061500,2026-01,17000.0,,,2.0
1141071000,2026-01,17000.0,17000.0,,0.5
1141072000,2026-01,17000.0,17000.0,,0.5
1144056500,2026-01,3000.0,,,0.33
1144058500,2026-01,3000.0,,,0.33
1144059000,2026-01,31500.0,,,0.67
1144060000,2026-01,60000.0,,,0.33
1144063000,2026-01,63750.0,,,1.33
1144071000,2026-01,70000.0,70000.0,,1.0
1147051000,2026-01,96500.0,113000.0,,0.4
1147052000,2026-01,96500.0,113000.0,,0.4
1147053000,2026-01,96500.0,113000.0,,0.4
1147054000,2026-01,96500.0,113000.0,,0.4
1147055000,2026-01,96500.0,113000.0,,0.4
1147062000,2026-01,84000.0,84000.0,,0.5
1147063000,2026-01,84000.0,84000.0,,0.5
1147064000,2026-01,84000.0,84000.0,,0.5
1147065000,2026-01,84000.0,84000.0,,0.5
1147067000,2026-01,84000.0,84000.0,,0.5
1147068000,2026-01,84000.0,84000.0,,0.5
1150054000,2026-01,26000.0,26000.0,,0.12
1150055000,2026-01,26000.0,26000.0,,0.12
1150056000,2026-01,26000.0,26000.0,,0.12
1150057000,2026-01,26000.0,26000.0,,0.12
1150059000,2026-01,26000.0,26000.0,,0.12
1150059100,2026-01,26000.0,26000.0,,0.12
1150059300,2026-01,26000.0,26000.0,,0.12
1150061500,2026-01,26000.0,26000.0,,0.12
1154551000,2026-01,10000.0,10000.0,,1.0
1154561000,2026-01,50.0,,,0.25
1154562000,2026-01,50.0,,,0.25
1154563000,2026-01,50.0,,,0.25
1154564000,2026-01,50.0,,,0.25
1156051500,2026-01,40000.0,,,0.14
1156055000,2026-01,19500.0,,,1.0
1156060500,2026-01,25000.0,,,1.0
1156063000,2026-01,40000.0,,,0.14
1156065000,2026-01,40000.0,,,0.14
1156066000,2026-01,40000.0,,,0.14
1156067000,2026-01,40000.0,,,0.14
1156068000,2026-01,40000.0,,,0.14
1156069000,2026-01,40000.0,,,0.14
1159053000,2026-01,35000.0,89000.0,,0.75
1159054000,2026-01,35000.0,89000.0,,0.75
1159055000,2026-01,35000.0,89000.0,,0.75
1159056000,2026-01,35000.0,89000.0,,0.75
1159062000,2026-01,13500.0,,,0.4
1159063000,2026-01,13500.0,,,0.4
1159064000,2026-01,13500.0,,,0.4
1159065000,2026-01,13500.0,,,0.4
1159065100,2026-01,13500.0,,,0.4
1159066000,2026-01,77000.0,77000.0,,1.0
1159067000,2026-01,70000.0,70000.0,,0.5
1159068000,2026-01,70000.0,70000.0,,0.5
1162052500,2026-01,5000.0,,,0.11
1162054500,2026-01,5000.0,,,0.11
1162056500,2026-01,5000.0,,,0.11
1162057500,2026-01,5000.0,,,0.11
1162058500,2026-01,5000.0,,,0.11
1162059500,2026-01,5000.0,,,0.11
1162060500,2026-01,5000.0,,,0.11
1162061500,2026-01,5000.0,,,0.11
1162062500,2026-01,5000.0,,,0.11
1162064500,2026-01,22500.0,35000.0,,0.18
1162065500,2026-01,22500.0,35000.0,,0.18
1162066500,2026-01,22500.0,35000.0,,0.18
1162068500,2026-01,22500.0,35000.0,,0.18
1162069500,2026-01,22500.0,35000.0,,0.18
1162071500,2026-01,22500.0,35000.0,,0.18
1162072500,2026-01,22500.0,35000.0,,0.18
1162073500,2026-01,22500.0,35000.0,,0.18
1162074500,2026-01,22500.0,35000.0,,0.18
1162076500,2026-01,22500.0,35000.0,,0.18
1162077500,2026-01,22500.0,35000.0,,0.18
1165054000,2026-01,8000.0,,,0.5
1165055000,2026-01,66000.0,66000.0,,0.25
1165056000,2026-01,66000.0,66000.0,,0.25
1165057000,2026-01,66000.0,66000.0,,0.25
1165058000,2026-01,8000.0,,,0.5
1165058100,2026-01,66000.0,66000.0,,0.25
1168060000,2026-01,10666.67,,,0.6
1168061000,2026-01,10666.67,,,0.6
1168063000,2026-01,10666.67,,,0.6
1168067500,2026-01,10666.67,,,0.6
1168074000,2026-01,10666.67,,,0.6
1171051000,2026-01,76650.0,76650.0,,0.5
1171052000,2026-01,76650.0,76650.0,,0.5
1171056100,2026-01,20000.0,,,0.33
1171056200,2026-01,20000.0,,,0.33
1171056600,2026-01,20000.0,,,0.33
1171065000,2026-01,33000.0,33000.0,,0.25
1171067000,2026-01,33000.0,33000.0,,0.25
1171068000,2026-01,33000.0,33000.0,,0.25
1171072000,2026-01,33000.0,33000.0,,0.25
1174060000,2026-01,10950.0,,,0.67
1174061000,2026-01,10950.0,,,0.67
1174062000,2026-01,10950.0,,,0.67
1174064000,2026-01,65000.0,65000.0,,0.33
1174065000,2026-01,65000.0,65000.0,,0.33
1174066000,2026-01,65000.0,65000.0,,0.33
1130561000,2026-02,41000.0,60000.0,,0.25
1130561500,2026-02,41000.0,60000.0,,0.25
1130562000,2026-02,41000.0,60000.0,,0.25
1130562500,2026-02,41000.0,60000.0,,0.25
1130563000,2026-02,41000.0,60000.0,,0.25
1130563500,2026-02,41000.0,60000.0,,0.25
1130564500,2026-02,41000.0,60000.0,,0.25
1130566000,2026-02,41000.0,60000.0,,0.25
1159053000,2026-02,13200.0,13200.0,,1.0
