region_id,시도명,시군구명,행정동명,가격_기준월,가격_최신가용월,가격_선택정책,가격_최신월대비개월차,실거래가,서울평균_실거래가,실거래가_서울평균대비율,실거래가_서울평균대비금액,전세가,서울평균_전세가,전세가_서울평균대비율,전세가_서울평균대비금액,거래량,거래량_해석주의,생활인구_기준월,생활인구,주간생활인구,야간생활인구,주야간생활인구비율,주민등록인구,세대수,안전_기준일자,안심시설수,유흥시설수,CCTV수,경찰시설수,안전_매핑방법,안전_데이터출처,상권_기준일자,업종수,사업체수,교통_기준일자,지하철_기준일자,버스_기준일자,지하철역수,지하철노선수,최근접지하철역명,최근접지하철역거리_m,버스정류소수,버스정류소_면적당,교통_매핑방법,교통_데이터출처,가격_데이터여부,생활인구_데이터여부,안전_데이터여부,상권_데이터여부,교통_데이터여부
1168066000,서울특별시,강남구,개포1동,2025-12,2025-12,신뢰가능최신월,0,52535.03,25429.86,106.59,27105.17,70486.91,44824.13,57.25,25662.78,63.2,False,2026-05,24920.06,20421.21,28133.53,0.73,,,안심시설수 2023-04-21; 유흥시설수 2026-06-17,0,0,,,좌표공간조인,"서울시 단란주점영업 인허가 정보, 서울시 안심귀갓길 안전시설물, 서울시 유흥주점영업 인허가 정보",20254,47,192,2026-07-13,2026-07-13,2026-07-01,0.0,0.0,구룡,1051.0,15.0,10.353,WGS84 좌표의 행정동 경계 포함 여부; 최근접 거리는 행정동 대표 중심점 기준 직선거리,서울특별시 T-DATA 지하철역 좌표정보; 서울 열린데이터광장 서울시 버스정류소 위치정보,True,True,True,True,True
1168067000,서울특별시,강남구,개포2동,2025-12,2025-12,신뢰가능최신월,0,53015.66,25429.86,108.48,27585.8,72416.4,44824.13,61.56,27592.27,102.8,False,2026-05,29154.2,27407.46,30401.88,0.9,,,안심시설수 2023-04-21; 유흥시설수 2026-06-17,0,0,,,좌표공간조인,"서울시 단란주점영업 인허가 정보, 서울시 안심귀갓길 안전시설물, 서울시 유흥주점영업 인허가 정보",20254,76,933,2026-07-13,2026-07-13,2026-07-01,3.0,1.0,개포동,554.0,34.0,15.168,WGS84 좌표의 행정동 경계 포함 여부; 최근접 거리는 행정동 대표 중심점 기준 직선거리,서울특별시 T-DATA 지하철역 좌표정보; 서울 열린데이터광장 서울시 버스정류소 위치정보,True,True,True,True,True
1168067500,서울특별시,강남구,개포3동,2025-12,2026-01,신뢰가능최신월,1,60341.9,25429.86,137.29,34912.04,84252.31,44824.13,87.96,39428.18,194.0,False,,,,,,,,안심시설수 2023-04-21; 유흥시설수 2026-06-17,0,0,,,좌표공간조인,"서울시 단란주점영업 인허가 정보, 서울시 안심귀갓길 안전시설물, 서울시 유흥주점영업 인허가 정보",20254,0,0,2026-07-13,2026-07-13,2026-07-01,1.0,1.0,대청,314.0,12.0,9.236,WGS84 좌표의 행정동 경계 포함 여부; 최근접 거리는 행정동 대표 중심점 기준 직선거리,서울특별시 T-DATA 지하철역 좌표정보; 서울 열린데이터광장 서울시 버스정류소 위치정보,True,False,True,True,True
1168069000,서울특별시,강남구,개포4동,2025-12,2025-12,신뢰가능최신월,0,52535.03,25429.86,106.59,27105.17,70486.91,44824.13,57.25,25662.78,63.2,False,2026-05,15552.41,14905.97,16014.16,0.93,,,안심시설수 2023-04-21; 유흥시설수 2026-06-17,24,3,,,좌표공간조인,"서울시 단란주점영업 인허가 정보, 서울시 안심귀갓길 안전시설물, 서울시 유흥주점영업 인허가 정보",20254,92,1418,2026-07-13,2026-07-13,2026-07-01,0.0,0.0,구룡,1364.0,28.0,16.825,WGS84 좌표의 행정동 경계 포함 여부; 최근접 거리는 행정동 대표 중심점 기준 직선거리,서울특별시 T-DATA 지하철역 좌표정보; 서울 열린데이터광장 서울시 버스정류소 위치정보,True,True,True,True,True
1168052100,서울특별시,강남구,논현1동,2025-12,2025-12,신뢰가능최신월,0,27145.53,25429.86,6.75,1715.67,64656.65,44824.13,44.25,19832.52,87.5,False,2026-05,37942.11,44769.71,33065.26,1.35,,,안심시설수 2023-04-21; 유흥시설수 2026-06-17,87,30,,,좌표공간조인,"서울시 단란주점영업 인허가 정보, 서울시 안심귀갓길 안전시설물, 서울시 유흥주점영업 인허가 정보",20254,100,4191,2026-07-13,2026-07-13,2026-07-01,2.0,3.0,논현,458.0,18.0,14.311,WGS84 좌표의 행정동 경계 포함 여부; 최근접 거리는 행정동 대표 중심점 기준 직선거리,서울특별시 T-DATA 지하철역 좌표정보; 서울 열린데이터광장 서울시 버스정류소 위치정보,True,True,True,True,True
1168053100,서울특별시,강남구,논현2동,2025-12,2025-12,신뢰가능최신월,0,27145.53,25429.86,6.75,1715.67,64656.65,44824.13,44.25,19832.52,87.5,False,2026-05,44687.0,56276.25,36408.97,1.55,,,안심시설수 2023-04-21; 유흥시설수 2026-06-17,153,45,,,좌표공간조인,"서울시 단란주점영업 인허가 정보, 서울시 안심귀갓길 안전시설물, 서울시 유흥주점영업 인허가 정보",20254,94,4465,2026-07-13,2026-07-13,2026-07-01,4.0,2.0,학동,418.0,26.0,17.84,WGS84 좌표의 행정동 경계 포함 여부; 최근접 거리는 행정동 대표 중심점 기준 직선거리,서울특별시 T-DATA 지하철역 좌표정보; 서울 열린데이터광장 서울시 버스정류소 위치정보,True,True,True,True,True
1168060000,서울특별시,강남구,대치1동,2025-12,2026-01,신뢰가능최신월,1,68599.99,25429.86,169.76,43170.13,98234.93,44824.13,119.16,53410.8,91.2,False,2026-05,29129.95,29581.49,28807.42,1.03,,,안심시설수 2023-04-21; 유흥시설수 2026-06-17,0,2,,,좌표공간조인,"서울시 단란주점영업 인허가 정보, 서울시 안심귀갓길 안전시설물, 서울시 유흥주점영업 인허가 정보",20254,73,1035,2026-07-13,2026-07-13,2026-07-01,1.0,1.0,도곡,419.0,18.0,22.244,WGS84 좌표의 행정동 경계 포함 여부; 최근접 거리는 행정동 대표 중심점 기준 직선거리,서울특별시 T-DATA 지하철역 좌표정보; 서울 열린데이터광장 서울시 버스정류소 위치정보,True,True,True,True,True
1168061000,서울특별시,강남구,대치2동,2025-12,2026-01,신뢰가능최신월,1,68599.99,25429.86,169.76,43170.13,98234.93,44824.13,119.16,53410.8,91.2,False,2026-05,48382.58,59441.36,40483.46,1.47,,,안심시설수 2023-04-21; 유흥시설수 2026-06-17,27,4,,,좌표공간조인,"서울시 단란주점영업 인허가 정보, 서울시 안심귀갓길 안전시설물, 서울시 유흥주점영업 인허가 정보",20254,93,2868,2026-07-13,2026-07-13,2026-07-01,4.0,3.0,학여울,649.0,30.0,16.34,WGS84 좌표의 행정동 경계 포함 여부; 최근접 거리는 행정동 대표 중심점 기준 직선거리,서울특별시 T-DATA 지하철역 좌표정보; 서울 열린데이터광장 서울시 버스정류소 위치정보,True,True,True,True,True
1168063000,서울특별시,강남구,대치4동,2025-12,2026-01,신뢰가능최신월,1,68599.99,25429.86,169.76,43170.13,98234.93,44824.13,119.16,53410.8,91.2,False,2026-05,39785.99,48105.95,33843.17,1.42,,,안심시설수 2023-04-21; 유흥시설수 2026-06-17,26,9,,,좌표공간조인,"서울시 단란주점영업 인허가 정보, 서울시 안심귀갓길 안전시설물, 서울시 유흥주점영업 인허가 정보",20254,96,3777,2026-07-13,2026-07-13,2026-07-01,0.0,0.0,한티,614.0,14.0,19.984,WGS84 좌표의 행정동 경계 포함 여부; 최근접 거리는 행정동 대표 중심점 기준 직선거리,서울특별시 T-DATA 지하철역 좌표정보; 서울 열린데이터광장 서울시 버스정류소 위치정보,True,True,True,True,True
1168065500,서울특별시,강남구,도곡1동,2025-12,2025-12,신뢰가능최신월,0,77874.88,25429.86,206.23,52445.02,115251.99,44824.13,157.12,70427.86,99.5,False,2026-05,43673.78,45869.29,42105.57,1.09,,,안심시설수 2023-04-21; 유흥시설수 2026-06-17,23,2,,,좌표공간조인,"서울시 단란주점영업 인허가 정보, 서울시 안심귀갓길 안전시설물, 서울시 유흥주점영업 인허가 정보",20254,88,1334,2026-07-13,2026-07-13,2026-07-01,1.0,1.0,매봉,553.0,22.0,20.956,WGS84 좌표의 행정동 경계 포함 여부; 최근접 거리는 행정동 대표 중심점 기준 직선거리,서울특별시 T-DATA 지하철역 좌표정보; 서울 열린데이터광장 서울시 버스정류소 위치정보,True,True,True,True,True
1168065600,서울특별시,강남구,도곡2동,2025-12,2025-12,신뢰가능최신월,0,77874.88,25429.86,206.23,52445.02,115251.99,44824.13,157.12,70427.86,99.5,False,2026-05,25744.36,26104.01,25487.46,1.02,,,안심시설수 2023-04-21; 유흥시설수 2026-06-17,0,4,,,좌표공간조인,"서울시 단란주점영업 인허가 정보, 서울시 안심귀갓길 안전시설물, 서울시 유흥주점영업 인허가 정보",20254,88,1498,2026-07-13,2026-07-13,2026-07-01,2.0,1.0,매봉,306.0,20.0,20.202,WGS84 좌표의 행정동 경계 포함 여부; 최근접 거리는 행정동 대표 중심점 기준 직선거리,서울특별시 T-DATA 지하철역 좌표정보; 서울 열린데이터광장 서울시 버스정류소 위치정보,True,True,True,True,True
1168058000,서울특별시,강남구,삼성1동,2025-12,2025-12,신뢰가능최신월,0,49679.49,25429.86,95.36,24249.63,90866.98,44824.13,102.72,46042.85,80.5,False,2026-05,39870.43,61104.23,24703.42,2.47,,,안심시설수 2023-04-21; 유흥시설수 2026-06-17,32,8,,,좌표공간조인,"서울시 단란주점영업 인허가 정보, 서울시 안심귀갓길 안전시설물, 서울시 유흥주점영업 인허가 정보",20254,94,3496,2026-07-13,2026-07-13,2026-07-01,2.0,2.0,봉은사,130.0,29.0,14.924,WGS84 좌표의 행정동 경계 포함 여부; 최근접 거리는 행정동 대표 중심점 기준 직선거리,서울특별시 T-DATA 지하철역 좌표정보; 서울 열린데이터광장 서울시 버스정류소 위치정보,True,True,True,True,True
1168059000,서울특별시,강남구,삼성2동,2025-12,2025-12,신뢰가능최신월,0,49679.49,25429.86,95.36,24249.63,90866.98,44824.13,102.72,46042.85,80.5,False,2026-05,36744.44,40760.87,33875.56,1.2,,,안심시설수 2023-04-21; 유흥시설수 2026-06-17,128,35,,,좌표공간조인,"서울시 단란주점영업 인허가 정보, 서울시 안심귀갓길 안전시설물, 서울시 유흥주점영업 인허가 정보",20254,93,2929,2026-07-13,2026-07-13,2026-07-01,2.0,1.0,삼성중앙,418.0,21.0,16.917,WGS84 좌표의 행정동 경계 포함 여부; 최근접 거리는 행정동 대표 중심점 기준 직선거리,서울특별시 T-DATA 지하철역 좌표정보; 서울 열린데이터광장 서울시 버스정류소 위치정보,True,True,True,True,True
1168070000,서울특별시,강남구,세곡동,2025-12,2025-12,신뢰가능최신월,0,26257.05,25429.86,3.25,827.19,41289.85,44824.13,-7.88,-3534.28,284.0,False,2026-05,45178.56,39750.22,49055.95,0.81,,,안심시설수 2023-04-21; 유흥시설수 2026-06-17,27,0,,,좌표공간조인,"서울시 단란주점영업 인허가 정보, 서울시 안심귀갓길 안전시설물, 서울시 유흥주점영업 인허가 정보",20254,86,1244,2026-07-13,2026-07-13,2026-07-01,0.0,0.0,수서,1759.0,66.0,10.374,WGS84 좌표의 행정동 경계 포함 여부; 최근접 거리는 행정동 대표 중심점 기준 직선거리,서울특별시 T-DATA 지하철역 좌표정보; 서울 열린데이터광장 서울시 버스정류소 위치정보,True,True,True,True,True
1168075000,서울특별시,강남구,수서동,2025-12,2025-12,신뢰가능최신월,0,44875.84,25429.86,76.47,19445.98,54048.49,44824.13,20.58,9224.36,31.67,False,2026-05,23670.4,27606.43,20858.95,1.32,,,안심시설수 2023-04-21; 유흥시설수 2026-06-17,0,0,,,좌표공간조인,"서울시 단란주점영업 인허가 정보, 서울시 안심귀갓길 안전시설물, 서울시 유흥주점영업 인허가 정보",20254,77,763,2026-07-13,2026-07-13,2026-07-01,3.0,3.0,수서,129.0,20.0,12.284,WGS84 좌표의 행정동 경계 포함 여부; 최근접 거리는 행정동 대표 중심점 기준 직선거리,서울특별시 T-DATA 지하철역 좌표정보; 서울 열린데이터광장 서울시 버스정류소 위치정보,True,True,True,True,True
1168051000,서울특별시,강남구,신사동,2025-12,2025-12,신뢰가능최신월,0,70282.95,25429.86,176.38,44853.09,98569.85,44824.13,119.9,53745.72,66.0,False,2026-05,32885.48,42708.95,25868.72,1.65,,,안심시설수 2023-04-21; 유흥시설수 2026-06-17,32,15,,,좌표공간조인,"서울시 단란주점영업 인허가 정보, 서울시 안심귀갓길 안전시설물, 서울시 유흥주점영업 인허가 정보",20254,94,3996,2026-07-13,2026-07-13,2026-07-01,0.0,0.0,압구정,740.0,15.0,7.29,WGS84 좌표의 행정동 경계 포함 여부; 최근접 거리는 행정동 대표 중심점 기준 직선거리,서울특별시 T-DATA 지하철역 좌표정보; 서울 열린데이터광장 서울시 버스정류소 위치정보,True,True,True,True,True
1168054500,서울특별시,강남구,압구정동,2025-12,2025-12,신뢰가능최신월,0,70282.95,25429.86,176.38,44853.09,98569.85,44824.13,119.9,53745.72,66.0,False,2026-05,40402.79,51203.69,32687.87,1.57,,,안심시설수 2023-04-21; 유흥시설수 2026-06-17,35,13,,,좌표공간조인,"서울시 단란주점영업 인허가 정보, 서울시 안심귀갓길 안전시설물, 서울시 유흥주점영업 인허가 정보",20254,93,4395,2026-07-13,2026-07-13,2026-07-01,2.0,2.0,압구정,597.0,20.0,8.535,WGS84 좌표의 행정동 경계 포함 여부; 최근접 거리는 행정동 대표 중심점 기준 직선거리,서울특별시 T-DATA 지하철역 좌표정보; 서울 열린데이터광장 서울시 버스정류소 위치정보,True,True,True,True,True
1168064000,서울특별시,강남구,역삼1동,2025-12,2025-12,신뢰가능최신월,0,33729.58,25429.86,32.64,8299.72,62685.94,44824.13,39.85,17861.81,226.0,False,2026-05,92818.26,124064.0,70499.88,1.76,,,안심시설수 2023-04-21; 유흥시설수 2026-06-17,104,121,,,좌표공간조인,"서울시 단란주점영업 인허가 정보, 서울시 안심귀갓길 안전시설물, 서울시 유흥주점영업 인허가 정보",20254,99,11118,2026-07-13,2026-07-13,2026-07-01,6.0,5.0,역삼,88.0,47.0,19.912,WGS84 좌표의 행정동 경계 포함 여부; 최근접 거리는 행정동 대표 중심점 기준 직선거리,서울특별시 T-DATA 지하철역 좌표정보; 서울 열린데이터광장 서울시 버스정류소 위치정보,True,True,True,True,True
1168065000,서울특별시,강남구,역삼2동,2025-12,2025-12,신뢰가능최신월,0,33729.58,25429.86,32.64,8299.72,62685.94,44824.13,39.85,17861.81,226.0,False,2026-05,51495.69,56732.03,47755.45,1.19,,,안심시설수 2023-04-21; 유흥시설수 2026-06-17,32,19,,,좌표공간조인,"서울시 단란주점영업 인허가 정보, 서울시 안심귀갓길 안전시설물, 서울시 유흥주점영업 인허가 정보",20254,93,3041,2026-07-13,2026-07-13,2026-07-01,0.0,0.0,선릉,707.0,26.0,22.924,WGS84 좌표의 행정동 경계 포함 여부; 최근접 거리는 행정동 대표 중심점 기준 직선거리,서울특별시 T-DATA 지하철역 좌표정보; 서울 열린데이터광장 서울시 버스정류소 위치정보,True,True,True,True,True
1168073000,서울특별시,강남구,일원1동,2025-12,2025-12,신뢰가능최신월,0,49825.03,25429.86,95.93,24395.17,64085.76,44824.13,42.97,19261.63,71.27,False,2026-05,13247.32,12983.7,13435.63,0.97,,,안심시설수 2023-04-21; 유흥시설수 2026-06-17,56,0,,,좌표공간조인,"서울시 단란주점영업 인허가 정보, 서울시 안심귀갓길 안전시설물, 서울시 유흥주점영업 인허가 정보",20254,80,690,2026-07-13,2026-07-13,2026-07-01,0.0,0.0,대청,858.0,15.0,15.744,WGS84 좌표의 행정동 경계 포함 여부; 최근접 거리는 행정동 대표 중심점 기준 직선거리,서울특별시 T-DATA 지하철역 좌표정보; 서울 열린데이터광장 서울시 버스정류소 위치정보,True,True,True,True,True
1168074000,서울특별시,강남구,일원2동,2025-12,2026-01,신뢰가능최신월,1,60341.9,25429.86,137.29,34912.04,84252.31,44824.13,87.96,39428.18,194.0,False,2026-05,17421.97,15661.62,18679.36,0.84,,,안심시설수 2023-04-21; 유흥시설수 2026-06-17,0,0,,,좌표공간조인,"서울시 단란주점영업 인허가 정보, 서울시 안심귀갓길 안전시설물, 서울시 유흥주점영업 인허가 정보",20254,70,399,,,,,,,,,,,,True,True,True,True,False
1168072000,서울특별시,강남구,일원본동,2025-12,2025-12,신뢰가능최신월,0,49825.03,25429.86,95.93,24395.17,64085.76,44824.13,42.97,19261.63,71.27,False,2026-05,22447.93,21108.22,23404.87,0.9,,,안심시설수 2023-04-21; 유흥시설수 2026-06-17,0,0,,,좌표공간조인,"서울시 단란주점영업 인허가 정보, 서울시 안심귀갓길 안전시설물, 서울시 유흥주점영업 인허가 정보",20254,63,415,2026-07-13,2026-07-13,2026-07-01,1.0,1.0,일원,153.0,27.0,11.476,WGS84 좌표의 행정동 경계 포함 여부; 최근접 거리는 행정동 대표 중심점 기준 직선거리,서울특별시 T-DATA 지하철역 좌표정보; 서울 열린데이터광장 서울시 버스정류소 위치정보,True,True,True,True,True
1168056500,서울특별시,강남구,청담동,2025-12,2025-12,신뢰가능최신월,0,56157.5,25429.86,120.83,30727.64,98775.81,44824.13,120.36,53951.68,72.0,False,2026-05,40699.46,49796.8,34201.37,1.46,,,안심시설수 2023-04-21; 유흥시설수 2026-06-17,62,23,,,좌표공간조인,"서울시 단란주점영업 인허가 정보, 서울시 안심귀갓길 안전시설물, 서울시 유흥주점영업 인허가 정보",20254,96,4440,2026-07-13,2026-07-13,2026-07-01,0.0,0.0,청담,613.0,25.0,10.741,WGS84 좌표의 행정동 경계 포함 여부; 최근접 거리는 행정동 대표 중심점 기준 직선거리,서울특별시 T-DATA 지하철역 좌표정보; 서울 열린데이터광장 서울시 버스정류소 위치정보,True,True,True,True,True
1174051500,서울특별시,강동구,강일동,2025-12,2025-12,신뢰가능최신월,0,28493.36,25429.86,12.05,3063.5,44618.44,44824.13,-0.46,-205.69,249.25,False,2026-05,47902.69,43184.49,51272.83,0.84,,,안심시설수 2023-04-21; 유흥시설수 2026-06-17,0,0,,,좌표공간조인,"서울시 단란주점영업 인허가 정보, 서울시 안심귀갓길 안전시설물, 서울시 유흥주점영업 인허가 정보",20254,80,850,2026-07-13,2026-07-13,2026-07-01,1.0,1.0,강일,1291.0,49.0,21.582,WGS84 좌표의 행정동 경계 포함 여부; 최근접 거리는 행정동 대표 중심점 기준 직선거리,서울특별시 T-DATA 지하철역 좌표정보; 서울 열린데이터광장 서울시 버스정류소 위치정보,True,True,True,True,True
1174055000,서울특별시,강동구,고덕1동,2025-12,2025-12,신뢰가능최신월,0,39774.87,25429.86,56.41,14345.01,65886.87,44824.13,46.99,21062.74,136.5,False,2026-05,23499.11,21212.07,25132.71,0.84,,,안심시설수 2023-04-21; 유흥시설수 2026-06-17,37,0,,,좌표공간조인,"서울시 단란주점영업 인허가 정보, 서울시 안심귀갓길 안전시설물, 서울시 유흥주점영업 인허가 정보",20254,72,541,2026-07-13,2026-07-13,2026-07-01,0.0,0.0,고덕,796.0,29.0,19.132,WGS84 좌표의 행정동 경계 포함 여부; 최근접 거리는 행정동 대표 중심점 기준 직선거리,서울특별시 T-DATA 지하철역 좌표정보; 서울 열린데이터광장 서울시 버스정류소 위치정보,True,True,True,True,True
1174056000,서울특별시,강동구,고덕2동,2025-12,2025-12,신뢰가능최신월,0,39774.87,25429.86,56.41,14345.01,65886.87,44824.13,46.99,21062.74,136.5,False,2026-05,22268.15,22915.36,21805.86,1.05,,,안심시설수 2023-04-21; 유흥시설수 2026-06-17,34,0,,,좌표공간조인,"서울시 단란주점영업 인허가 정보, 서울시 안심귀갓길 안전시설물, 서울시 유흥주점영업 인허가 정보",20254,83,893,2026-07-13,2026-07-13,2026-07-01,0.0,0.0,상일동,986.0,39.0,15.758,WGS84 좌표의 행정동 경계 포함 여부; 최근접 거리는 행정동 대표 중심점 기준 직선거리,서울특별시 T-DATA 지하철역 좌표정보; 서울 열린데이터광장 서울시 버스정류소 위치정보,True,True,True,True,True
1174068500,서울특별시,강동구,길동,2025-12,2025-12,신뢰가능최신월,0,14248.92,25429.86,-43.97,-11180.94,31490.72,44824.13,-29.75,-13333.41,213.0,False,2026-05,58963.69,56651.57,60615.2,0.93,,,안심시설수 2023-04-21; 유흥시설수 2026-06-17,103,96,,,좌표공간조인,"서울시 단란주점영업 인허가 정보, 서울시 안심귀갓길 안전시설물, 서울시 유흥주점영업 인허가 정보",20254,94,2729,2026-07-13,2026-07-13,2026-07-01,1.0,1.0,길동,567.0,37.0,22.695,WGS84 좌표의 행정동 경계 포함 여부; 최근접 거리는 행정동 대표 중심점 기준 직선거리,서울특별시 T-DATA 지하철역 좌표정보; 서울 열린데이터광장 서울시 버스정류소 위치정보,True,True,True,True,True
1174069000,서울특별시,강동구,둔촌1동,2025-12,2025-12,신뢰가능최신월,0,29421.04,25429.86,15.69,3991.18,42619.85,44824.13,-4.92,-2204.28,36.0,False,2026-05,27772.32,22554.89,31499.06,0.72,,,안심시설수 2023-04-21; 유흥시설수 2026-06-17,0,0,,,좌표공간조인,"서울시 단란주점영업 인허가 정보, 서울시 안심귀갓길 안전시설물, 서울시 유흥주점영업 인허가 정보",20254,43,176,2026-07-13,2026-07-13,2026-07-01,2.0,2.0,둔촌오륜,432.0,14.0,15.36,WGS84 좌표의 행정동 경계 포함 여부; 최근접 거리는 행정동 대표 중심점 기준 직선거리,서울특별시 T-DATA 지하철역 좌표정보; 서울 열린데이터광장 서울시 버스정류소 위치정보,True,True,True,True,True
1174070000,서울특별시,강동구,둔촌2동,2025-12,2025-12,신뢰가능최신월,0,29421.04,25429.86,15.69,3991.18,42619.85,44824.13,-4.92,-2204.28,36.0,False,2026-05,25369.77,24349.76,26098.35,0.93,,,안심시설수 2023-04-21; 유흥시설수 2026-06-17,46,2,,,좌표공간조인,"서울시 단란주점영업 인허가 정보, 서울시 안심귀갓길 안전시설물, 서울시 유흥주점영업 인허가 정보",20254,89,1058,2026-07-13,2026-07-13,2026-07-01,1.0,1.0,중앙보훈병원,270.0,30.0,19.364,WGS84 좌표의 행정동 경계 포함 여부; 최근접 거리는 행정동 대표 중심점 기준 직선거리,서울특별시 T-DATA 지하철역 좌표정보; 서울 열린데이터광장 서울시 버스정류소 위치정보,True,True,True,True,True
1174053000,서울특별시,강동구,명일1동,2025-12,2025-12,신뢰가능최신월,0,34383.51,25429.86,35.21,8953.65,49640.62,44824.13,10.75,4816.49,75.5,False,2026-05,23572.5,22338.76,24453.74,0.91,,,안심시설수 2023-04-21; 유흥시설수 2026-06-17,53,13,,,좌표공간조인,"서울시 단란주점영업 인허가 정보, 서울시 안심귀갓길 안전시설물, 서울시 유흥주점영업 인허가 정보",20254,91,1444,2026-07-13,2026-07-13,2026-07-01,1.0,1.0,명일,206.0,24.0,37.828,WGS84 좌표의 행정동 경계 포함 여부; 최근접 거리는 행정동 대표 중심점 기준 직선거리,서울특별시 T-DATA 지하철역 좌표정보; 서울 열린데이터광장 서울시 버스정류소 위치정보,True,True,True,True,True
1174054000,서울특별시,강동구,명일2동,2025-12,2025-12,신뢰가능최신월,0,34383.51,25429.86,35.21,8953.65,49640.62,44824.13,10.75,4816.49,75.5,False,2026-05,15340.82,15331.87,15347.21,1.0,,,안심시설수 2023-04-21; 유흥시설수 2026-06-17,0,0,,,좌표공간조인,"서울시 단란주점영업 인허가 정보, 서울시 안심귀갓길 안전시설물, 서울시 유흥주점영업 인허가 정보",20254,80,988,2026-07-13,2026-07-13,2026-07-01,1.0,1.0,고덕,751.0,13.0,14.229,WGS84 좌표의 행정동 경계 포함 여부; 최근접 거리는 행정동 대표 중심점 기준 직선거리,서울특별시 T-DATA 지하철역 좌표정보; 서울 열린데이터광장 서울시 버스정류소 위치정보,True,True,True,True,True
1174052500,서울특별시,강동구,상일1동,2025-12,2025-12,신뢰가능최신월,0,46602.21,25429.86,83.26,21172.35,67781.05,44824.13,51.22,22956.92,51.25,False,,,,,,,,안심시설수 2023-04-21; 유흥시설수 2026-06-17,0,1,,,좌표공간조인,"서울시 단란주점영업 인허가 정보, 서울시 안심귀갓길 안전시설물, 서울시 유흥주점영업 인허가 정보",20254,0,0,2026-07-13,2026-07-13,2026-07-01,1.0,1.0,상일동,689.0,40.0,22.19,WGS84 좌표의 행정동 경계 포함 여부; 최근접 거리는 행정동 대표 중심점 기준 직선거리,서울특별시 T-DATA 지하철역 좌표정보; 서울 열린데이터광장 서울시 버스정류소 위치정보,True,False,True,True,True
1174052600,서울특별시,강동구,상일2동,2025-12,2025-12,신뢰가능최신월,0,46602.21,25429.86,83.26,21172.35,67781.05,44824.13,51.22,22956.92,51.25,False,,,,,,,,안심시설수 2023-04-21; 유흥시설수 2026-06-17,0,0,,,좌표공간조인,"서울시 단란주점영업 인허가 정보, 서울시 안심귀갓길 안전시설물, 서울시 유흥주점영업 인허가 정보",20254,0,0,2026-07-13,2026-07-13,2026-07-01,0.0,0.0,강일,640.0,18.0,16.136,WGS84 좌표의 행정동 경계 포함 여부; 최근접 거리는 행정동 대표 중심점 기준 직선거리,서울특별시 T-DATA 지하철역 좌표정보; 서울 열린데이터광장 서울시 버스정류소 위치정보,True,False,True,True,True
1174052000,서울특별시,강동구,상일동,2025-12,2025-12,신뢰가능최신월,0,46602.21,25429.86,83.26,21172.35,67781.05,44824.13,51.22,22956.92,51.25,False,2026-05,40884.34,37616.08,43218.81,0.87,,,안심시설수 2023-04-21; 유흥시설수 2026-06-17,0,0,,,좌표공간조인,"서울시 단란주점영업 인허가 정보, 서울시 안심귀갓길 안전시설물, 서울시 유흥주점영업 인허가 정보",20254,77,865,,,,,,,,,,,,True,True,True,True,False
1174064000,서울특별시,강동구,성내1동,2025-12,2026-01,신뢰가능최신월,1,14526.1,25429.86,-42.88,-10903.76,31508.81,44824.13,-29.71,-13315.32,94.33,False,2026-05,21534.08,21374.35,21648.18,0.99,,,안심시설수 2023-04-21; 유흥시설수 2026-06-17,20,4,,,좌표공간조인,"서울시 단란주점영업 인허가 정보, 서울시 안심귀갓길 안전시설물, 서울시 유흥주점영업 인허가 정보",20254,88,1215,2026-07-13,2026-07-13,2026-07-01,1.0,1.0,강동구청,481.0,21.0,31.667,WGS84 좌표의 행정동 경계 포함 여부; 최근접 거리는 행정동 대표 중심점 기준 직선거리,서울특별시 T-DATA 지하철역 좌표정보; 서울 열린데이터광장 서울시 버스정류소 위치정보,True,True,True,True,True
1174065000,서울특별시,강동구,성내2동,2025-12,2026-01,신뢰가능최신월,1,14526.1,25429.86,-42.88,-10903.76,31508.81,44824.13,-29.71,-13315.32,94.33,False,2026-05,23984.11,22060.29,25358.27,0.87,,,안심시설수 2023-04-21; 유흥시설수 2026-06-17,59,1,,,좌표공간조인,"서울시 단란주점영업 인허가 정보, 서울시 안심귀갓길 안전시설물, 서울시 유흥주점영업 인허가 정보",20254,92,1416,2026-07-13,2026-07-13,2026-07-01,2.0,2.0,강동,450.0,18.0,28.816,WGS84 좌표의 행정동 경계 포함 여부; 최근접 거리는 행정동 대표 중심점 기준 직선거리,서울특별시 T-DATA 지하철역 좌표정보; 서울 열린데이터광장 서울시 버스정류소 위치정보,True,True,True,True,True
1174066000,서울특별시,강동구,성내3동,2025-12,2026-01,신뢰가능최신월,1,14526.1,25429.86,-42.88,-10903.76,31508.81,44824.13,-29.71,-13315.32,94.33,False,2026-05,27405.07,26270.42,28215.54,0.93,,,안심시설수 2023-04-21; 유흥시설수 2026-06-17,0,10,,,좌표공간조인,"서울시 단란주점영업 인허가 정보, 서울시 안심귀갓길 안전시설물, 서울시 유흥주점영업 인허가 정보",20254,89,1885,2026-07-13,2026-07-13,2026-07-01,0.0,0.0,둔촌동,227.0,15.0,23.189,WGS84 좌표의 행정동 경계 포함 여부; 최근접 거리는 행정동 대표 중심점 기준 직선거리,서울특별시 T-DATA 지하철역 좌표정보; 서울 열린데이터광장 서울시 버스정류소 위치정보,True,True,True,True,True
1174057000,서울특별시,강동구,암사1동,2025-12,2025-12,신뢰가능최신월,0,27198.26,25429.86,6.95,1768.4,46085.0,44824.13,2.81,1260.87,76.33,False,2026-05,28999.04,25344.74,31609.25,0.8,,,안심시설수 2023-04-21; 유흥시설수 2026-06-17,56,7,,,좌표공간조인,"서울시 단란주점영업 인허가 정보, 서울시 안심귀갓길 안전시설물, 서울시 유흥주점영업 인허가 정보",20254,90,1264,2026-07-13,2026-07-13,2026-07-01,0.0,0.0,암사역사공원,605.0,13.0,17.689,WGS84 좌표의 행정동 경계 포함 여부; 최근접 거리는 행정동 대표 중심점 기준 직선거리,서울특별시 T-DATA 지하철역 좌표정보; 서울 열린데이터광장 서울시 버스정류소 위치정보,True,True,True,True,True
1174058000,서울특별시,강동구,암사2동,2025-12,2025-12,신뢰가능최신월,0,27198.26,25429.86,6.95,1768.4,46085.0,44824.13,2.81,1260.87,76.33,False,2026-05,13686.29,12831.15,14297.11,0.9,,,안심시설수 2023-04-21; 유흥시설수 2026-06-17,0,2,,,좌표공간조인,"서울시 단란주점영업 인허가 정보, 서울시 안심귀갓길 안전시설물, 서울시 유흥주점영업 인허가 정보",20254,75,627,2026-07-13,2026-07-13,2026-07-01,1.0,1.0,암사,831.0,6.0,2.762,WGS84 좌표의 행정동 경계 포함 여부; 최근접 거리는 행정동 대표 중심점 기준 직선거리,서울특별시 T-DATA 지하철역 좌표정보; 서울 열린데이터광장 서울시 버스정류소 위치정보,True,True,True,True,True
1174059000,서울특별시,강동구,암사3동,2025-12,2025-12,신뢰가능최신월,0,27198.26,25429.86,6.95,1768.4,46085.0,44824.13,2.81,1260.87,76.33,False,2026-05,16768.06,15297.53,17818.43,0.86,,,안심시설수 2023-04-21; 유흥시설수 2026-06-17,0,0,,,좌표공간조인,"서울시 단란주점영업 인허가 정보, 서울시 안심귀갓길 안전시설물, 서울시 유흥주점영업 인허가 정보",20254,75,538,2026-07-13,2026-07-13,2026-07-01,1.0,1.0,암사역사공원,491.0,18.0,10.011,WGS84 좌표의 행정동 경계 포함 여부; 최근접 거리는 행정동 대표 중심점 기준 직선거리,서울특별시 T-DATA 지하철역 좌표정보; 서울 열린데이터광장 서울시 버스정류소 위치정보,True,True,True,True,True
1174060000,서울특별시,강동구,천호1동,2025-12,2026-01,신뢰가능최신월,1,15394.53,25429.86,-39.46,-10035.33,32515.32,44824.13,-27.46,-12308.81,144.0,False,2026-05,28607.78,26313.03,30246.88,0.87,,,안심시설수 2023-04-21; 유흥시설수 2026-06-17,14,5,,,좌표공간조인,"서울시 단란주점영업 인허가 정보, 서울시 안심귀갓길 안전시설물, 서울시 유흥주점영업 인허가 정보",20254,88,1032,2026-07-13,2026-07-13,2026-07-01,1.0,1.0,굽은다리(강동구민회관앞),392.0,19.0,28.423,WGS84 좌표의 행정동 경계 포함 여부; 최근접 거리는 행정동 대표 중심점 기준 직선거리,서울특별시 T-DATA 지하철역 좌표정보; 서울 열린데이터광장 서울시 버스정류소 위치정보,True,True,True,True,True
1174061000,서울특별시,강동구,천호2동,2025-12,2026-01,신뢰가능최신월,1,15394.53,25429.86,-39.46,-10035.33,32515.32,44824.13,-27.46,-12308.81,144.0,False,2026-05,44447.58,43021.0,45466.57,0.95,,,안심시설수 2023-04-21; 유흥시설수 2026-06-17,35,19,,,좌표공간조인,"서울시 단란주점영업 인허가 정보, 서울시 안심귀갓길 안전시설물, 서울시 유흥주점영업 인허가 정보",20254,94,2891,2026-07-13,2026-07-13,2026-07-01,0.0,0.0,천호(풍납토성),714.0,25.0,13.515,WGS84 좌표의 행정동 경계 포함 여부; 최근접 거리는 행정동 대표 중심점 기준 직선거리,서울특별시 T-DATA 지하철역 좌표정보; 서울 열린데이터광장 서울시 버스정류소 위치정보,True,True,True,True,True
1174062000,서울특별시,강동구,천호3동,2025-12,2026-01,신뢰가능최신월,1,15394.53,25429.86,-39.46,-10035.33,32515.32,44824.13,-27.46,-12308.81,144.0,False,2026-05,27233.69,24260.72,29357.24,0.83,,,안심시설수 2023-04-21; 유흥시설수 2026-06-17,36,13,,,좌표공간조인,"서울시 단란주점영업 인허가 정보, 서울시 안심귀갓길 안전시설물, 서울시 유흥주점영업 인허가 정보",20254,90,1381,2026-07-13,2026-07-13,2026-07-01,0.0,0.0,강동,438.0,12.0,21.386,WGS84 좌표의 행정동 경계 포함 여부; 최근접 거리는 행정동 대표 중심점 기준 직선거리,서울특별시 T-DATA 지하철역 좌표정보; 서울 열린데이터광장 서울시 버스정류소 위치정보,True,True,True,True,True
1130553500,서울특별시,강북구,미아동,2025-12,2025-12,신뢰가능최신월,0,17017.03,25429.86,-33.08,-8412.83,34816.53,44824.13,-22.33,-10007.6,62.6,False,2026-05,21233.05,21344.68,21153.32,1.01,,,안심시설수 2023-04-21; 유흥시설수 2026-06-17,151,13,,,좌표공간조인,"서울시 단란주점영업 인허가 정보, 서울시 안심귀갓길 안전시설물, 서울시 유흥주점영업 인허가 정보",20254,83,1156,2026-07-13,2026-07-13,2026-07-01,1.0,1.0,미아(서울사이버대학),222.0,27.0,32.121,WGS84 좌표의 행정동 경계 포함 여부; 최근접 거리는 행정동 대표 중심점 기준 직선거리,서울특별시 T-DATA 지하철역 좌표정보; 서울 열린데이터광장 서울시 버스정류소 위치정보,True,True,True,True,True
1130559500,서울특별시,강북구,번1동,2025-12,2025-12,신뢰가능최신월,0,9588.06,25429.86,-62.3,-15841.8,18111.67,44824.13,-59.59,-26712.46,27.67,False,,,,,,,,안심시설수 2023-04-21; 유흥시설수 2026-06-17,0,0,,,좌표공간조인,"서울시 단란주점영업 인허가 정보, 서울시 안심귀갓길 안전시설물, 서울시 유흥주점영업 인허가 정보",20254,87,1220,,,,,,,,,,,,True,False,True,True,False
1130560300,서울특별시,강북구,번2동,2025-12,2025-12,신뢰가능최신월,0,9588.06,25429.86,-62.3,-15841.8,18111.67,44824.13,-59.59,-26712.46,27.67,False,,,,,,,,안심시설수 2023-04-21; 유흥시설수 2026-06-17,0,0,,,좌표공간조인,"서울시 단란주점영업 인허가 정보, 서울시 안심귀갓길 안전시설물, 서울시 유흥주점영업 인허가 정보",20254,66,295,,,,,,,,,,,,True,False,True,True,False
1130560800,서울특별시,강북구,번3동,2025-12,2025-12,신뢰가능최신월,0,9588.06,25429.86,-62.3,-15841.8,18111.67,44824.13,-59.59,-26712.46,27.67,False,,,,,,,,안심시설수 2023-04-21; 유흥시설수 2026-06-17,0,0,,,좌표공간조인,"서울시 단란주점영업 인허가 정보, 서울시 안심귀갓길 안전시설물, 서울시 유흥주점영업 인허가 정보",20254,70,354,,,,,,,,,,,,True,False,True,True,False
1130557500,서울특별시,강북구,삼각산동,2025-12,2025-12,신뢰가능최신월,0,17017.03,25429.86,-33.08,-8412.83,34816.53,44824.13,-22.33,-10007.6,62.6,False,2026-05,19450.73,16477.63,21574.37,0.76,,,안심시설수 2023-04-21; 유흥시설수 2026-06-17,0,0,,,좌표공간조인,"서울시 단란주점영업 인허가 정보, 서울시 안심귀갓길 안전시설물, 서울시 유흥주점영업 인허가 정보",20254,76,686,2026-07-13,2026-07-13,2026-07-01,0.0,0.0,솔샘,427.0,22.0,35.402,WGS84 좌표의 행정동 경계 포함 여부; 최근접 거리는 행정동 대표 중심점 기준 직선거리,서울특별시 T-DATA 지하철역 좌표정보; 서울 열린데이터광장 서울시 버스정류소 위치정보,True,True,True,True,True
1130553400,서울특별시,강북구,삼양동,2025-12,2025-12,신뢰가능최신월,0,17017.03,25429.86,-33.08,-8412.83,34816.53,44824.13,-22.33,-10007.6,62.6,False,2026-05,19903.89,17123.6,21889.82,0.78,,,안심시설수 2023-04-21; 유흥시설수 2026-06-17,15,3,,,좌표공간조인,"서울시 단란주점영업 인허가 정보, 서울시 안심귀갓길 안전시설물, 서울시 유흥주점영업 인허가 정보",20254,78,638,2026-07-13,2026-07-13,2026-07-01,3.0,1.0,솔샘,412.0,29.0,31.406,WGS84 좌표의 행정동 경계 포함 여부; 최근접 거리는 행정동 대표 중심점 기준 직선거리,서울특별시 T-DATA 지하철역 좌표정보; 서울 열린데이터광장 서울시 버스정류소 위치정보,True,True,True,True,True
1130554500,서울특별시,강북구,송중동,2025-12,2025-12,신뢰가능최신월,0,17017.03,25429.86,-33.08,-8412.83,34816.53,44824.13,-22.33,-10007.6,62.6,False,2026-05,30797.39,30347.75,31118.56,0.98,,,안심시설수 2023-04-21; 유흥시설수 2026-06-17,123,11,,,좌표공간조인,"서울시 단란주점영업 인허가 정보, 서울시 안심귀갓길 안전시설물, 서울시 유흥주점영업 인허가 정보",20254,93,1557,2026-07-13,2026-07-13,2026-07-01,0.0,0.0,미아사거리,550.0,58.0,53.954,WGS84 좌표의 행정동 경계 포함 여부; 최근접 거리는 행정동 대표 중심점 기준 직선거리,서울특별시 T-DATA 지하철역 좌표정보; 서울 열린데이터광장 서울시 버스정류소 위치정보,True,True,True,True,True
1130555500,서울특별시,강북구,송천동,2025-12,2025-12,신뢰가능최신월,0,17017.03,25429.86,-33.08,-8412.83,34816.53,44824.13,-22.33,-10007.6,62.6,False,2026-05,22884.46,22001.66,23515.03,0.94,,,안심시설수 2023-04-21; 유흥시설수 2026-06-17,17,3,,,좌표공간조인,"서울시 단란주점영업 인허가 정보, 서울시 안심귀갓길 안전시설물, 서울시 유흥주점영업 인허가 정보",20254,85,1186,2026-07-13,2026-07-13,2026-07-01,1.0,1.0,삼양사거리,525.0,18.0,19.371,WGS84 좌표의 행정동 경계 포함 여부; 최근접 거리는 행정동 대표 중심점 기준 직선거리,서울특별시 T-DATA 지하철역 좌표정보; 서울 열린데이터광장 서울시 버스정류소 위치정보,True,True,True,True,True
1130561500,서울특별시,강북구,수유1동,2025-12,2026-02,신뢰가능최신월,2,6696.54,25429.86,-73.67,-18733.32,16871.43,44824.13,-62.36,-27952.7,49.6,False,,,,,,,,안심시설수 2023-04-21; 유흥시설수 2026-06-17,0,0,,,좌표공간조인,"서울시 단란주점영업 인허가 정보, 서울시 안심귀갓길 안전시설물, 서울시 유흥주점영업 인허가 정보",20254,87,989,,,,,,,,,,,,True,False,True,True,False
1130562500,서울특별시,강북구,수유2동,2025-12,2026-02,신뢰가능최신월,2,6696.54,25429.86,-73.67,-18733.32,16871.43,44824.13,-62.36,-27952.7,49.6,False,,,,,,,,안심시설수 2023-04-21; 유흥시설수 2026-06-17,0,0,,,좌표공간조인,"서울시 단란주점영업 인허가 정보, 서울시 안심귀갓길 안전시설물, 서울시 유흥주점영업 인허가 정보",20254,84,832,,,,,,,,,,,,True,False,True,True,False
1130563500,서울특별시,강북구,수유3동,2025-12,2026-02,신뢰가능최신월,2,6696.54,25429.86,-73.67,-18733.32,16871.43,44824.13,-62.36,-27952.7,49.6,False,,,,,,,,안심시설수 2023-04-21; 유흥시설수 2026-06-17,0,0,,,좌표공간조인,"서울시 단란주점영업 인허가 정보, 서울시 안심귀갓길 안전시설물, 서울시 유흥주점영업 인허가 정보",20254,91,1956,,,,,,,,,,,,True,False,True,True,False
1130564500,서울특별시,강북구,우이동,2025-12,2026-02,신뢰가능최신월,2,5774.69,25429.86,-77.29,-19655.17,15582.05,44824.13,-65.24,-29242.08,71.6,False,2026-05,17565.11,16819.93,18097.38,0.93,,,안심시설수 2023-04-21; 유흥시설수 2026-06-17,64,4,,,좌표공간조인,"서울시 단란주점영업 인허가 정보, 서울시 안심귀갓길 안전시설물, 서울시 유흥주점영업 인허가 정보",20254,78,749,2026-07-13,2026-07-13,2026-07-01,3.0,1.0,북한산우이,1114.0,34.0,3.214,WGS84 좌표의 행정동 경계 포함 여부; 최근접 거리는 행정동 대표 중심점 기준 직선거리,서울특별시 T-DATA 지하철역 좌표정보; 서울 열린데이터광장 서울시 버스정류소 위치정보,True,True,True,True,True
1130566000,서울특별시,강북구,인수동,2025-12,2026-02,신뢰가능최신월,2,6696.54,25429.86,-73.67,-18733.32,16871.43,44824.13,-62.36,-27952.7,49.6,False,2026-05,25046.06,22942.18,26548.84,0.86,,,안심시설수 2023-04-21; 유흥시설수 2026-06-17,127,8,,,좌표공간조인,"서울시 단란주점영업 인허가 정보, 서울시 안심귀갓길 안전시설물, 서울시 유흥주점영업 인허가 정보",20254,84,924,2026-07-13,2026-07-13,2026-07-01,0.0,0.0,가오리,1255.0,49.0,16.357,WGS84 좌표의 행정동 경계 포함 여부; 최근접 거리는 행정동 대표 중심점 기준 직선거리,서울특별시 T-DATA 지하철역 좌표정보; 서울 열린데이터광장 서울시 버스정류소 위치정보,True,True,True,True,True
1150060300,서울특별시,강서구,가양1동,2025-12,2025-12,신뢰가능최신월,0,21390.72,25429.86,-15.88,-4039.14,39822.33,44824.13,-11.16,-5001.8,209.75,False,2026-05,38579.74,47992.07,31856.65,1.51,,,안심시설수 2023-04-21; 유흥시설수 2026-06-17,0,35,,,좌표공간조인,"서울시 단란주점영업 인허가 정보, 서울시 안심귀갓길 안전시설물, 서울시 유흥주점영업 인허가 정보",20254,98,4729,2026-07-13,2026-07-13,2026-07-01,2.0,1.0,양천향교,687.0,56.0,11.509,WGS84 좌표의 행정동 경계 포함 여부; 최근접 거리는 행정동 대표 중심점 기준 직선거리,서울특별시 T-DATA 지하철역 좌표정보; 서울 열린데이터광장 서울시 버스정류소 위치정보,True,True,True,True,True
1150060400,서울특별시,강서구,가양2동,2025-12,2025-12,신뢰가능최신월,0,28743.81,25429.86,13.03,3313.95,41773.54,44824.13,-6.81,-3050.59,37.25,False,2026-05,13737.83,14564.28,13147.51,1.11,,,안심시설수 2023-04-21; 유흥시설수 2026-06-17,0,2,,,좌표공간조인,"서울시 단란주점영업 인허가 정보, 서울시 안심귀갓길 안전시설물, 서울시 유흥주점영업 인허가 정보",20254,76,389,2026-07-13,2026-07-13,2026-07-01,0.0,0.0,가양,597.0,13.0,15.791,WGS84 좌표의 행정동 경계 포함 여부; 최근접 거리는 행정동 대표 중심점 기준 직선거리,서울특별시 T-DATA 지하철역 좌표정보; 서울 열린데이터광장 서울시 버스정류소 위치정보,True,True,True,True,True
1150060500,서울특별시,강서구,가양3동,2025-12,2025-12,신뢰가능최신월,0,27006.5,25429.86,6.2,1576.64,43158.07,44824.13,-3.72,-1666.06,112.25,False,2026-05,11154.56,10651.35,11514.0,0.93,,,안심시설수 2023-04-21; 유흥시설수 2026-06-17,0,0,,,좌표공간조인,"서울시 단란주점영업 인허가 정보, 서울시 안심귀갓길 안전시설물, 서울시 유흥주점영업 인허가 정보",20254,73,333,2026-07-13,2026-07-13,2026-07-01,0.0,0.0,증미,385.0,14.0,29.643,WGS84 좌표의 행정동 경계 포함 여부; 최근접 거리는 행정동 대표 중심점 기준 직선거리,서울특별시 T-DATA 지하철역 좌표정보; 서울 열린데이터광장 서울시 버스정류소 위치정보,True,True,True,True,True
1150062000,서울특별시,강서구,공항동,2025-12,2025-12,신뢰가능최신월,0,14812.05,25429.86,-41.75,-10617.81,32801.06,44824.13,-26.82,-12023.07,174.0,False,2026-05,34510.22,36480.86,33102.62,1.1,,,안심시설수 2023-04-21; 유흥시설수 2026-06-17,55,7,,,좌표공간조인,"서울시 단란주점영업 인허가 정보, 서울시 안심귀갓길 안전시설물, 서울시 유흥주점영업 인허가 정보",20254,88,1277,2026-07-13,2026-07-13,2026-07-01,3.0,2.0,김포공항,907.0,61.0,5.568,WGS84 좌표의 행정동 경계 포함 여부; 최근접 거리는 행정동 대표 중심점 기준 직선거리,서울특별시 T-DATA 지하철역 좌표정보; 서울 열린데이터광장 서울시 버스정류소 위치정보,True,True,True,True,True
1150052000,서울특별시,강서구,등촌1동,2025-12,2025-12,신뢰가능최신월,0,22267.8,25429.86,-12.43,-3162.06,35209.89,44824.13,-21.45,-9614.24,81.5,False,2026-05,19988.69,18674.16,20927.64,0.89,,,안심시설수 2023-04-21; 유흥시설수 2026-06-17,24,6,,,좌표공간조인,"서울시 단란주점영업 인허가 정보, 서울시 안심귀갓길 안전시설물, 서울시 유흥주점영업 인허가 정보",20254,91,1368,2026-07-13,2026-07-13,2026-07-01,1.0,1.0,증미,268.0,15.0,23.067,WGS84 좌표의 행정동 경계 포함 여부; 최근접 거리는 행정동 대표 중심점 기준 직선거리,서울특별시 T-DATA 지하철역 좌표정보; 서울 열린데이터광장 서울시 버스정류소 위치정보,True,True,True,True,True
1150053000,서울특별시,강서구,등촌2동,2025-12,2025-12,신뢰가능최신월,0,22267.8,25429.86,-12.43,-3162.06,35209.89,44824.13,-21.45,-9614.24,81.5,False,2026-05,15261.32,13082.93,16817.32,0.78,,,안심시설수 2023-04-21; 유흥시설수 2026-06-17,47,0,,,좌표공간조인,"서울시 단란주점영업 인허가 정보, 서울시 안심귀갓길 안전시설물, 서울시 유흥주점영업 인허가 정보",20254,75,508,2026-07-13,2026-07-13,2026-07-01,0.0,0.0,등촌,730.0,9.0,9.89,WGS84 좌표의 행정동 경계 포함 여부; 최근접 거리는 행정동 대표 중심점 기준 직선거리,서울특별시 T-DATA 지하철역 좌표정보; 서울 열린데이터광장 서울시 버스정류소 위치정보,True,True,True,True,True
1150053500,서울특별시,강서구,등촌3동,2025-12,2025-12,신뢰가능최신월,0,22267.8,25429.86,-12.43,-3162.06,35209.89,44824.13,-21.45,-9614.24,81.5,False,2026-05,31691.63,34333.23,29804.76,1.15,,,안심시설수 2023-04-21; 유흥시설수 2026-06-17,0,0,,,좌표공간조인,"서울시 단란주점영업 인허가 정보, 서울시 안심귀갓길 안전시설물, 서울시 유흥주점영업 인허가 정보",20254,91,1750,2026-07-13,2026-07-13,2026-07-01,1.0,1.0,가양,730.0,49.0,46.244,WGS84 좌표의 행정동 경계 포함 여부; 최근접 거리는 행정동 대표 중심점 기준 직선거리,서울특별시 T-DATA 지하철역 좌표정보; 서울 열린데이터광장 서울시 버스정류소 위치정보,True,True,True,True,True
1150061100,서울특별시,강서구,발산1동,2025-12,2025-12,신뢰가능최신월,0,19020.83,25429.86,-25.2,-6409.03,42683.3,44824.13,-4.78,-2140.83,201.0,False,2026-05,30875.04,30572.33,31091.26,0.98,,,안심시설수 2023-04-21; 유흥시설수 2026-06-17,0,0,,,좌표공간조인,"서울시 단란주점영업 인허가 정보, 서울시 안심귀갓길 안전시설물, 서울시 유흥주점영업 인허가 정보",20254,94,3740,2026-07-13,2026-07-13,2026-07-01,1.0,1.0,우장산,996.0,58.0,20.1,WGS84 좌표의 행정동 경계 포함 여부; 최근접 거리는 행정동 대표 중심점 기준 직선거리,서울특별시 T-DATA 지하철역 좌표정보; 서울 열린데이터광장 서울시 버스정류소 위치정보,True,True,True,True,True
1150063000,서울특별시,강서구,방화1동,2025-12,2025-12,신뢰가능최신월,0,14812.05,25429.86,-41.75,-10617.81,32801.06,44824.13,-26.82,-12023.07,174.0,False,2026-05,32153.39,31198.57,32835.4,0.95,,,안심시설수 2023-04-21; 유흥시설수 2026-06-17,19,0,,,좌표공간조인,"서울시 단란주점영업 인허가 정보, 서울시 안심귀갓길 안전시설물, 서울시 유흥주점영업 인허가 정보",20254,93,1877,2026-07-13,2026-07-13,2026-07-01,2.0,2.0,신방화,147.0,43.0,29.161,WGS84 좌표의 행정동 경계 포함 여부; 최근접 거리는 행정동 대표 중심점 기준 직선거리,서울특별시 T-DATA 지하철역 좌표정보; 서울 열린데이터광장 서울시 버스정류소 위치정보,True,True,True,True,True
1150064000,서울특별시,강서구,방화2동,2025-12,2025-12,신뢰가능최신월,0,14269.94,25429.86,-43.89,-11159.92,26179.03,44824.13,-41.6,-18645.1,50.0,False,2026-05,24249.76,27094.66,22217.69,1.22,,,안심시설수 2023-04-21; 유흥시설수 2026-06-17,0,4,,,좌표공간조인,"서울시 단란주점영업 인허가 정보, 서울시 안심귀갓길 안전시설물, 서울시 유흥주점영업 인허가 정보",20254,87,1432,2026-07-13,2026-07-13,2026-07-01,7.0,5.0,개화,690.0,33.0,5.363,WGS84 좌표의 행정동 경계 포함 여부; 최근접 거리는 행정동 대표 중심점 기준 직선거리,서울특별시 T-DATA 지하철역 좌표정보; 서울 열린데이터광장 서울시 버스정류소 위치정보,True,True,True,True,True
1150064100,서울특별시,강서구,방화3동,2025-12,2025-12,신뢰가능최신월,0,16454.77,25429.86,-35.29,-8975.09,36889.14,44824.13,-17.7,-7934.99,140.0,False,2026-05,15049.2,13824.23,15924.19,0.87,,,안심시설수 2023-04-21; 유흥시설수 2026-06-17,22,0,,,좌표공간조인,"서울시 단란주점영업 인허가 정보, 서울시 안심귀갓길 안전시설물, 서울시 유흥주점영업 인허가 정보",20254,80,506,2026-07-13,2026-07-13,2026-07-01,1.0,1.0,방화,672.0,18.0,7.039,WGS84 좌표의 행정동 경계 포함 여부; 최근접 거리는 행정동 대표 중심점 기준 직선거리,서울특별시 T-DATA 지하철역 좌표정보; 서울 열린데이터광장 서울시 버스정류소 위치정보,True,True,True,True,True
1150051000,서울특별시,강서구,염창동,2025-12,2025-12,신뢰가능최신월,0,27006.5,25429.86,6.2,1576.64,43158.07,44824.13,-3.72,-1666.06,112.25,False,2026-05,29884.95,26498.26,32304.01,0.82,,,안심시설수 2023-04-21; 유흥시설수 2026-06-17,30,3,,,좌표공간조인,"서울시 단란주점영업 인허가 정보, 서울시 안심귀갓길 안전시설물, 서울시 유흥주점영업 인허가 정보",20254,93,1331,2026-07-13,2026-07-13,2026-07-01,0.0,0.0,등촌,693.0,36.0,20.771,WGS84 좌표의 행정동 경계 포함 여부; 최근접 거리는 행정동 대표 중심점 기준 직선거리,서울특별시 T-DATA 지하철역 좌표정보; 서울 열린데이터광장 서울시 버스정류소 위치정보,True,True,True,True,True
1150061500,서울특별시,강서구,우장산동,2025-12,2026-01,신뢰가능최신월,1,17502.18,25429.86,-31.17,-7927.68,34170.4,44824.13,-23.77,-10653.73,211.75,False,2026-05,33994.55,32556.82,35021.5,0.93,,,안심시설수 2023-04-21; 유흥시설수 2026-06-17,0,3,,,좌표공간조인,"서울시 단란주점영업 인허가 정보, 서울시 안심귀갓길 안전시설물, 서울시 유흥주점영업 인허가 정보",20254,88,1266,2026-07-13,2026-07-13,2026-07-01,1.0,1.0,우장산,472.0,28.0,22.21,WGS84 좌표의 행정동 경계 포함 여부; 최근접 거리는 행정동 대표 중심점 기준 직선거리,서울특별시 T-DATA 지하철역 좌표정보; 서울 열린데이터광장 서울시 버스정류소 위치정보,True,True,True,True,True
1150054000,서울특별시,강서구,화곡1동,2025-12,2026-01,신뢰가능최신월,1,14448.38,25429.86,-43.18,-10981.48,25886.81,44824.13,-42.25,-18937.32,102.75,False,2026-05,47613.72,44956.88,49511.46,0.91,,,안심시설수 2023-04-21; 유흥시설수 2026-06-17,35,115,,,좌표공간조인,"서울시 단란주점영업 인허가 정보, 서울시 안심귀갓길 안전시설물, 서울시 유흥주점영업 인허가 정보",20254,95,2142,2026-07-13,2026-07-13,2026-07-01,2.0,1.0,까치산,556.0,27.0,22.563,WGS84 좌표의 행정동 경계 포함 여부; 최근접 거리는 행정동 대표 중심점 기준 직선거리,서울특별시 T-DATA 지하철역 좌표정보; 서울 열린데이터광장 서울시 버스정류소 위치정보,True,True,True,True,True
1150055000,서울특별시,강서구,화곡2동,2025-12,2026-01,신뢰가능최신월,1,14448.38,25429.86,-43.18,-10981.48,25886.81,44824.13,-42.25,-18937.32,102.75,False,2026-05,12401.61,10700.1,13616.98,0.79,,,안심시설수 2023-04-21; 유흥시설수 2026-06-17,1,1,,,좌표공간조인,"서울시 단란주점영업 인허가 정보, 서울시 안심귀갓길 안전시설물, 서울시 유흥주점영업 인허가 정보",20254,77,573,2026-07-13,2026-07-13,2026-07-01,0.0,0.0,까치산,683.0,28.0,61.634,WGS84 좌표의 행정동 경계 포함 여부; 최근접 거리는 행정동 대표 중심점 기준 직선거리,서울특별시 T-DATA 지하철역 좌표정보; 서울 열린데이터광장 서울시 버스정류소 위치정보,True,True,True,True,True
1150056000,서울특별시,강서구,화곡3동,2025-12,2026-01,신뢰가능최신월,1,14448.38,25429.86,-43.18,-10981.48,25886.81,44824.13,-42.25,-18937.32,102.75,False,2026-05,16240.45,14816.94,17257.24,0.86,,,안심시설수 2023-04-21; 유흥시설수 2026-06-17,31,10,,,좌표공간조인,"서울시 단란주점영업 인허가 정보, 서울시 안심귀갓길 안전시설물, 서울시 유흥주점영업 인허가 정보",20254,78,948,2026-07-13,2026-07-13,2026-07-01,0.0,0.0,우장산,559.0,9.0,17.26,WGS84 좌표의 행정동 경계 포함 여부; 최근접 거리는 행정동 대표 중심점 기준 직선거리,서울특별시 T-DATA 지하철역 좌표정보; 서울 열린데이터광장 서울시 버스정류소 위치정보,True,True,True,True,True
1150057000,서울특별시,강서구,화곡4동,2025-12,2026-01,신뢰가능최신월,1,14448.38,25429.86,-43.18,-10981.48,25886.81,44824.13,-42.25,-18937.32,102.75,False,2026-05,13925.78,12408.31,15009.69,0.83,,,안심시설수 2023-04-21; 유흥시설수 2026-06-17,44,5,,,좌표공간조인,"서울시 단란주점영업 인허가 정보, 서울시 안심귀갓길 안전시설물, 서울시 유흥주점영업 인허가 정보",20254,83,1062,2026-07-13,2026-07-13,2026-07-01,0.0,0.0,까치산,1156.0,30.0,35.235,WGS84 좌표의 행정동 경계 포함 여부; 최근접 거리는 행정동 대표 중심점 기준 직선거리,서울특별시 T-DATA 지하철역 좌표정보; 서울 열린데이터광장 서울시 버스정류소 위치정보,True,True,True,True,True
1150059100,서울특별시,강서구,화곡6동,2025-12,2026-01,신뢰가능최신월,1,14448.38,25429.86,-43.18,-10981.48,25886.81,44824.13,-42.25,-18937.32,102.75,False,2026-05,20046.43,18231.12,21343.08,0.85,,,안심시설수 2023-04-21; 유흥시설수 2026-06-17,20,56,,,좌표공간조인,"서울시 단란주점영업 인허가 정보, 서울시 안심귀갓길 안전시설물, 서울시 유흥주점영업 인허가 정보",20254,85,1209,2026-07-13,2026-07-13,2026-07-01,0.0,0.0,가양,1110.0,29.0,27.961,WGS84 좌표의 행정동 경계 포함 여부; 최근접 거리는 행정동 대표 중심점 기준 직선거리,서울특별시 T-DATA 지하철역 좌표정보; 서울 열린데이터광장 서울시 버스정류소 위치정보,True,True,True,True,True
1150059300,서울특별시,강서구,화곡8동,2025-12,2026-01,신뢰가능최신월,1,14448.38,25429.86,-43.18,-10981.48,25886.81,44824.13,-42.25,-18937.32,102.75,False,2026-05,57193.14,55504.25,58399.49,0.95,,,안심시설수 2023-04-21; 유흥시설수 2026-06-17,24,10,,,좌표공간조인,"서울시 단란주점영업 인허가 정보, 서울시 안심귀갓길 안전시설물, 서울시 유흥주점영업 인허가 정보",20254,84,958,2026-07-13,2026-07-13,2026-07-01,0.0,0.0,까치산,333.0,27.0,45.512,WGS84 좌표의 행정동 경계 포함 여부; 최근접 거리는 행정동 대표 중심점 기준 직선거리,서울특별시 T-DATA 지하철역 좌표정보; 서울 열린데이터광장 서울시 버스정류소 위치정보,True,True,True,True,True
1150059000,서울특별시,강서구,화곡본동,2025-12,2026-01,신뢰가능최신월,1,14448.38,25429.86,-43.18,-10981.48,25886.81,44824.13,-42.25,-18937.32,102.75,False,2026-05,25918.8,21149.21,29325.64,0.72,,,안심시설수 2023-04-21; 유흥시설수 2026-06-17,22,3,,,좌표공간조인,"서울시 단란주점영업 인허가 정보, 서울시 안심귀갓길 안전시설물, 서울시 유흥주점영업 인허가 정보",20254,83,1065,2026-07-13,2026-07-13,2026-07-01,0.0,0.0,화곡,688.0,25.0,25.729,WGS84 좌표의 행정동 경계 포함 여부; 최근접 거리는 행정동 대표 중심점 기준 직선거리,서울특별시 T-DATA 지하철역 좌표정보; 서울 열린데이터광장 서울시 버스정류소 위치정보,True,True,True,True,True
1162058500,서울특별시,관악구,낙성대동,2025-12,2026-01,신뢰가능최신월,1,15858.09,25429.86,-37.64,-9571.77,41664.47,44824.13,-7.05,-3159.66,110.78,False,2026-05,25830.64,25268.32,26232.29,0.96,,,안심시설수 2023-04-21; 유흥시설수 2026-06-17,0,8,,,좌표공간조인,"서울시 단란주점영업 인허가 정보, 서울시 안심귀갓길 안전시설물, 서울시 유흥주점영업 인허가 정보",20254,90,1199,2026-07-13,2026-07-13,2026-07-01,0.0,0.0,낙성대,1080.0,34.0,15.037,WGS84 좌표의 행정동 경계 포함 여부; 최근접 거리는 행정동 대표 중심점 기준 직선거리,서울특별시 T-DATA 지하철역 좌표정보; 서울 열린데이터광장 서울시 버스정류소 위치정보,True,True,True,True,True
1162077500,서울특별시,관악구,난곡동,2025-12,2026-01,신뢰가능최신월,1,8134.25,25429.86,-68.01,-17295.61,23157.8,44824.13,-48.34,-21666.33,75.82,False,2026-05,16093.45,13947.42,17626.33,0.79,,,안심시설수 2023-04-21; 유흥시설수 2026-06-17,73,0,,,좌표공간조인,"서울시 단란주점영업 인허가 정보, 서울시 안심귀갓길 안전시설물, 서울시 유흥주점영업 인허가 정보",20254,76,569,2026-07-13,2026-07-13,2026-07-01,0.0,0.0,서울대벤처타운,1142.0,22.0,22.642,WGS84 좌표의 행정동 경계 포함 여부; 최근접 거리는 행정동 대표 중심점 기준 직선거리,서울특별시 T-DATA 지하철역 좌표정보; 서울 열린데이터광장 서울시 버스정류소 위치정보,True,True,True,True,True
1162071500,서울특별시,관악구,난향동,2025-12,2026-01,신뢰가능최신월,1,8134.25,25429.86,-68.01,-17295.61,23157.8,44824.13,-48.34,-21666.33,75.82,False,2026-05,7826.16,6408.44,8838.81,0.73,,,안심시설수 2023-04-21; 유흥시설수 2026-06-17,31,1,,,좌표공간조인,"서울시 단란주점영업 인허가 정보, 서울시 안심귀갓길 안전시설물, 서울시 유흥주점영업 인허가 정보",20254,67,292,2026-07-13,2026-07-13,2026-07-01,0.0,0.0,서울대벤처타운,1793.0,15.0,18.275,WGS84 좌표의 행정동 경계 포함 여부; 최근접 거리는 행정동 대표 중심점 기준 직선거리,서울특별시 T-DATA 지하철역 좌표정보; 서울 열린데이터광장 서울시 버스정류소 위치정보,True,True,True,True,True
1162063000,서울특별시,관악구,남현동,2025-12,2025-12,신뢰가능최신월,0,11995.05,25429.86,-52.83,-13434.81,28480.0,44824.13,-36.46,-16344.13,65.0,False,2026-05,21521.63,20476.63,22268.05,0.92,,,안심시설수 2023-04-21; 유흥시설수 2026-06-17,41,19,,,좌표공간조인,"서울시 단란주점영업 인허가 정보, 서울시 안심귀갓길 안전시설물, 서울시 유흥주점영업 인허가 정보",20254,86,754,2026-07-13,2026-07-13,2026-07-01,0.0,0.0,남태령,1005.0,9.0,2.745,WGS84 좌표의 행정동 경계 포함 여부; 최근접 거리는 행정동 대표 중심점 기준 직선거리,서울특별시 T-DATA 지하철역 좌표정보; 서울 열린데이터광장 서울시 버스정류소 위치정보,True,True,True,True,True
1162073500,서울특별시,관악구,대학동,2025-12,2026-01,신뢰가능최신월,1,8134.25,25429.86,-68.01,-17295.61,23157.8,44824.13,-48.34,-21666.33,75.82,False,2026-05,36744.11,43343.77,32030.07,1.35,,,안심시설수 2023-04-21; 유흥시설수 2026-06-17,38,0,,,좌표공간조인,"서울시 단란주점영업 인허가 정보, 서울시 안심귀갓길 안전시설물, 서울시 유흥주점영업 인허가 정보",20254,76,1074,2026-07-13,2026-07-13,2026-07-01,1.0,1.0,관악산(서울대),1822.0,51.0,6.072,WGS84 좌표의 행정동 경계 포함 여부; 최근접 거리는 행정동 대표 중심점 기준 직선거리,서울특별시 T-DATA 지하철역 좌표정보; 서울 열린데이터광장 서울시 버스정류소 위치정보,True,True,True,True,True
1162076500,서울특별시,관악구,미성동,2025-12,2026-01,신뢰가능최신월,1,8134.25,25429.86,-68.01,-17295.61,23157.8,44824.13,-48.34,-21666.33,75.82,False,2026-05,19794.69,17565.32,21387.09,0.82,,,안심시설수 2023-04-21; 유흥시설수 2026-06-17,42,8,,,좌표공간조인,"서울시 단란주점영업 인허가 정보, 서울시 안심귀갓길 안전시설물, 서울시 유흥주점영업 인허가 정보",20254,89,993,2026-07-13,2026-07-13,2026-07-01,0.0,0.0,신대방,1296.0,36.0,26.501,WGS84 좌표의 행정동 경계 포함 여부; 최근접 거리는 행정동 대표 중심점 기준 직선거리,서울특별시 T-DATA 지하철역 좌표정보; 서울 열린데이터광장 서울시 버스정류소 위치정보,True,True,True,True,True
1162052500,서울특별시,관악구,보라매동,2025-12,2026-01,신뢰가능최신월,1,15858.09,25429.86,-37.64,-9571.77,41664.47,44824.13,-7.05,-3159.66,110.78,False,2026-05,17674.89,16506.11,18509.74,0.89,,,안심시설수 2023-04-21; 유흥시설수 2026-06-17,29,1,,,좌표공간조인,"서울시 단란주점영업 인허가 정보, 서울시 안심귀갓길 안전시설물, 서울시 유흥주점영업 인허가 정보",20254,81,1175,2026-07-13,2026-07-13,2026-07-01,1.0,1.0,당곡,448.0,25.0,33.064,WGS84 좌표의 행정동 경계 포함 여부; 최근접 거리는 행정동 대표 중심점 기준 직선거리,서울특별시 T-DATA 지하철역 좌표정보; 서울 열린데이터광장 서울시 버스정류소 위치정보,True,True,True,True,True
1162074500,서울특별시,관악구,삼성동,2025-12,2026-01,신뢰가능최신월,1,8134.25,25429.86,-68.01,-17295.61,23157.8,44824.13,-48.34,-21666.33,75.82,False,2026-05,18267.57,15925.78,19940.27,0.8,,,안심시설수 2023-04-21; 유흥시설수 2026-06-17,0,1,,,좌표공간조인,"서울시 단란주점영업 인허가 정보, 서울시 안심귀갓길 안전시설물, 서울시 유흥주점영업 인허가 정보",20254,77,560,2026-07-13,2026-07-13,2026-07-01,0.0,0.0,서울대벤처타운,1283.0,30.0,11.528,WGS84 좌표의 행정동 경계 포함 여부; 최근접 거리는 행정동 대표 중심점 기준 직선거리,서울특별시 T-DATA 지하철역 좌표정보; 서울 열린데이터광장 서울시 버스정류소 위치정보,True,True,True,True,True
1162066500,서울특별시,관악구,서림동,2025-12,2026-01,신뢰가능최신월,1,8134.25,25429.86,-68.01,-17295.61,23157.8,44824.13,-48.34,-21666.33,75.82,False,2026-05,17190.9,13831.66,19590.36,0.71,,,안심시설수 2023-04-21; 유흥시설수 2026-06-17,30,1,,,좌표공간조인,"서울시 단란주점영업 인허가 정보, 서울시 안심귀갓길 안전시설물, 서울시 유흥주점영업 인허가 정보",20254,79,637,2026-07-13,2026-07-13,2026-07-01,1.0,1.0,관악산(서울대),523.0,23.0,24.454,WGS84 좌표의 행정동 경계 포함 여부; 최근접 거리는 행정동 대표 중심점 기준 직선거리,서울특별시 T-DATA 지하철역 좌표정보; 서울 열린데이터광장 서울시 버스정류소 위치정보,True,True,True,True,True
1162064500,서울특별시,관악구,서원동,2025-12,2026-01,신뢰가능최신월,1,8134.25,25429.86,-68.01,-17295.61,23157.8,44824.13,-48.34,-21666.33,75.82,False,2026-05,19184.38,16941.08,20786.73,0.81,,,안심시설수 2023-04-21; 유흥시설수 2026-06-17,53,38,,,좌표공간조인,"서울시 단란주점영업 인허가 정보, 서울시 안심귀갓길 안전시설물, 서울시 유흥주점영업 인허가 정보",20254,88,1095,2026-07-13,2026-07-13,2026-07-01,2.0,2.0,서원,264.0,21.0,32.455,WGS84 좌표의 행정동 경계 포함 여부; 최근접 거리는 행정동 대표 중심점 기준 직선거리,서울특별시 T-DATA 지하철역 좌표정보; 서울 열린데이터광장 서울시 버스정류소 위치정보,True,True,True,True,True
1162056500,서울특별시,관악구,성현동,2025-12,2026-01,신뢰가능최신월,1,15858.09,25429.86,-37.64,-9571.77,41664.47,44824.13,-7.05,-3159.66,110.78,False,2026-05,20146.05,16729.13,22586.7,0.74,,,안심시설수 2023-04-21; 유흥시설수 2026-06-17,49,1,,,좌표공간조인,"서울시 단란주점영업 인허가 정보, 서울시 안심귀갓길 안전시설물, 서울시 유흥주점영업 인허가 정보",20254,80,570,2026-07-13,2026-07-13,2026-07-01,0.0,0.0,숭실대입구(살피재),760.0,29.0,42.791,WGS84 좌표의 행정동 경계 포함 여부; 최근접 거리는 행정동 대표 중심점 기준 직선거리,서울특별시 T-DATA 지하철역 좌표정보; 서울 열린데이터광장 서울시 버스정류소 위치정보,True,True,True,True,True
1162069500,서울특별시,관악구,신림동,2025-12,2026-01,신뢰가능최신월,1,8134.25,25429.86,-68.01,-17295.61,23157.8,44824.13,-48.34,-21666.33,75.82,False,2026-05,28756.64,26511.77,30360.12,0.87,,,안심시설수 2023-04-21; 유흥시설수 2026-06-17,63,103,,,좌표공간조인,"서울시 단란주점영업 인허가 정보, 서울시 안심귀갓길 안전시설물, 서울시 유흥주점영업 인허가 정보",20254,94,1527,2026-07-13,2026-07-13,2026-07-01,1.0,1.0,신림,327.0,17.0,31.437,WGS84 좌표의 행정동 경계 포함 여부; 최근접 거리는 행정동 대표 중심점 기준 직선거리,서울특별시 T-DATA 지하철역 좌표정보; 서울 열린데이터광장 서울시 버스정류소 위치정보,True,True,True,True,True
1162068500,서울특별시,관악구,신사동,2025-12,2026-01,신뢰가능최신월,1,8134.25,25429.86,-68.01,-17295.61,23157.8,44824.13,-48.34,-21666.33,75.82,False,2026-05,18844.75,15994.9,20880.36,0.77,,,안심시설수 2023-04-21; 유흥시설수 2026-06-17,71,12,,,좌표공간조인,"서울시 단란주점영업 인허가 정보, 서울시 안심귀갓길 안전시설물, 서울시 유흥주점영업 인허가 정보",20254,84,1053,2026-07-13,2026-07-13,2026-07-01,1.0,1.0,신대방,517.0,18.0,28.097,WGS84 좌표의 행정동 경계 포함 여부; 최근접 거리는 행정동 대표 중심점 기준 직선거리,서울특별시 T-DATA 지하철역 좌표정보; 서울 열린데이터광장 서울시 버스정류소 위치정보,True,True,True,True,True
1162065500,서울특별시,관악구,신원동,2025-12,2026-01,신뢰가능최신월,1,8134.25,25429.86,-68.01,-17295.61,23157.8,44824.13,-48.34,-21666.33,75.82,False,2026-05,14847.09,12416.44,16583.27,0.75,,,안심시설수 2023-04-21; 유흥시설수 2026-06-17,0,1,,,좌표공간조인,"서울시 단란주점영업 인허가 정보, 서울시 안심귀갓길 안전시설물, 서울시 유흥주점영업 인허가 정보",20254,81,671,2026-07-13,2026-07-13,2026-07-01,0.0,0.0,서원,582.0,10.0,18.363,WGS84 좌표의 행정동 경계 포함 여부; 최근접 거리는 행정동 대표 중심점 기준 직선거리,서울특별시 T-DATA 지하철역 좌표정보; 서울 열린데이터광장 서울시 버스정류소 위치정보,True,True,True,True,True
1162060500,서울특별시,관악구,은천동,2025-12,2026-01,신뢰가능최신월,1,15858.09,25429.86,-37.64,-9571.77,41664.47,44824.13,-7.05,-3159.66,110.78,False,2026-05,26524.3,22703.68,29253.31,0.78,,,안심시설수 2023-04-21; 유흥시설수 2026-06-17,41,4,,,좌표공간조인,"서울시 단란주점영업 인허가 정보, 서울시 안심귀갓길 안전시설물, 서울시 유흥주점영업 인허가 정보",20254,90,1180,2026-07-13,2026-07-13,2026-07-01,0.0,0.0,봉천,515.0,40.0,51.571,WGS84 좌표의 행정동 경계 포함 여부; 최근접 거리는 행정동 대표 중심점 기준 직선거리,서울특별시 T-DATA 지하철역 좌표정보; 서울 열린데이터광장 서울시 버스정류소 위치정보,True,True,True,True,True
1162062500,서울특별시,관악구,인헌동,2025-12,2026-01,신뢰가능최신월,1,15858.09,25429.86,-37.64,-9571.77,41664.47,44824.13,-7.05,-3159.66,110.78,False,2026-05,21434.41,17734.65,24077.09,0.74,,,안심시설수 2023-04-21; 유흥시설수 2026-06-17,0,2,,,좌표공간조인,"서울시 단란주점영업 인허가 정보, 서울시 안심귀갓길 안전시설물, 서울시 유흥주점영업 인허가 정보",20254,82,856,2026-07-13,2026-07-13,2026-07-01,1.0,1.0,낙성대,872.0,24.0,22.053,WGS84 좌표의 행정동 경계 포함 여부; 최근접 거리는 행정동 대표 중심점 기준 직선거리,서울특별시 T-DATA 지하철역 좌표정보; 서울 열린데이터광장 서울시 버스정류소 위치정보,True,True,True,True,True
1162072500,서울특별시,관악구,조원동,2025-12,2026-01,신뢰가능최신월,1,8134.25,25429.86,-68.01,-17295.61,23157.8,44824.13,-48.34,-21666.33,75.82,False,2026-05,38841.73,40805.68,37438.91,1.09,,,안심시설수 2023-04-21; 유흥시설수 2026-06-17,29,38,,,좌표공간조인,"서울시 단란주점영업 인허가 정보, 서울시 안심귀갓길 안전시설물, 서울시 유흥주점영업 인허가 정보",20254,90,1200,2026-07-13,2026-07-13,2026-07-01,0.0,0.0,구로디지털단지,592.0,26.0,39.032,WGS84 좌표의 행정동 경계 포함 여부; 최근접 거리는 행정동 대표 중심점 기준 직선거리,서울특별시 T-DATA 지하철역 좌표정보; 서울 열린데이터광장 서울시 버스정류소 위치정보,True,True,True,True,True
1162061500,서울특별시,관악구,중앙동,2025-12,2026-01,신뢰가능최신월,1,15858.09,25429.86,-37.64,-9571.77,41664.47,44824.13,-7.05,-3159.66,110.78,False,2026-05,12698.49,11382.81,13638.27,0.83,,,안심시설수 2023-04-21; 유흥시설수 2026-06-17,37,5,,,좌표공간조인,"서울시 단란주점영업 인허가 정보, 서울시 안심귀갓길 안전시설물, 서울시 유흥주점영업 인허가 정보",20254,86,806,2026-07-13,2026-07-13,2026-07-01,0.0,0.0,서울대입구(관악구청),371.0,12.0,31.214,WGS84 좌표의 행정동 경계 포함 여부; 최근접 거리는 행정동 대표 중심점 기준 직선거리,서울특별시 T-DATA 지하철역 좌표정보; 서울 열린데이터광장 서울시 버스정류소 위치정보,True,True,True,True,True
1162059500,서울특별시,관악구,청룡동,2025-12,2026-01,신뢰가능최신월,1,15858.09,25429.86,-37.64,-9571.77,41664.47,44824.13,-7.05,-3159.66,110.78,False,2026-05,39172.89,34613.82,42429.38,0.82,,,안심시설수 2023-04-21; 유흥시설수 2026-06-17,29,8,,,좌표공간조인,"서울시 단란주점영업 인허가 정보, 서울시 안심귀갓길 안전시설물, 서울시 유흥주점영업 인허가 정보",20254,93,1649,2026-07-13,2026-07-13,2026-07-01,2.0,1.0,봉천,590.0,16.0,13.392,WGS84 좌표의 행정동 경계 포함 여부; 최근접 거리는 행정동 대표 중심점 기준 직선거리,서울특별시 T-DATA 지하철역 좌표정보; 서울 열린데이터광장 서울시 버스정류소 위치정보,True,True,True,True,True
1162054500,서울특별시,관악구,청림동,2025-12,2026-01,신뢰가능최신월,1,15858.09,25429.86,-37.64,-9571.77,41664.47,44824.13,-7.05,-3159.66,110.78,False,2026-05,11411.81,9089.81,13070.38,0.7,,,안심시설수 2023-04-21; 유흥시설수 2026-06-17,0,0,,,좌표공간조인,"서울시 단란주점영업 인허가 정보, 서울시 안심귀갓길 안전시설물, 서울시 유흥주점영업 인허가 정보",20254,70,365,2026-07-13,2026-07-13,2026-07-01,0.0,0.0,숭실대입구(살피재),875.0,8.0,26.942,WGS84 좌표의 행정동 경계 포함 여부; 최근접 거리는 행정동 대표 중심점 기준 직선거리,서울특별시 T-DATA 지하철역 좌표정보; 서울 열린데이터광장 서울시 버스정류소 위치정보,True,True,True,True,True
1162057500,서울특별시,관악구,행운동,2025-12,2026-01,신뢰가능최신월,1,15858.09,25429.86,-37.64,-9571.77,41664.47,44824.13,-7.05,-3159.66,110.78,False,2026-05,23639.82,21077.17,25470.29,0.83,,,안심시설수 2023-04-21; 유흥시설수 2026-06-17,30,16,,,좌표공간조인,"서울시 단란주점영업 인허가 정보, 서울시 안심귀갓길 안전시설물, 서울시 유흥주점영업 인허가 정보",20254,91,1229,2026-07-13,2026-07-13,2026-07-01,0.0,0.0,낙성대,528.0,15.0,20.9,WGS84 좌표의 행정동 경계 포함 여부; 최근접 거리는 행정동 대표 중심점 기준 직선거리,서울특별시 T-DATA 지하철역 좌표정보; 서울 열린데이터광장 서울시 버스정류소 위치정보,True,True,True,True,True
1121581000,서울특별시,광진구,광장동,2025-12,2025-12,신뢰가능최신월,0,60452.84,25429.86,137.72,35022.98,74931.4,44824.13,67.17,30107.27,98.0,False,2026-05,35409.65,33926.85,36468.8,0.93,,,안심시설수 2023-04-21; 유흥시설수 2026-06-17,0,6,,,좌표공간조인,"서울시 단란주점영업 인허가 정보, 서울시 안심귀갓길 안전시설물, 서울시 유흥주점영업 인허가 정보",20254,90,1040,2026-07-13,2026-07-13,2026-07-01,1.0,1.0,광나루(장신대),297.0,38.0,15.887,WGS84 좌표의 행정동 경계 포함 여부; 최근접 거리는 행정동 대표 중심점 기준 직선거리,서울특별시 T-DATA 지하철역 좌표정보; 서울 열린데이터광장 서울시 버스정류소 위치정보,True,True,True,True,True
1121585000,서울특별시,광진구,구의1동,2025-12,2026-01,신뢰가능최신월,1,22919.63,25429.86,-9.87,-2510.23,48217.36,44824.13,7.57,3393.23,114.33,False,2026-05,20596.55,18581.0,22036.23,0.84,,,안심시설수 2023-04-21; 유흥시설수 2026-06-17,0,15,,,좌표공간조인,"서울시 단란주점영업 인허가 정보, 서울시 안심귀갓길 안전시설물, 서울시 유흥주점영업 인허가 정보",20254,88,1385,2026-07-13,2026-07-13,2026-07-01,1.0,1.0,구의(광진구청),506.0,13.0,21.865,WGS84 좌표의 행정동 경계 포함 여부; 최근접 거리는 행정동 대표 중심점 기준 직선거리,서울특별시 T-DATA 지하철역 좌표정보; 서울 열린데이터광장 서울시 버스정류소 위치정보,True,True,True,True,True
1121586000,서울특별시,광진구,구의2동,2025-12,2026-01,신뢰가능최신월,1,22919.63,25429.86,-9.87,-2510.23,48217.36,44824.13,7.57,3393.23,114.33,False,2026-05,18788.27,17120.59,19979.47,0.86,,,안심시설수 2023-04-21; 유흥시설수 2026-06-17,19,3,,,좌표공간조인,"서울시 단란주점영업 인허가 정보, 서울시 안심귀갓길 안전시설물, 서울시 유흥주점영업 인허가 정보",20254,88,939,2026-07-13,2026-07-13,2026-07-01,1.0,1.0,아차산(어린이대공원후문),455.0,21.0,15.141,WGS84 좌표의 행정동 경계 포함 여부; 최근접 거리는 행정동 대표 중심점 기준 직선거리,서울특별시 T-DATA 지하철역 좌표정보; 서울 열린데이터광장 서울시 버스정류소 위치정보,True,True,True,True,True
1121587000,서울특별시,광진구,구의3동,2025-12,2026-01,신뢰가능최신월,1,22919.63,25429.86,-9.87,-2510.23,48217.36,44824.13,7.57,3393.23,114.33,False,2026-05,27798.9,28587.49,27235.62,1.05,,,안심시설수 2023-04-21; 유흥시설수 2026-06-17,33,5,,,좌표공간조인,"서울시 단란주점영업 인허가 정보, 서울시 안심귀갓길 안전시설물, 서울시 유흥주점영업 인허가 정보",20254,96,2233,2026-07-13,2026-07-13,2026-07-01,1.0,1.0,강변(동서울터미널),211.0,23.0,22.4,WGS84 좌표의 행정동 경계 포함 여부; 최근접 거리는 행정동 대표 중심점 기준 직선거리,서울특별시 T-DATA 지하철역 좌표정보; 서울 열린데이터광장 서울시 버스정류소 위치정보,True,True,True,True,True
1121573000,서울특별시,광진구,군자동,2025-12,2026-01,신뢰가능최신월,1,6141.46,25429.86,-75.85,-19288.4,25064.29,44824.13,-44.08,-19759.84,130.0,False,2026-05,25115.62,26285.74,24279.83,1.08,,,안심시설수 2023-04-21; 유흥시설수 2026-06-17,0,7,,,좌표공간조인,"서울시 단란주점영업 인허가 정보, 서울시 안심귀갓길 안전시설물, 서울시 유흥주점영업 인허가 정보",20254,87,1278,2026-07-13,2026-07-13,2026-07-01,0.0,0.0,어린이대공원(세종대),564.0,22.0,29.832,WGS84 좌표의 행정동 경계 포함 여부; 최근접 거리는 행정동 대표 중심점 기준 직선거리,서울특별시 T-DATA 지하철역 좌표정보; 서울 열린데이터광장 서울시 버스정류소 위치정보,True,True,True,True,True
1121578000,서울특별시,광진구,능동,2025-12,2025-12,신뢰가능최신월,0,9683.52,25429.86,-61.92,-15746.34,20485.71,44824.13,-54.3,-24338.42,88.0,False,2026-05,15520.24,18998.5,13035.77,1.46,,,안심시설수 2023-04-21; 유흥시설수 2026-06-17,0,0,,,좌표공간조인,"서울시 단란주점영업 인허가 정보, 서울시 안심귀갓길 안전시설물, 서울시 유흥주점영업 인허가 정보",20254,84,613,2026-07-13,2026-07-13,2026-07-01,3.0,2.0,어린이대공원(세종대),692.0,9.0,8.247,WGS84 좌표의 행정동 경계 포함 여부; 최근접 거리는 행정동 대표 중심점 기준 직선거리,서울특별시 T-DATA 지하철역 좌표정보; 서울 열린데이터광장 서울시 버스정류소 위치정보,True,True,True,True,True
1121582000,서울특별시,광진구,자양1동,2025-12,2025-12,신뢰가능최신월,0,25236.34,25429.86,-0.76,-193.52,40525.59,44824.13,-9.59,-4298.54,109.5,False,2026-05,23223.25,21999.86,24097.1,0.91,,,안심시설수 2023-04-21; 유흥시설수 2026-06-17,49,6,,,좌표공간조인,"서울시 단란주점영업 인허가 정보, 서울시 안심귀갓길 안전시설물, 서울시 유흥주점영업 인허가 정보",20254,91,1230,2026-07-13,2026-07-13,2026-07-01,0.0,0.0,구의(광진구청),510.0,13.0,22.87,WGS84 좌표의 행정동 경계 포함 여부; 최근접 거리는 행정동 대표 중심점 기준 직선거리,서울특별시 T-DATA 지하철역 좌표정보; 서울 열린데이터광장 서울시 버스정류소 위치정보,True,True,True,True,True
1121583000,서울특별시,광진구,자양2동,2025-12,2025-12,신뢰가능최신월,0,25236.34,25429.86,-0.76,-193.52,40525.59,44824.13,-9.59,-4298.54,109.5,False,2026-05,24016.79,22634.43,25004.19,0.91,,,안심시설수 2023-04-21; 유흥시설수 2026-06-17,28,2,,,좌표공간조인,"서울시 단란주점영업 인허가 정보, 서울시 안심귀갓길 안전시설물, 서울시 유흥주점영업 인허가 정보",20254,91,1056,2026-07-13,2026-07-13,2026-07-01,0.0,0.0,구의(광진구청),928.0,14.0,8.453,WGS84 좌표의 행정동 경계 포함 여부; 최근접 거리는 행정동 대표 중심점 기준 직선거리,서울특별시 T-DATA 지하철역 좌표정보; 서울 열린데이터광장 서울시 버스정류소 위치정보,True,True,True,True,True
1121584000,서울특별시,광진구,자양3동,2025-12,2025-12,신뢰가능최신월,0,25236.34,25429.86,-0.76,-193.52,40525.59,44824.13,-9.59,-4298.54,109.5,False,2026-05,26492.06,25611.47,27121.05,0.94,,,안심시설수 2023-04-21; 유흥시설수 2026-06-17,0,1,,,좌표공간조인,"서울시 단란주점영업 인허가 정보, 서울시 안심귀갓길 안전시설물, 서울시 유흥주점영업 인허가 정보",20254,89,1187,2026-07-13,2026-07-13,2026-07-01,0.0,0.0,뚝섬유원지,382.0,20.0,16.729,WGS84 좌표의 행정동 경계 포함 여부; 최근접 거리는 행정동 대표 중심점 기준 직선거리,서울특별시 T-DATA 지하철역 좌표정보; 서울 열린데이터광장 서울시 버스정류소 위치정보,True,True,True,True,True
1121584700,서울특별시,광진구,자양4동,2025-12,2025-12,신뢰가능최신월,0,25236.34,25429.86,-0.76,-193.52,40525.59,44824.13,-9.59,-4298.54,109.5,False,2026-05,28303.42,29858.42,27192.71,1.1,,,안심시설수 2023-04-21; 유흥시설수 2026-06-17,19,6,,,좌표공간조인,"서울시 단란주점영업 인허가 정보, 서울시 안심귀갓길 안전시설물, 서울시 유흥주점영업 인허가 정보",20254,92,1486,2026-07-13,2026-07-13,2026-07-01,1.0,1.0,뚝섬유원지,367.0,12.0,10.177,WGS84 좌표의 행정동 경계 포함 여부; 최근접 거리는 행정동 대표 중심점 기준 직선거리,서울특별시 T-DATA 지하철역 좌표정보; 서울 열린데이터광장 서울시 버스정류소 위치정보,True,True,True,True,True
1121574000,서울특별시,광진구,중곡1동,2025-12,2025-12,신뢰가능최신월,0,10884.36,25429.86,-57.2,-14545.5,20934.68,44824.13,-53.3,-23889.45,75.25,False,2026-05,14302.33,13335.01,14993.28,0.89,,,안심시설수 2023-04-21; 유흥시설수 2026-06-17,33,4,,,좌표공간조인,"서울시 단란주점영업 인허가 정보, 서울시 안심귀갓길 안전시설물, 서울시 유흥주점영업 인허가 정보",20254,87,1177,2026-07-13,2026-07-13,2026-07-01,0.0,0.0,군자(능동),581.0,18.0,29.314,WGS84 좌표의 행정동 경계 포함 여부; 최근접 거리는 행정동 대표 중심점 기준 직선거리,서울특별시 T-DATA 지하철역 좌표정보; 서울 열린데이터광장 서울시 버스정류소 위치정보,True,True,True,True,True
1121575000,서울특별시,광진구,중곡2동,2025-12,2025-12,신뢰가능최신월,0,10884.36,25429.86,-57.2,-14545.5,20934.68,44824.13,-53.3,-23889.45,75.25,False,2026-05,17562.26,15074.55,19339.2,0.78,,,안심시설수 2023-04-21; 유흥시설수 2026-06-17,33,2,,,좌표공간조인,"서울시 단란주점영업 인허가 정보, 서울시 안심귀갓길 안전시설물, 서울시 유흥주점영업 인허가 정보",20254,87,1159,2026-07-13,2026-07-13,2026-07-01,0.0,0.0,군자(능동),486.0,17.0,31.186,WGS84 좌표의 행정동 경계 포함 여부; 최근접 거리는 행정동 대표 중심점 기준 직선거리,서울특별시 T-DATA 지하철역 좌표정보; 서울 열린데이터광장 서울시 버스정류소 위치정보,True,True,True,True,True
1121576000,서울특별시,광진구,중곡3동,2025-12,2025-12,신뢰가능최신월,0,10884.36,25429.86,-57.2,-14545.5,20934.68,44824.13,-53.3,-23889.45,75.25,False,2026-05,12996.25,12009.16,13701.31,0.88,,,안심시설수 2023-04-21; 유흥시설수 2026-06-17,14,3,,,좌표공간조인,"서울시 단란주점영업 인허가 정보, 서울시 안심귀갓길 안전시설물, 서울시 유흥주점영업 인허가 정보",20254,81,783,2026-07-13,2026-07-13,2026-07-01,1.0,1.0,중곡,300.0,22.0,36.581,WGS84 좌표의 행정동 경계 포함 여부; 최근접 거리는 행정동 대표 중심점 기준 직선거리,서울특별시 T-DATA 지하철역 좌표정보; 서울 열린데이터광장 서울시 버스정류소 위치정보,True,True,True,True,True
1121577000,서울특별시,광진구,중곡4동,2025-12,2025-12,신뢰가능최신월,0,10884.36,25429.86,-57.2,-14545.5,20934.68,44824.13,-53.3,-23889.45,75.25,False,2026-05,23697.22,21732.57,25100.54,0.87,,,안심시설수 2023-04-21; 유흥시설수 2026-06-17,21,2,,,좌표공간조인,"서울시 단란주점영업 인허가 정보, 서울시 안심귀갓길 안전시설물, 서울시 유흥주점영업 인허가 정보",20254,83,982,2026-07-13,2026-07-13,2026-07-01,0.0,0.0,중곡,927.0,34.0,14.708,WGS84 좌표의 행정동 경계 포함 여부; 최근접 거리는 행정동 대표 중심점 기준 직선거리,서울특별시 T-DATA 지하철역 좌표정보; 서울 열린데이터광장 서울시 버스정류소 위치정보,True,True,True,True,True
1121571000,서울특별시,광진구,화양동,2025-12,2025-12,신뢰가능최신월,0,6085.0,25429.86,-76.07,-19344.86,18580.49,44824.13,-58.55,-26243.64,250.0,False,2026-05,41858.7,43018.81,41030.04,1.05,,,안심시설수 2023-04-21; 유흥시설수 2026-06-17,21,14,,,좌표공간조인,"서울시 단란주점영업 인허가 정보, 서울시 안심귀갓길 안전시설물, 서울시 유흥주점영업 인허가 정보",20254,97,2151,2026-07-13,2026-07-13,2026-07-01,2.0,2.0,건대입구,334.0,19.0,16.734,WGS84 좌표의 행정동 경계 포함 여부; 최근접 거리는 행정동 대표 중심점 기준 직선거리,서울특별시 T-DATA 지하철역 좌표정보; 서울 열린데이터광장 서울시 버스정류소 위치정보,True,True,True,True,True
1153059500,서울특별시,구로구,가리봉동,2025-12,2025-12,신뢰가능최신월,0,7195.58,25429.86,-71.7,-18234.28,17068.75,44824.13,-61.92,-27755.38,59.0,False,2026-05,11347.49,11399.97,11310.01,1.01,,,안심시설수 2023-04-21; 유흥시설수 2026-06-17,31,7,,,좌표공간조인,"서울시 단란주점영업 인허가 정보, 서울시 안심귀갓길 안전시설물, 서울시 유흥주점영업 인허가 정보",20254,76,712,2026-07-13,2026-07-13,2026-07-01,0.0,0.0,남구로,380.0,10.0,24.349,WGS84 좌표의 행정동 경계 포함 여부; 최근접 거리는 행정동 대표 중심점 기준 직선거리,서울특별시 T-DATA 지하철역 좌표정보; 서울 열린데이터광장 서울시 버스정류소 위치정보,True,True,True,True,True
1153074000,서울특별시,구로구,개봉1동,2025-12,2025-12,신뢰가능최신월,0,16823.29,25429.86,-33.84,-8606.57,28278.69,44824.13,-36.91,-16545.44,51.0,False,2026-05,26209.64,23420.02,28202.23,0.83,,,안심시설수 2023-04-21; 유흥시설수 2026-06-17,34,2,,,좌표공간조인,"서울시 단란주점영업 인허가 정보, 서울시 안심귀갓길 안전시설물, 서울시 유흥주점영업 인허가 정보",20254,89,1171,2026-07-13,2026-07-13,2026-07-01,1.0,1.0,오류동,693.0,46.0,34.867,WGS84 좌표의 행정동 경계 포함 여부; 최근접 거리는 행정동 대표 중심점 기준 직선거리,서울특별시 T-DATA 지하철역 좌표정보; 서울 열린데이터광장 서울시 버스정류소 위치정보,True,True,True,True,True
1153075000,서울특별시,구로구,개봉2동,2025-12,2025-12,신뢰가능최신월,0,16823.29,25429.86,-33.84,-8606.57,28278.69,44824.13,-36.91,-16545.44,51.0,False,2026-05,21393.34,17984.84,23827.98,0.75,,,안심시설수 2023-04-21; 유흥시설수 2026-06-17,0,5,,,좌표공간조인,"서울시 단란주점영업 인허가 정보, 서울시 안심귀갓길 안전시설물, 서울시 유흥주점영업 인허가 정보",20254,78,713,2026-07-13,2026-07-13,2026-07-01,0.0,0.0,개봉,361.0,25.0,31.974,WGS84 좌표의 행정동 경계 포함 여부; 최근접 거리는 행정동 대표 중심점 기준 직선거리,서울특별시 T-DATA 지하철역 좌표정보; 서울 열린데이터광장 서울시 버스정류소 위치정보,True,True,True,True,True
1153076000,서울특별시,구로구,개봉3동,2025-12,2025-12,신뢰가능최신월,0,16823.29,25429.86,-33.84,-8606.57,28278.69,44824.13,-36.91,-16545.44,51.0,False,2026-05,17532.86,16022.99,18611.34,0.86,,,안심시설수 2023-04-21; 유흥시설수 2026-06-17,0,4,,,좌표공간조인,"서울시 단란주점영업 인허가 정보, 서울시 안심귀갓길 안전시설물, 서울시 유흥주점영업 인허가 정보",20254,80,653,2026-07-13,2026-07-13,2026-07-01,0.0,0.0,광명사거리,842.0,22.0,26.576,WGS84 좌표의 행정동 경계 포함 여부; 최근접 거리는 행정동 대표 중심점 기준 직선거리,서울특별시 T-DATA 지하철역 좌표정보; 서울 열린데이터광장 서울시 버스정류소 위치정보,True,True,True,True,True
1153072000,서울특별시,구로구,고척1동,2025-12,2025-12,신뢰가능최신월,0,17961.22,25429.86,-29.37,-7468.64,29928.72,44824.13,-33.23,-14895.41,53.0,False,2026-05,25219.38,26219.15,24505.26,1.07,,,안심시설수 2023-04-21; 유흥시설수 2026-06-17,44,2,,,좌표공간조인,"서울시 단란주점영업 인허가 정보, 서울시 안심귀갓길 안전시설물, 서울시 유흥주점영업 인허가 정보",20254,89,1218,2026-07-13,2026-07-13,2026-07-01,0.0,0.0,구일,765.0,31.0,26.947,WGS84 좌표의 행정동 경계 포함 여부; 최근접 거리는 행정동 대표 중심점 기준 직선거리,서울특별시 T-DATA 지하철역 좌표정보; 서울 열린데이터광장 서울시 버스정류소 위치정보,True,True,True,True,True
1153073000,서울특별시,구로구,고척2동,2025-12,2025-12,신뢰가능최신월,0,17961.22,25429.86,-29.37,-7468.64,29928.72,44824.13,-33.23,-14895.41,53.0,False,2026-05,14412.1,12176.9,16008.67,0.76,,,안심시설수 2023-04-21; 유흥시설수 2026-06-17,0,5,,,좌표공간조인,"서울시 단란주점영업 인허가 정보, 서울시 안심귀갓길 안전시설물, 서울시 유흥주점영업 인허가 정보",20254,87,1005,2026-07-13,2026-07-13,2026-07-01,0.0,0.0,양천구청,1308.0,36.0,35.133,WGS84 좌표의 행정동 경계 포함 여부; 최근접 거리는 행정동 대표 중심점 기준 직선거리,서울특별시 T-DATA 지하철역 좌표정보; 서울 열린데이터광장 서울시 버스정류소 위치정보,True,True,True,True,True
1153052000,서울특별시,구로구,구로1동,2025-12,2025-12,신뢰가능최신월,0,14094.2,25429.86,-44.58,-11335.66,30025.91,44824.13,-33.01,-14798.22,90.0,False,2026-05,15328.71,13762.11,16447.7,0.84,,,안심시설수 2023-04-21; 유흥시설수 2026-06-17,0,0,,,좌표공간조인,"서울시 단란주점영업 인허가 정보, 서울시 안심귀갓길 안전시설물, 서울시 유흥주점영업 인허가 정보",20254,81,507,2026-07-13,2026-07-13,2026-07-01,0.0,0.0,구일,571.0,21.0,20.83,WGS84 좌표의 행정동 경계 포함 여부; 최근접 거리는 행정동 대표 중심점 기준 직선거리,서울특별시 T-DATA 지하철역 좌표정보; 서울 열린데이터광장 서울시 버스정류소 위치정보,True,True,True,True,True
1153053000,서울특별시,구로구,구로2동,2025-12,2025-12,신뢰가능최신월,0,14094.2,25429.86,-44.58,-11335.66,30025.91,44824.13,-33.01,-14798.22,90.0,False,2026-05,31770.85,33499.32,30536.23,1.1,,,안심시설수 2023-04-21; 유흥시설수 2026-06-17,31,17,,,좌표공간조인,"서울시 단란주점영업 인허가 정보, 서울시 안심귀갓길 안전시설물, 서울시 유흥주점영업 인허가 정보",20254,94,4741,2026-07-13,2026-07-13,2026-07-01,1.0,1.0,구로,707.0,42.0,24.675,WGS84 좌표의 행정동 경계 포함 여부; 최근접 거리는 행정동 대표 중심점 기준 직선거리,서울특별시 T-DATA 지하철역 좌표정보; 서울 열린데이터광장 서울시 버스정류소 위치정보,True,True,True,True,True
1153054000,서울특별시,구로구,구로3동,2025-12,2025-12,신뢰가능최신월,0,14094.2,25429.86,-44.58,-11335.66,30025.91,44824.13,-33.01,-14798.22,90.0,False,2026-05,40370.63,50709.28,32985.88,1.54,,,안심시설수 2023-04-21; 유흥시설수 2026-06-17,53,20,,,좌표공간조인,"서울시 단란주점영업 인허가 정보, 서울시 안심귀갓길 안전시설물, 서울시 유흥주점영업 인허가 정보",20254,93,3426,2026-07-13,2026-07-13,2026-07-01,2.0,2.0,구로디지털단지,575.0,47.0,45.221,WGS84 좌표의 행정동 경계 포함 여부; 최근접 거리는 행정동 대표 중심점 기준 직선거리,서울특별시 T-DATA 지하철역 좌표정보; 서울 열린데이터광장 서울시 버스정류소 위치정보,True,True,True,True,True
1153055000,서울특별시,구로구,구로4동,2025-12,2025-12,신뢰가능최신월,0,14094.2,25429.86,-44.58,-11335.66,30025.91,44824.13,-33.01,-14798.22,90.0,False,2026-05,15991.73,14905.01,16767.95,0.89,,,안심시설수 2023-04-21; 유흥시설수 2026-06-17,27,2,,,좌표공간조인,"서울시 단란주점영업 인허가 정보, 서울시 안심귀갓길 안전시설물, 서울시 유흥주점영업 인허가 정보",20254,87,1560,2026-07-13,2026-07-13,2026-07-01,1.0,1.0,대림(구로구청),447.0,13.0,24.804,WGS84 좌표의 행정동 경계 포함 여부; 최근접 거리는 행정동 대표 중심점 기준 직선거리,서울특별시 T-DATA 지하철역 좌표정보; 서울 열린데이터광장 서울시 버스정류소 위치정보,True,True,True,True,True
1153056000,서울특별시,구로구,구로5동,2025-12,2025-12,신뢰가능최신월,0,14094.2,25429.86,-44.58,-11335.66,30025.91,44824.13,-33.01,-14798.22,90.0,False,2026-05,31928.16,33218.92,31006.19,1.07,,,안심시설수 2023-04-21; 유흥시설수 2026-06-17,21,3,,,좌표공간조인,"서울시 단란주점영업 인허가 정보, 서울시 안심귀갓길 안전시설물, 서울시 유흥주점영업 인허가 정보",20254,98,2547,2026-07-13,2026-07-13,2026-07-01,1.0,1.0,구로,593.0,34.0,33.606,WGS84 좌표의 행정동 경계 포함 여부; 최근접 거리는 행정동 대표 중심점 기준 직선거리,서울특별시 T-DATA 지하철역 좌표정보; 서울 열린데이터광장 서울시 버스정류소 위치정보,True,True,True,True,True
1153079000,서울특별시,구로구,수궁동,2025-12,2025-12,신뢰가능최신월,0,16565.23,25429.86,-34.86,-8864.63,18034.29,44824.13,-59.77,-26789.84,35.0,False,2026-05,18664.61,17374.74,19585.94,0.89,,,안심시설수 2023-04-21; 유흥시설수 2026-06-17,0,0,,,좌표공간조인,"서울시 단란주점영업 인허가 정보, 서울시 안심귀갓길 안전시설물, 서울시 유흥주점영업 인허가 정보",20254,82,616,2026-07-13,2026-07-13,2026-07-01,2.0,2.0,온수(성공회대입구),688.0,41.0,15.417,WGS84 좌표의 행정동 경계 포함 여부; 최근접 거리는 행정동 대표 중심점 기준 직선거리,서울특별시 T-DATA 지하철역 좌표정보; 서울 열린데이터광장 서울시 버스정류소 위치정보,True,True,True,True,True
1153051000,서울특별시,구로구,신도림동,2025-12,2025-12,신뢰가능최신월,0,33726.22,25429.86,32.62,8296.36,51974.65,44824.13,15.95,7150.52,121.0,False,2026-05,30322.42,30871.51,29930.21,1.03,,,안심시설수 2023-04-21; 유흥시설수 2026-06-17,0,3,,,좌표공간조인,"서울시 단란주점영업 인허가 정보, 서울시 안심귀갓길 안전시설물, 서울시 유흥주점영업 인허가 정보",20254,91,1642,2026-07-13,2026-07-13,2026-07-01,3.0,2.0,도림천,475.0,32.0,22.992,WGS84 좌표의 행정동 경계 포함 여부; 최근접 거리는 행정동 대표 중심점 기준 직선거리,서울특별시 T-DATA 지하철역 좌표정보; 서울 열린데이터광장 서울시 버스정류소 위치정보,True,True,True,True,True
1153077000,서울특별시,구로구,오류1동,2025-12,2025-12,신뢰가능최신월,0,10974.35,25429.86,-56.84,-14455.51,24033.46,44824.13,-46.38,-20790.67,84.0,False,2026-05,19204.62,17402.09,20492.14,0.85,,,안심시설수 2023-04-21; 유흥시설수 2026-06-17,35,32,,,좌표공간조인,"서울시 단란주점영업 인허가 정보, 서울시 안심귀갓길 안전시설물, 서울시 유흥주점영업 인허가 정보",20254,87,860,2026-07-13,2026-07-13,2026-07-01,1.0,1.0,오류동,419.0,14.0,19.255,WGS84 좌표의 행정동 경계 포함 여부; 최근접 거리는 행정동 대표 중심점 기준 직선거리,서울특별시 T-DATA 지하철역 좌표정보; 서울 열린데이터광장 서울시 버스정류소 위치정보,True,True,True,True,True
1153078000,서울특별시,구로구,오류2동,2025-12,2025-12,신뢰가능최신월,0,13450.51,25429.86,-47.11,-11979.35,22819.93,44824.13,-49.09,-22004.2,400.0,False,2026-05,49971.35,44639.85,53779.56,0.83,,,안심시설수 2023-04-21; 유흥시설수 2026-06-17,33,0,,,좌표공간조인,"서울시 단란주점영업 인허가 정보, 서울시 안심귀갓길 안전시설물, 서울시 유흥주점영업 인허가 정보",20254,83,959,2026-07-13,2026-07-13,2026-07-01,1.0,1.0,천왕,150.0,58.0,18.961,WGS84 좌표의 행정동 경계 포함 여부; 최근접 거리는 행정동 대표 중심점 기준 직선거리,서울특별시 T-DATA 지하철역 좌표정보; 서울 열린데이터광장 서울시 버스정류소 위치정보,True,True,True,True,True
1153080000,서울특별시,구로구,항동,2025-12,2025-12,신뢰가능최신월,0,36689.71,25429.86,44.28,11259.85,49036.76,44824.13,9.4,4212.63,12.0,False,,,,,,,,안심시설수 2023-04-21; 유흥시설수 2026-06-17,0,0,,,좌표공간조인,"서울시 단란주점영업 인허가 정보, 서울시 안심귀갓길 안전시설물, 서울시 유흥주점영업 인허가 정보",20254,67,367,2026-07-13,2026-07-13,2026-07-01,0.0,0.0,온수(성공회대입구),1235.0,31.0,21.44,WGS84 좌표의 행정동 경계 포함 여부; 최근접 거리는 행정동 대표 중심점 기준 직선거리,서울특별시 T-DATA 지하철역 좌표정보; 서울 열린데이터광장 서울시 버스정류소 위치정보,True,False,True,True,True
1154551000,서울특별시,금천구,가산동,2025-12,2026-01,신뢰가능최신월,1,6926.65,25429.86,-72.76,-18503.21,21212.69,44824.13,-52.68,-23611.44,208.0,False,2026-05,56773.02,76529.62,42661.16,1.79,,,안심시설수 2023-04-21; 유흥시설수 2026-06-17,36,15,,,좌표공간조인,"서울시 단란주점영업 인허가 정보, 서울시 안심귀갓길 안전시설물, 서울시 유흥주점영업 인허가 정보",20254,96,7954,2026-07-13,2026-07-13,2026-07-01,3.0,2.0,가산디지털단지,420.0,105.0,41.816,WGS84 좌표의 행정동 경계 포함 여부; 최근접 거리는 행정동 대표 중심점 기준 직선거리,서울특별시 T-DATA 지하철역 좌표정보; 서울 열린데이터광장 서울시 버스정류소 위치정보,True,True,True,True,True
1154561000,서울특별시,금천구,독산1동,2025-12,2026-01,신뢰가능최신월,1,14319.22,25429.86,-43.69,-11110.64,26064.94,44824.13,-41.85,-18759.19,102.5,False,2026-05,38813.99,37478.5,39767.92,0.94,,,안심시설수 2023-04-21; 유흥시설수 2026-06-17,27,10,,,좌표공간조인,"서울시 단란주점영업 인허가 정보, 서울시 안심귀갓길 안전시설물, 서울시 유흥주점영업 인허가 정보",20254,95,2248,2026-07-13,2026-07-13,2026-07-01,0.0,0.0,독산,385.0,66.0,32.032,WGS84 좌표의 행정동 경계 포함 여부; 최근접 거리는 행정동 대표 중심점 기준 직선거리,서울특별시 T-DATA 지하철역 좌표정보; 서울 열린데이터광장 서울시 버스정류소 위치정보,True,True,True,True,True
1154562000,서울특별시,금천구,독산2동,2025-12,2026-01,신뢰가능최신월,1,14319.22,25429.86,-43.69,-11110.64,26064.94,44824.13,-41.85,-18759.19,102.5,False,2026-05,11119.91,9612.45,12196.67,0.79,,,안심시설수 2023-04-21; 유흥시설수 2026-06-17,21,7,,,좌표공간조인,"서울시 단란주점영업 인허가 정보, 서울시 안심귀갓길 안전시설물, 서울시 유흥주점영업 인허가 정보",20254,83,678,2026-07-13,2026-07-13,2026-07-01,0.0,0.0,금천구청,1205.0,9.0,14.592,WGS84 좌표의 행정동 경계 포함 여부; 최근접 거리는 행정동 대표 중심점 기준 직선거리,서울특별시 T-DATA 지하철역 좌표정보; 서울 열린데이터광장 서울시 버스정류소 위치정보,True,True,True,True,True
1154563000,서울특별시,금천구,독산3동,2025-12,2026-01,신뢰가능최신월,1,14319.22,25429.86,-43.69,-11110.64,26064.94,44824.13,-41.85,-18759.19,102.5,False,2026-05,14733.14,13143.1,15868.89,0.83,,,안심시설수 2023-04-21; 유흥시설수 2026-06-17,16,20,,,좌표공간조인,"서울시 단란주점영업 인허가 정보, 서울시 안심귀갓길 안전시설물, 서울시 유흥주점영업 인허가 정보",20254,89,1243,2026-07-13,2026-07-13,2026-07-01,0.0,0.0,구로디지털단지,1089.0,22.0,23.547,WGS84 좌표의 행정동 경계 포함 여부; 최근접 거리는 행정동 대표 중심점 기준 직선거리,서울특별시 T-DATA 지하철역 좌표정보; 서울 열린데이터광장 서울시 버스정류소 위치정보,True,True,True,True,True
1154564000,서울특별시,금천구,독산4동,2025-12,2026-01,신뢰가능최신월,1,14319.22,25429.86,-43.69,-11110.64,26064.94,44824.13,-41.85,-18759.19,102.5,False,2026-05,11513.49,10277.09,12396.63,0.83,,,안심시설수 2023-04-21; 유흥시설수 2026-06-17,39,5,,,좌표공간조인,"서울시 단란주점영업 인허가 정보, 서울시 안심귀갓길 안전시설물, 서울시 유흥주점영업 인허가 정보",20254,83,616,2026-07-13,2026-07-13,2026-07-01,0.0,0.0,독산,1343.0,15.0,25.399,WGS84 좌표의 행정동 경계 포함 여부; 최근접 거리는 행정동 대표 중심점 기준 직선거리,서울특별시 T-DATA 지하철역 좌표정보; 서울 열린데이터광장 서울시 버스정류소 위치정보,True,True,True,True,True
1154567000,서울특별시,금천구,시흥1동,2025-12,2025-12,신뢰가능최신월,0,12891.36,25429.86,-49.31,-12538.5,23220.51,44824.13,-48.2,-21603.62,35.4,False,2026-05,24738.25,23731.71,25457.21,0.93,,,안심시설수 2023-04-21; 유흥시설수 2026-06-17,32,46,,,좌표공간조인,"서울시 단란주점영업 인허가 정보, 서울시 안심귀갓길 안전시설물, 서울시 유흥주점영업 인허가 정보",20254,91,2063,2026-07-13,2026-07-13,2026-07-01,1.0,1.0,금천구청,652.0,39.0,25.62,WGS84 좌표의 행정동 경계 포함 여부; 최근접 거리는 행정동 대표 중심점 기준 직선거리,서울특별시 T-DATA 지하철역 좌표정보; 서울 열린데이터광장 서울시 버스정류소 위치정보,True,True,True,True,True
1154568000,서울특별시,금천구,시흥2동,2025-12,2025-12,신뢰가능최신월,0,12891.36,25429.86,-49.31,-12538.5,23220.51,44824.13,-48.2,-21603.62,35.4,False,2026-05,12608.44,10819.39,13886.33,0.78,,,안심시설수 2023-04-21; 유흥시설수 2026-06-17,0,0,,,좌표공간조인,"서울시 단란주점영업 인허가 정보, 서울시 안심귀갓길 안전시설물, 서울시 유흥주점영업 인허가 정보",20254,71,351,2026-07-13,2026-07-13,2026-07-01,0.0,0.0,석수,2345.0,23.0,17.585,WGS84 좌표의 행정동 경계 포함 여부; 최근접 거리는 행정동 대표 중심점 기준 직선거리,서울특별시 T-DATA 지하철역 좌표정보; 서울 열린데이터광장 서울시 버스정류소 위치정보,True,True,True,True,True
1154569000,서울특별시,금천구,시흥3동,2025-12,2025-12,신뢰가능최신월,0,12891.36,25429.86,-49.31,-12538.5,23220.51,44824.13,-48.2,-21603.62,35.4,False,2026-05,9837.73,9847.6,9830.68,1.0,,,안심시설수 2023-04-21; 유흥시설수 2026-06-17,0,2,,,좌표공간조인,"서울시 단란주점영업 인허가 정보, 서울시 안심귀갓길 안전시설물, 서울시 유흥주점영업 인허가 정보",20254,80,939,2026-07-13,2026-07-13,2026-07-01,0.0,0.0,석수,647.0,16.0,12.694,WGS84 좌표의 행정동 경계 포함 여부; 최근접 거리는 행정동 대표 중심점 기준 직선거리,서울특별시 T-DATA 지하철역 좌표정보; 서울 열린데이터광장 서울시 버스정류소 위치정보,True,True,True,True,True
1154570000,서울특별시,금천구,시흥4동,2025-12,2025-12,신뢰가능최신월,0,12891.36,25429.86,-49.31,-12538.5,23220.51,44824.13,-48.2,-21603.62,35.4,False,2026-05,9749.23,8143.04,10896.51,0.75,,,안심시설수 2023-04-21; 유흥시설수 2026-06-17,0,0,,,좌표공간조인,"서울시 단란주점영업 인허가 정보, 서울시 안심귀갓길 안전시설물, 서울시 유흥주점영업 인허가 정보",20254,67,430,2026-07-13,2026-07-13,2026-07-01,0.0,0.0,금천구청,1443.0,23.0,28.011,WGS84 좌표의 행정동 경계 포함 여부; 최근접 거리는 행정동 대표 중심점 기준 직선거리,서울특별시 T-DATA 지하철역 좌표정보; 서울 열린데이터광장 서울시 버스정류소 위치정보,True,True,True,True,True
1154571000,서울특별시,금천구,시흥5동,2025-12,2025-12,신뢰가능최신월,0,12891.36,25429.86,-49.31,-12538.5,23220.51,44824.13,-48.2,-21603.62,35.4,False,2026-05,10745.75,9729.56,11471.61,0.85,,,안심시설수 2023-04-21; 유흥시설수 2026-06-17,39,1,,,좌표공간조인,"서울시 단란주점영업 인허가 정보, 서울시 안심귀갓길 안전시설물, 서울시 유흥주점영업 인허가 정보",20254,76,715,2026-07-13,2026-07-13,2026-07-01,0.0,0.0,석수,1640.0,35.0,25.253,WGS84 좌표의 행정동 경계 포함 여부; 최근접 거리는 행정동 대표 중심점 기준 직선거리,서울특별시 T-DATA 지하철역 좌표정보; 서울 열린데이터광장 서울시 버스정류소 위치정보,True,True,True,True,True
1135059500,서울특별시,노원구,공릉1동,2025-12,2025-12,신뢰가능최신월,0,12471.4,25429.86,-50.96,-12958.46,32568.52,44824.13,-27.34,-12255.61,173.5,False,2026-05,36902.78,35133.23,38166.74,0.92,,,안심시설수 2023-04-21; 유흥시설수 2026-06-17,58,4,,,좌표공간조인,"서울시 단란주점영업 인허가 정보, 서울시 안심귀갓길 안전시설물, 서울시 유흥주점영업 인허가 정보",20254,95,2049,2026-07-13,2026-07-13,2026-07-01,3.0,2.0,공릉(서울과학기술대),172.0,45.0,35.649,WGS84 좌표의 행정동 경계 포함 여부; 최근접 거리는 행정동 대표 중심점 기준 직선거리,서울특별시 T-DATA 지하철역 좌표정보; 서울 열린데이터광장 서울시 버스정류소 위치정보,True,True,True,True,True
1135060000,서울특별시,노원구,공릉2동,2025-12,2025-12,신뢰가능최신월,0,12471.4,25429.86,-50.96,-12958.46,32568.52,44824.13,-27.34,-12255.61,173.5,False,2026-05,47682.9,48183.58,47325.28,1.02,,,안심시설수 2023-04-21; 유흥시설수 2026-06-17,32,3,,,좌표공간조인,"서울시 단란주점영업 인허가 정보, 서울시 안심귀갓길 안전시설물, 서울시 유흥주점영업 인허가 정보",20254,92,1287,2026-07-13,2026-07-13,2026-07-01,1.0,1.0,화랑대(서울여대입구),1539.0,52.0,7.45,WGS84 좌표의 행정동 경계 포함 여부; 최근접 거리는 행정동 대표 중심점 기준 직선거리,서울특별시 T-DATA 지하철역 좌표정보; 서울 열린데이터광장 서울시 버스정류소 위치정보,True,True,True,True,True
1135072000,서울특별시,노원구,상계10동,2025-12,2025-12,신뢰가능최신월,0,18187.11,25429.86,-28.48,-7242.75,26914.49,44824.13,-39.96,-17909.64,62.33,False,2026-05,12388.98,13021.44,11937.23,1.09,,,안심시설수 2023-04-21; 유흥시설수 2026-06-17,0,1,,,좌표공간조인,"서울시 단란주점영업 인허가 정보, 서울시 안심귀갓길 안전시설물, 서울시 유흥주점영업 인허가 정보",20254,73,349,2026-07-13,2026-07-13,2026-07-01,0.0,0.0,노원,572.0,24.0,29.681,WGS84 좌표의 행정동 경계 포함 여부; 최근접 거리는 행정동 대표 중심점 기준 직선거리,서울특별시 T-DATA 지하철역 좌표정보; 서울 열린데이터광장 서울시 버스정류소 위치정보,True,True,True,True,True
1135063000,서울특별시,노원구,상계1동,2025-12,2025-12,신뢰가능최신월,0,18187.11,25429.86,-28.48,-7242.75,26914.49,44824.13,-39.96,-17909.64,62.33,False,2026-05,30841.15,27782.67,33025.78,0.84,,,안심시설수 2023-04-21; 유흥시설수 2026-06-17,66,0,,,좌표공간조인,"서울시 단란주점영업 인허가 정보, 서울시 안심귀갓길 안전시설물, 서울시 유흥주점영업 인허가 정보",20254,86,1312,2026-07-13,2026-07-13,2026-07-01,1.0,1.0,수락산,1060.0,29.0,5.372,WGS84 좌표의 행정동 경계 포함 여부; 최근접 거리는 행정동 대표 중심점 기준 직선거리,서울특별시 T-DATA 지하철역 좌표정보; 서울 열린데이터광장 서울시 버스정류소 위치정보,True,True,True,True,True
1135064000,서울특별시,노원구,상계2동,2025-12,2025-12,신뢰가능최신월,0,18187.11,25429.86,-28.48,-7242.75,26914.49,44824.13,-39.96,-17909.64,62.33,False,2026-05,26341.4,27407.46,25579.92,1.07,,,안심시설수 2023-04-21; 유흥시설수 2026-06-17,58,15,,,좌표공간조인,"서울시 단란주점영업 인허가 정보, 서울시 안심귀갓길 안전시설물, 서울시 유흥주점영업 인허가 정보",20254,93,2383,2026-07-13,2026-07-13,2026-07-01,1.0,1.0,노원,340.0,24.0,38.545,WGS84 좌표의 행정동 경계 포함 여부; 최근접 거리는 행정동 대표 중심점 기준 직선거리,서울특별시 T-DATA 지하철역 좌표정보; 서울 열린데이터광장 서울시 버스정류소 위치정보,True,True,True,True,True
1135066500,서울특별시,노원구,상계3·4동,2025-12,2025-12,신뢰가능최신월,0,18187.11,25429.86,-28.48,-7242.75,26914.49,44824.13,-39.96,-17909.64,62.33,False,2026-05,18816.89,16395.82,20546.24,0.8,,,안심시설수 2023-04-21; 유흥시설수 2026-06-17,62,1,,,좌표공간조인,"서울시 단란주점영업 인허가 정보, 서울시 안심귀갓길 안전시설물, 서울시 유흥주점영업 인허가 정보",20254,80,840,2026-07-13,2026-07-13,2026-07-01,1.0,1.0,불암산,762.0,20.0,3.84,WGS84 좌표의 행정동 경계 포함 여부; 최근접 거리는 행정동 대표 중심점 기준 직선거리,서울특별시 T-DATA 지하철역 좌표정보; 서울 열린데이터광장 서울시 버스정류소 위치정보,True,True,True,True,True
1135067000,서울특별시,노원구,상계5동,2025-12,2025-12,신뢰가능최신월,0,18187.11,25429.86,-28.48,-7242.75,26914.49,44824.13,-39.96,-17909.64,62.33,False,2026-05,16805.08,15182.45,17964.1,0.85,,,안심시설수 2023-04-21; 유흥시설수 2026-06-17,80,6,,,좌표공간조인,"서울시 단란주점영업 인허가 정보, 서울시 안심귀갓길 안전시설물, 서울시 유흥주점영업 인허가 정보",20254,87,1167,2026-07-13,2026-07-13,2026-07-01,1.0,1.0,상계,651.0,27.0,29.798,WGS84 좌표의 행정동 경계 포함 여부; 최근접 거리는 행정동 대표 중심점 기준 직선거리,서울특별시 T-DATA 지하철역 좌표정보; 서울 열린데이터광장 서울시 버스정류소 위치정보,True,True,True,True,True
1135069500,서울특별시,노원구,상계6·7동,2025-12,2025-12,신뢰가능최신월,0,18187.11,25429.86,-28.48,-7242.75,26914.49,44824.13,-39.96,-17909.64,62.33,False,2026-05,43079.0,44431.21,42113.14,1.06,,,안심시설수 2023-04-21; 유흥시설수 2026-06-17,0,27,,,좌표공간조인,"서울시 단란주점영업 인허가 정보, 서울시 안심귀갓길 안전시설물, 서울시 유흥주점영업 인허가 정보",20254,82,1432,2026-07-13,2026-07-13,2026-07-01,1.0,1.0,중계,585.0,29.0,20.012,WGS84 좌표의 행정동 경계 포함 여부; 최근접 거리는 행정동 대표 중심점 기준 직선거리,서울특별시 T-DATA 지하철역 좌표정보; 서울 열린데이터광장 서울시 버스정류소 위치정보,True,True,True,True,True
1135070000,서울특별시,노원구,상계8동,2025-12,2025-12,신뢰가능최신월,0,18187.11,25429.86,-28.48,-7242.75,26914.49,44824.13,-39.96,-17909.64,62.33,False,2026-05,18025.57,14468.83,20566.1,0.7,,,안심시설수 2023-04-21; 유흥시설수 2026-06-17,0,0,,,좌표공간조인,"서울시 단란주점영업 인허가 정보, 서울시 안심귀갓길 안전시설물, 서울시 유흥주점영업 인허가 정보",20254,67,373,2026-07-13,2026-07-13,2026-07-01,1.0,1.0,마들,408.0,12.0,18.022,WGS84 좌표의 행정동 경계 포함 여부; 최근접 거리는 행정동 대표 중심점 기준 직선거리,서울특별시 T-DATA 지하철역 좌표정보; 서울 열린데이터광장 서울시 버스정류소 위치정보,True,True,True,True,True
1135071000,서울특별시,노원구,상계9동,2025-12,2025-12,신뢰가능최신월,0,18187.11,25429.86,-28.48,-7242.75,26914.49,44824.13,-39.96,-17909.64,62.33,False,2026-05,13537.71,11907.83,14701.91,0.81,,,안심시설수 2023-04-21; 유흥시설수 2026-06-17,0,0,,,좌표공간조인,"서울시 단란주점영업 인허가 정보, 서울시 안심귀갓길 안전시설물, 서울시 유흥주점영업 인허가 정보",20254,70,428,2026-07-13,2026-07-13,2026-07-01,0.0,0.0,마들,495.0,18.0,25.035,WGS84 좌표의 행정동 경계 포함 여부; 최근접 거리는 행정동 대표 중심점 기준 직선거리,서울특별시 T-DATA 지하철역 좌표정보; 서울 열린데이터광장 서울시 버스정류소 위치정보,True,True,True,True,True
1135056000,서울특별시,노원구,월계1동,2025-12,2025-12,신뢰가능최신월,0,18752.13,25429.86,-26.26,-6677.73,30956.91,44824.13,-30.94,-13867.22,68.67,False,2026-05,20249.2,19794.09,20574.28,0.96,,,안심시설수 2023-04-21; 유흥시설수 2026-06-17,55,0,,,좌표공간조인,"서울시 단란주점영업 인허가 정보, 서울시 안심귀갓길 안전시설물, 서울시 유흥주점영업 인허가 정보",20254,83,905,2026-07-13,2026-07-13,2026-07-01,0.0,0.0,광운대,362.0,43.0,37.696,WGS84 좌표의 행정동 경계 포함 여부; 최근접 거리는 행정동 대표 중심점 기준 직선거리,서울특별시 T-DATA 지하철역 좌표정보; 서울 열린데이터광장 서울시 버스정류소 위치정보,True,True,True,True,True
1135057000,서울특별시,노원구,월계2동,2025-12,2025-12,신뢰가능최신월,0,18752.13,25429.86,-26.26,-6677.73,30956.91,44824.13,-30.94,-13867.22,68.67,False,2026-05,18472.31,17292.96,19314.7,0.9,,,안심시설수 2023-04-21; 유흥시설수 2026-06-17,24,0,,,좌표공간조인,"서울시 단란주점영업 인허가 정보, 서울시 안심귀갓길 안전시설물, 서울시 유흥주점영업 인허가 정보",20254,74,459,2026-07-13,2026-07-13,2026-07-01,1.0,1.0,월계,670.0,40.0,19.962,WGS84 좌표의 행정동 경계 포함 여부; 최근접 거리는 행정동 대표 중심점 기준 직선거리,서울특별시 T-DATA 지하철역 좌표정보; 서울 열린데이터광장 서울시 버스정류소 위치정보,True,True,True,True,True
1135058000,서울특별시,노원구,월계3동,2025-12,2025-12,신뢰가능최신월,0,18752.13,25429.86,-26.26,-6677.73,30956.91,44824.13,-30.94,-13867.22,68.67,False,2026-05,21538.23,18901.79,23421.4,0.81,,,안심시설수 2023-04-21; 유흥시설수 2026-06-17,0,0,,,좌표공간조인,"서울시 단란주점영업 인허가 정보, 서울시 안심귀갓길 안전시설물, 서울시 유흥주점영업 인허가 정보",20254,76,580,2026-07-13,2026-07-13,2026-07-01,1.0,1.0,광운대,280.0,24.0,21.177,WGS84 좌표의 행정동 경계 포함 여부; 최근접 거리는 행정동 대표 중심점 기준 직선거리,서울특별시 T-DATA 지하철역 좌표정보; 서울 열린데이터광장 서울시 버스정류소 위치정보,True,True,True,True,True
1135062100,서울특별시,노원구,중계1동,2025-12,2025-12,신뢰가능최신월,0,32027.56,25429.86,25.94,6597.7,43292.85,44824.13,-3.42,-1531.28,62.25,False,2026-05,23796.04,21098.65,25722.75,0.82,,,안심시설수 2023-04-21; 유흥시설수 2026-06-17,0,0,,,좌표공간조인,"서울시 단란주점영업 인허가 정보, 서울시 안심귀갓길 안전시설물, 서울시 유흥주점영업 인허가 정보",20254,77,824,2026-07-13,2026-07-13,2026-07-01,0.0,0.0,중계,1034.0,18.0,28.894,WGS84 좌표의 행정동 경계 포함 여부; 최근접 거리는 행정동 대표 중심점 기준 직선거리,서울특별시 T-DATA 지하철역 좌표정보; 서울 열린데이터광장 서울시 버스정류소 위치정보,True,True,True,True,True
1135062500,서울특별시,노원구,중계2·3동,2025-12,2025-12,신뢰가능최신월,0,32027.56,25429.86,25.94,6597.7,43292.85,44824.13,-3.42,-1531.28,62.25,False,2026-05,29521.89,27551.15,30929.56,0.89,,,안심시설수 2023-04-21; 유흥시설수 2026-06-17,0,0,,,좌표공간조인,"서울시 단란주점영업 인허가 정보, 서울시 안심귀갓길 안전시설물, 서울시 유흥주점영업 인허가 정보",20254,80,1019,2026-07-13,2026-07-13,2026-07-01,1.0,1.0,중계,189.0,31.0,33.755,WGS84 좌표의 행정동 경계 포함 여부; 최근접 거리는 행정동 대표 중심점 기준 직선거리,서울특별시 T-DATA 지하철역 좌표정보; 서울 열린데이터광장 서울시 버스정류소 위치정보,True,True,True,True,True
1135062400,서울특별시,노원구,중계4동,2025-12,2025-12,신뢰가능최신월,0,25102.71,25429.86,-1.29,-327.15,35203.23,44824.13,-21.46,-9620.9,124.58,False,2026-05,14753.07,14034.23,15266.53,0.92,,,안심시설수 2023-04-21; 유흥시설수 2026-06-17,0,0,,,좌표공간조인,"서울시 단란주점영업 인허가 정보, 서울시 안심귀갓길 안전시설물, 서울시 유흥주점영업 인허가 정보",20254,75,797,2026-07-13,2026-07-13,2026-07-01,0.0,0.0,상계,807.0,7.0,4.611,WGS84 좌표의 행정동 경계 포함 여부; 최근접 거리는 행정동 대표 중심점 기준 직선거리,서울특별시 T-DATA 지하철역 좌표정보; 서울 열린데이터광장 서울시 버스정류소 위치정보,True,True,True,True,True
1135061900,서울특별시,노원구,중계본동,2025-12,2025-12,신뢰가능최신월,0,32027.56,25429.86,25.94,6597.7,43292.85,44824.13,-3.42,-1531.28,62.25,False,2026-05,19265.84,18194.41,20031.15,0.91,,,안심시설수 2023-04-21; 유흥시설수 2026-06-17,46,0,,,좌표공간조인,"서울시 단란주점영업 인허가 정보, 서울시 안심귀갓길 안전시설물, 서울시 유흥주점영업 인허가 정보",20254,82,1094,2026-07-13,2026-07-13,2026-07-01,0.0,0.0,상계,1747.0,18.0,8.251,WGS84 좌표의 행정동 경계 포함 여부; 최근접 거리는 행정동 대표 중심점 기준 직선거리,서울특별시 T-DATA 지하철역 좌표정보; 서울 열린데이터광장 서울시 버스정류소 위치정보,True,True,True,True,True
1135061100,서울특별시,노원구,하계1동,2025-12,2025-12,신뢰가능최신월,0,22737.96,25429.86,-10.59,-2691.9,38592.33,44824.13,-13.9,-6231.8,62.5,False,2026-05,23030.95,22180.28,23638.57,0.94,,,안심시설수 2023-04-21; 유흥시설수 2026-06-17,47,0,,,좌표공간조인,"서울시 단란주점영업 인허가 정보, 서울시 안심귀갓길 안전시설물, 서울시 유흥주점영업 인허가 정보",20254,75,705,2026-07-13,2026-07-13,2026-07-01,0.0,0.0,하계,669.0,32.0,20.971,WGS84 좌표의 행정동 경계 포함 여부; 최근접 거리는 행정동 대표 중심점 기준 직선거리,서울특별시 T-DATA 지하철역 좌표정보; 서울 열린데이터광장 서울시 버스정류소 위치정보,True,True,True,True,True
1135061200,서울특별시,노원구,하계2동,2025-12,2025-12,신뢰가능최신월,0,22737.96,25429.86,-10.59,-2691.9,38592.33,44824.13,-13.9,-6231.8,62.5,False,2026-05,15501.68,14151.89,16465.82,0.86,,,안심시설수 2023-04-21; 유흥시설수 2026-06-17,0,0,,,좌표공간조인,"서울시 단란주점영업 인허가 정보, 서울시 안심귀갓길 안전시설물, 서울시 유흥주점영업 인허가 정보",20254,59,280,2026-07-13,2026-07-13,2026-07-01,1.0,1.0,하계,304.0,22.0,44.029,WGS84 좌표의 행정동 경계 포함 여부; 최근접 거리는 행정동 대표 중심점 기준 직선거리,서울특별시 T-DATA 지하철역 좌표정보; 서울 열린데이터광장 서울시 버스정류소 위치정보,True,True,True,True,True
1132052100,서울특별시,도봉구,도봉1동,2025-12,2025-12,신뢰가능최신월,0,15706.33,25429.86,-38.24,-9723.53,29933.72,44824.13,-33.22,-14890.41,52.0,False,2026-05,16961.66,16978.67,16949.51,1.0,,,안심시설수 2023-04-21; 유흥시설수 2026-06-17,12,5,,,좌표공간조인,"서울시 단란주점영업 인허가 정보, 서울시 안심귀갓길 안전시설물, 서울시 유흥주점영업 인허가 정보",20254,86,1005,2026-07-13,2026-07-13,2026-07-01,0.0,0.0,도봉산,1761.0,36.0,4.263,WGS84 좌표의 행정동 경계 포함 여부; 최근접 거리는 행정동 대표 중심점 기준 직선거리,서울특별시 T-DATA 지하철역 좌표정보; 서울 열린데이터광장 서울시 버스정류소 위치정보,True,True,True,True,True
1132052200,서울특별시,도봉구,도봉2동,2025-12,2025-12,신뢰가능최신월,0,15706.33,25429.86,-38.24,-9723.53,29933.72,44824.13,-33.22,-14890.41,52.0,False,2026-05,18550.93,17436.04,19347.28,0.9,,,안심시설수 2023-04-21; 유흥시설수 2026-06-17,4,2,,,좌표공간조인,"서울시 단란주점영업 인허가 정보, 서울시 안심귀갓길 안전시설물, 서울시 유흥주점영업 인허가 정보",20254,83,896,2026-07-13,2026-07-13,2026-07-01,3.0,2.0,도봉,264.0,44.0,39.35,WGS84 좌표의 행정동 경계 포함 여부; 최근접 거리는 행정동 대표 중심점 기준 직선거리,서울특별시 T-DATA 지하철역 좌표정보; 서울 열린데이터광장 서울시 버스정류소 위치정보,True,True,True,True,True
1132069000,서울특별시,도봉구,방학1동,2025-12,2025-12,신뢰가능최신월,0,12648.27,25429.86,-50.26,-12781.59,25905.68,44824.13,-42.21,-18918.45,35.67,False,2026-05,24063.16,24579.63,23694.25,1.04,,,안심시설수 2023-04-21; 유흥시설수 2026-06-17,52,15,,,좌표공간조인,"서울시 단란주점영업 인허가 정보, 서울시 안심귀갓길 안전시설물, 서울시 유흥주점영업 인허가 정보",20254,84,1580,2026-07-13,2026-07-13,2026-07-01,1.0,1.0,방학,282.0,32.0,30.767,WGS84 좌표의 행정동 경계 포함 여부; 최근접 거리는 행정동 대표 중심점 기준 직선거리,서울특별시 T-DATA 지하철역 좌표정보; 서울 열린데이터광장 서울시 버스정류소 위치정보,True,True,True,True,True
1132070000,서울특별시,도봉구,방학2동,2025-12,2025-12,신뢰가능최신월,0,12648.27,25429.86,-50.26,-12781.59,25905.68,44824.13,-42.21,-18918.45,35.67,False,2026-05,9973.35,8991.84,10674.44,0.84,,,안심시설수 2023-04-21; 유흥시설수 2026-06-17,60,1,,,좌표공간조인,"서울시 단란주점영업 인허가 정보, 서울시 안심귀갓길 안전시설물, 서울시 유흥주점영업 인허가 정보",20254,73,704,2026-07-13,2026-07-13,2026-07-01,0.0,0.0,방학,1038.0,23.0,21.063,WGS84 좌표의 행정동 경계 포함 여부; 최근접 거리는 행정동 대표 중심점 기준 직선거리,서울특별시 T-DATA 지하철역 좌표정보; 서울 열린데이터광장 서울시 버스정류소 위치정보,True,True,True,True,True
1132071000,서울특별시,도봉구,방학3동,2025-12,2025-12,신뢰가능최신월,0,12648.27,25429.86,-50.26,-12781.59,25905.68,44824.13,-42.21,-18918.45,35.67,False,2026-05,17729.73,14629.09,19944.47,0.73,,,안심시설수 2023-04-21; 유흥시설수 2026-06-17,0,0,,,좌표공간조인,"서울시 단란주점영업 인허가 정보, 서울시 안심귀갓길 안전시설물, 서울시 유흥주점영업 인허가 정보",20254,72,490,2026-07-13,2026-07-13,2026-07-01,0.0,0.0,북한산우이,958.0,26.0,13.336,WGS84 좌표의 행정동 경계 포함 여부; 최근접 거리는 행정동 대표 중심점 기준 직선거리,서울특별시 T-DATA 지하철역 좌표정보; 서울 열린데이터광장 서울시 버스정류소 위치정보,True,True,True,True,True
1132066000,서울특별시,도봉구,쌍문1동,2025-12,2025-12,신뢰가능최신월,0,11573.29,25429.86,-54.49,-13856.57,26351.38,44824.13,-41.21,-18472.75,29.75,False,2026-05,15961.5,14488.01,17014.0,0.85,,,안심시설수 2023-04-21; 유흥시설수 2026-06-17,63,0,,,좌표공간조인,"서울시 단란주점영업 인허가 정보, 서울시 안심귀갓길 안전시설물, 서울시 유흥주점영업 인허가 정보",20254,77,515,2026-07-13,2026-07-13,2026-07-01,0.0,0.0,솔밭공원,641.0,44.0,37.45,WGS84 좌표의 행정동 경계 포함 여부; 최근접 거리는 행정동 대표 중심점 기준 직선거리,서울특별시 T-DATA 지하철역 좌표정보; 서울 열린데이터광장 서울시 버스정류소 위치정보,True,True,True,True,True
1132067000,서울특별시,도봉구,쌍문2동,2025-12,2025-12,신뢰가능최신월,0,11573.29,25429.86,-54.49,-13856.57,26351.38,44824.13,-41.21,-18472.75,29.75,False,2026-05,16057.08,14825.69,16936.64,0.88,,,안심시설수 2023-04-21; 유흥시설수 2026-06-17,47,1,,,좌표공간조인,"서울시 단란주점영업 인허가 정보, 서울시 안심귀갓길 안전시설물, 서울시 유흥주점영업 인허가 정보",20254,86,869,2026-07-13,2026-07-13,2026-07-01,0.0,0.0,쌍문,961.0,14.0,25.888,WGS84 좌표의 행정동 경계 포함 여부; 최근접 거리는 행정동 대표 중심점 기준 직선거리,서울특별시 T-DATA 지하철역 좌표정보; 서울 열린데이터광장 서울시 버스정류소 위치정보,True,True,True,True,True
1132068000,서울특별시,도봉구,쌍문3동,2025-12,2025-12,신뢰가능최신월,0,11573.29,25429.86,-54.49,-13856.57,26351.38,44824.13,-41.21,-18472.75,29.75,False,2026-05,16288.04,15536.55,16824.81,0.92,,,안심시설수 2023-04-21; 유흥시설수 2026-06-17,37,2,,,좌표공간조인,"서울시 단란주점영업 인허가 정보, 서울시 안심귀갓길 안전시설물, 서울시 유흥주점영업 인허가 정보",20254,80,686,2026-07-13,2026-07-13,2026-07-01,0.0,0.0,쌍문,379.0,15.0,29.737,WGS84 좌표의 행정동 경계 포함 여부; 최근접 거리는 행정동 대표 중심점 기준 직선거리,서울특별시 T-DATA 지하철역 좌표정보; 서울 열린데이터광장 서울시 버스정류소 위치정보,True,True,True,True,True
1132068100,서울특별시,도봉구,쌍문4동,2025-12,2025-12,신뢰가능최신월,0,11573.29,25429.86,-54.49,-13856.57,26351.38,44824.13,-41.21,-18472.75,29.75,False,2026-05,12694.11,11788.06,13341.29,0.88,,,안심시설수 2023-04-21; 유흥시설수 2026-06-17,0,0,,,좌표공간조인,"서울시 단란주점영업 인허가 정보, 서울시 안심귀갓길 안전시설물, 서울시 유흥주점영업 인허가 정보",20254,65,407,2026-07-13,2026-07-13,2026-07-01,0.0,0.0,쌍문,844.0,17.0,30.661,WGS84 좌표의 행정동 경계 포함 여부; 최근접 거리는 행정동 대표 중심점 기준 직선거리,서울특별시 T-DATA 지하철역 좌표정보; 서울 열린데이터광장 서울시 버스정류소 위치정보,True,True,True,True,True
1132051100,서울특별시,도봉구,창1동,2025-12,2025-12,신뢰가능최신월,0,17186.37,25429.86,-32.42,-8243.49,28328.91,44824.13,-36.8,-16495.22,64.6,False,2026-05,18190.08,16922.01,19095.84,0.89,,,안심시설수 2023-04-21; 유흥시설수 2026-06-17,28,5,,,좌표공간조인,"서울시 단란주점영업 인허가 정보, 서울시 안심귀갓길 안전시설물, 서울시 유흥주점영업 인허가 정보",20254,79,713,2026-07-13,2026-07-13,2026-07-01,2.0,2.0,녹천,728.0,22.0,19.62,WGS84 좌표의 행정동 경계 포함 여부; 최근접 거리는 행정동 대표 중심점 기준 직선거리,서울특별시 T-DATA 지하철역 좌표정보; 서울 열린데이터광장 서울시 버스정류소 위치정보,True,True,True,True,True
1132051200,서울특별시,도봉구,창2동,2025-12,2025-12,신뢰가능최신월,0,17186.37,25429.86,-32.42,-8243.49,28328.91,44824.13,-36.8,-16495.22,64.6,False,2026-05,28979.8,24176.75,32410.54,0.75,,,안심시설수 2023-04-21; 유흥시설수 2026-06-17,21,1,,,좌표공간조인,"서울시 단란주점영업 인허가 정보, 서울시 안심귀갓길 안전시설물, 서울시 유흥주점영업 인허가 정보",20254,83,841,2026-07-13,2026-07-13,2026-07-01,0.0,0.0,쌍문,702.0,25.0,38.229,WGS84 좌표의 행정동 경계 포함 여부; 최근접 거리는 행정동 대표 중심점 기준 직선거리,서울특별시 T-DATA 지하철역 좌표정보; 서울 열린데이터광장 서울시 버스정류소 위치정보,True,True,True,True,True
1132051300,서울특별시,도봉구,창3동,2025-12,2025-12,신뢰가능최신월,0,17186.37,25429.86,-32.42,-8243.49,28328.91,44824.13,-36.8,-16495.22,64.6,False,2026-05,10299.89,9231.2,11063.24,0.83,,,안심시설수 2023-04-21; 유흥시설수 2026-06-17,0,3,,,좌표공간조인,"서울시 단란주점영업 인허가 정보, 서울시 안심귀갓길 안전시설물, 서울시 유흥주점영업 인허가 정보",20254,73,564,2026-07-13,2026-07-13,2026-07-01,0.0,0.0,녹천,1184.0,14.0,21.374,WGS84 좌표의 행정동 경계 포함 여부; 최근접 거리는 행정동 대표 중심점 기준 직선거리,서울특별시 T-DATA 지하철역 좌표정보; 서울 열린데이터광장 서울시 버스정류소 위치정보,True,True,True,True,True
1132051400,서울특별시,도봉구,창4동,2025-12,2025-12,신뢰가능최신월,0,17186.37,25429.86,-32.42,-8243.49,28328.91,44824.13,-36.8,-16495.22,64.6,False,2026-05,28339.91,27548.37,28905.29,0.95,,,안심시설수 2023-04-21; 유흥시설수 2026-06-17,0,24,,,좌표공간조인,"서울시 단란주점영업 인허가 정보, 서울시 안심귀갓길 안전시설물, 서울시 유흥주점영업 인허가 정보",20254,86,949,2026-07-13,2026-07-13,2026-07-01,0.0,0.0,창동,323.0,37.0,32.49,WGS84 좌표의 행정동 경계 포함 여부; 최근접 거리는 행정동 대표 중심점 기준 직선거리,서울특별시 T-DATA 지하철역 좌표정보; 서울 열린데이터광장 서울시 버스정류소 위치정보,True,True,True,True,True
1132051500,서울특별시,도봉구,창5동,2025-12,2025-12,신뢰가능최신월,0,17186.37,25429.86,-32.42,-8243.49,28328.91,44824.13,-36.8,-16495.22,64.6,False,2026-05,16452.72,16477.18,16435.25,1.0,,,안심시설수 2023-04-21; 유흥시설수 2026-06-17,0,4,,,좌표공간조인,"서울시 단란주점영업 인허가 정보, 서울시 안심귀갓길 안전시설물, 서울시 유흥주점영업 인허가 정보",20254,92,1888,2026-07-13,2026-07-13,2026-07-01,1.0,1.0,창동,470.0,18.0,25.68,WGS84 좌표의 행정동 경계 포함 여부; 최근접 거리는 행정동 대표 중심점 기준 직선거리,서울특별시 T-DATA 지하철역 좌표정보; 서울 열린데이터광장 서울시 버스정류소 위치정보,True,True,True,True,True
1123060000,서울특별시,동대문구,답십리1동,2025-12,2025-12,신뢰가능최신월,0,23510.85,25429.86,-7.55,-1919.01,42584.67,44824.13,-5.0,-2239.46,178.67,False,2026-05,23158.35,20873.4,24790.45,0.84,,,안심시설수 2023-04-21; 유흥시설수 2026-06-17,24,6,,,좌표공간조인,"서울시 단란주점영업 인허가 정보, 서울시 안심귀갓길 안전시설물, 서울시 유흥주점영업 인허가 정보",20254,85,1137,2026-07-13,2026-07-13,2026-07-01,0.0,0.0,신답,496.0,27.0,34.28,WGS84 좌표의 행정동 경계 포함 여부; 최근접 거리는 행정동 대표 중심점 기준 직선거리,서울특별시 T-DATA 지하철역 좌표정보; 서울 열린데이터광장 서울시 버스정류소 위치정보,True,True,True,True,True
1123061000,서울특별시,동대문구,답십리2동,2025-12,2025-12,신뢰가능최신월,0,22735.88,25429.86,-10.59,-2693.98,43439.31,44824.13,-3.09,-1384.82,104.0,False,2026-05,20438.23,17499.73,22537.16,0.78,,,안심시설수 2023-04-21; 유흥시설수 2026-06-17,0,6,,,좌표공간조인,"서울시 단란주점영업 인허가 정보, 서울시 안심귀갓길 안전시설물, 서울시 유흥주점영업 인허가 정보",20254,89,1619,2026-07-13,2026-07-13,2026-07-01,0.0,0.0,답십리,861.0,20.0,22.855,WGS84 좌표의 행정동 경계 포함 여부; 최근접 거리는 행정동 대표 중심점 기준 직선거리,서울특별시 T-DATA 지하철역 좌표정보; 서울 열린데이터광장 서울시 버스정류소 위치정보,True,True,True,True,True
1123053600,서울특별시,동대문구,용신동,2025-12,2025-12,신뢰가능최신월,0,18033.33,25429.86,-29.09,-7396.53,37679.75,44824.13,-15.94,-7144.38,214.0,False,2026-05,40176.32,41309.63,39366.82,1.05,,,안심시설수 2023-04-21; 유흥시설수 2026-06-17,41,19,,,좌표공간조인,"서울시 단란주점영업 인허가 정보, 서울시 안심귀갓길 안전시설물, 서울시 유흥주점영업 인허가 정보",20254,94,2618,2026-07-13,2026-07-13,2026-07-01,5.0,3.0,제기동,355.0,39.0,24.116,WGS84 좌표의 행정동 경계 포함 여부; 최근접 거리는 행정동 대표 중심점 기준 직선거리,서울특별시 T-DATA 지하철역 좌표정보; 서울 열린데이터광장 서울시 버스정류소 위치정보,True,True,True,True,True
1123074000,서울특별시,동대문구,이문1동,2025-12,2026-01,신뢰가능최신월,1,14890.35,25429.86,-41.45,-10539.51,31475.45,44824.13,-29.78,-13348.68,71.0,False,2026-05,37044.33,35790.67,37939.8,0.94,,,안심시설수 2023-04-21; 유흥시설수 2026-06-17,33,1,,,좌표공간조인,"서울시 단란주점영업 인허가 정보, 서울시 안심귀갓길 안전시설물, 서울시 유흥주점영업 인허가 정보",20254,84,894,2026-07-13,2026-07-13,2026-07-01,1.0,1.0,외대앞,309.0,30.0,28.901,WGS84 좌표의 행정동 경계 포함 여부; 최근접 거리는 행정동 대표 중심점 기준 직선거리,서울특별시 T-DATA 지하철역 좌표정보; 서울 열린데이터광장 서울시 버스정류소 위치정보,True,True,True,True,True
1123075000,서울특별시,동대문구,이문2동,2025-12,2026-01,신뢰가능최신월,1,14890.35,25429.86,-41.45,-10539.51,31475.45,44824.13,-29.78,-13348.68,71.0,False,2026-05,12192.99,10010.55,13751.88,0.73,,,안심시설수 2023-04-21; 유흥시설수 2026-06-17,0,3,,,좌표공간조인,"서울시 단란주점영업 인허가 정보, 서울시 안심귀갓길 안전시설물, 서울시 유흥주점영업 인허가 정보",20254,72,449,2026-07-13,2026-07-13,2026-07-01,1.0,1.0,신이문,111.0,11.0,15.193,WGS84 좌표의 행정동 경계 포함 여부; 최근접 거리는 행정동 대표 중심점 기준 직선거리,서울특별시 T-DATA 지하철역 좌표정보; 서울 열린데이터광장 서울시 버스정류소 위치정보,True,True,True,True,True
1123065000,서울특별시,동대문구,장안1동,2025-12,2026-01,신뢰가능최신월,1,12883.01,25429.86,-49.34,-12546.85,36406.15,44824.13,-18.78,-8417.98,182.5,False,2026-05,33474.2,31946.53,34565.38,0.92,,,안심시설수 2023-04-21; 유흥시설수 2026-06-17,32,24,,,좌표공간조인,"서울시 단란주점영업 인허가 정보, 서울시 안심귀갓길 안전시설물, 서울시 유흥주점영업 인허가 정보",20254,94,2575,2026-07-13,2026-07-13,2026-07-01,0.0,0.0,장한평,634.0,27.0,20.132,WGS84 좌표의 행정동 경계 포함 여부; 최근접 거리는 행정동 대표 중심점 기준 직선거리,서울특별시 T-DATA 지하철역 좌표정보; 서울 열린데이터광장 서울시 버스정류소 위치정보,True,True,True,True,True
1123066000,서울특별시,동대문구,장안2동,2025-12,2026-01,신뢰가능최신월,1,12883.01,25429.86,-49.34,-12546.85,36406.15,44824.13,-18.78,-8417.98,182.5,False,2026-05,28337.58,27149.54,29186.18,0.93,,,안심시설수 2023-04-21; 유흥시설수 2026-06-17,27,34,,,좌표공간조인,"서울시 단란주점영업 인허가 정보, 서울시 안심귀갓길 안전시설물, 서울시 유흥주점영업 인허가 정보",20254,92,1956,2026-07-13,2026-07-13,2026-07-01,0.0,0.0,용마산,1313.0,34.0,34.141,WGS84 좌표의 행정동 경계 포함 여부; 최근접 거리는 행정동 대표 중심점 기준 직선거리,서울특별시 T-DATA 지하철역 좌표정보; 서울 열린데이터광장 서울시 버스정류소 위치정보,True,True,True,True,True
1123056000,서울특별시,동대문구,전농1동,2025-12,2025-12,신뢰가능최신월,0,24590.26,25429.86,-3.3,-839.6,41640.69,44824.13,-7.1,-3183.44,74.67,False,2026-05,36304.22,37267.98,35615.83,1.05,,,안심시설수 2023-04-21; 유흥시설수 2026-06-17,62,8,,,좌표공간조인,"서울시 단란주점영업 인허가 정보, 서울시 안심귀갓길 안전시설물, 서울시 유흥주점영업 인허가 정보",20254,95,1923,2026-07-13,2026-07-13,2026-07-01,2.0,2.0,청량리(서울시립대입구),290.0,31.0,27.535,WGS84 좌표의 행정동 경계 포함 여부; 최근접 거리는 행정동 대표 중심점 기준 직선거리,서울특별시 T-DATA 지하철역 좌표정보; 서울 열린데이터광장 서울시 버스정류소 위치정보,True,True,True,True,True
1123057000,서울특별시,동대문구,전농2동,2025-12,2025-12,신뢰가능최신월,0,24590.26,25429.86,-3.3,-839.6,41640.69,44824.13,-7.1,-3183.44,74.67,False,2026-05,14504.77,14593.13,14441.66,1.01,,,안심시설수 2023-04-21; 유흥시설수 2026-06-17,79,2,,,좌표공간조인,"서울시 단란주점영업 인허가 정보, 서울시 안심귀갓길 안전시설물, 서울시 유흥주점영업 인허가 정보",20254,76,590,2026-07-13,2026-07-13,2026-07-01,0.0,0.0,회기,1021.0,12.0,12.285,WGS84 좌표의 행정동 경계 포함 여부; 최근접 거리는 행정동 대표 중심점 기준 직선거리,서울특별시 T-DATA 지하철역 좌표정보; 서울 열린데이터광장 서울시 버스정류소 위치정보,True,True,True,True,True
1123054500,서울특별시,동대문구,제기동,2025-12,2025-12,신뢰가능최신월,0,14032.61,25429.86,-44.82,-11397.25,32558.61,44824.13,-27.36,-12265.52,104.0,False,2026-05,30939.11,32615.04,29742.02,1.1,,,안심시설수 2023-04-21; 유흥시설수 2026-06-17,21,1,,,좌표공간조인,"서울시 단란주점영업 인허가 정보, 서울시 안심귀갓길 안전시설물, 서울시 유흥주점영업 인허가 정보",20254,90,3054,2026-07-13,2026-07-13,2026-07-01,1.0,1.0,제기동,659.0,27.0,22.866,WGS84 좌표의 행정동 경계 포함 여부; 최근접 거리는 행정동 대표 중심점 기준 직선거리,서울특별시 T-DATA 지하철역 좌표정보; 서울 열린데이터광장 서울시 버스정류소 위치정보,True,True,True,True,True
1123070500,서울특별시,동대문구,청량리동,2025-12,2025-12,신뢰가능최신월,0,12998.76,25429.86,-48.88,-12431.1,30960.83,44824.13,-30.93,-13863.3,58.0,False,2026-05,19470.6,21353.33,18125.79,1.18,,,안심시설수 2023-04-21; 유흥시설수 2026-06-17,49,9,,,좌표공간조인,"서울시 단란주점영업 인허가 정보, 서울시 안심귀갓길 안전시설물, 서울시 유흥주점영업 인허가 정보",20254,86,1099,2026-07-13,2026-07-13,2026-07-01,0.0,0.0,고려대(종암),809.0,24.0,19.942,WGS84 좌표의 행정동 경계 포함 여부; 최근접 거리는 행정동 대표 중심점 기준 직선거리,서울특별시 T-DATA 지하철역 좌표정보; 서울 열린데이터광장 서울시 버스정류소 위치정보,True,True,True,True,True
1123071000,서울특별시,동대문구,회기동,2025-12,2025-12,신뢰가능최신월,0,6810.9,25429.86,-73.22,-18618.96,22325.0,44824.13,-50.19,-22499.13,78.0,False,2026-05,19850.51,21697.18,18531.47,1.17,,,안심시설수 2023-04-21; 유흥시설수 2026-06-17,29,1,,,좌표공간조인,"서울시 단란주점영업 인허가 정보, 서울시 안심귀갓길 안전시설물, 서울시 유흥주점영업 인허가 정보",20254,74,901,2026-07-13,2026-07-13,2026-07-01,0.0,0.0,회기,714.0,10.0,13.049,WGS84 좌표의 행정동 경계 포함 여부; 최근접 거리는 행정동 대표 중심점 기준 직선거리,서울특별시 T-DATA 지하철역 좌표정보; 서울 열린데이터광장 서울시 버스정류소 위치정보,True,True,True,True,True
1123072000,서울특별시,동대문구,휘경1동,2025-12,2026-01,신뢰가능최신월,1,8591.95,25429.86,-66.21,-16837.91,25594.83,44824.13,-42.9,-19229.3,135.5,False,2026-05,20080.93,18604.95,21135.2,0.88,,,안심시설수 2023-04-21; 유흥시설수 2026-06-17,0,3,,,좌표공간조인,"서울시 단란주점영업 인허가 정보, 서울시 안심귀갓길 안전시설물, 서울시 유흥주점영업 인허가 정보",20254,81,654,2026-07-13,2026-07-13,2026-07-01,1.0,1.0,외대앞,464.0,13.0,24.933,WGS84 좌표의 행정동 경계 포함 여부; 최근접 거리는 행정동 대표 중심점 기준 직선거리,서울특별시 T-DATA 지하철역 좌표정보; 서울 열린데이터광장 서울시 버스정류소 위치정보,True,True,True,True,True
1123073000,서울특별시,동대문구,휘경2동,2025-12,2026-01,신뢰가능최신월,1,8591.95,25429.86,-66.21,-16837.91,25594.83,44824.13,-42.9,-19229.3,135.5,False,2026-05,18471.1,16682.97,19748.34,0.84,,,안심시설수 2023-04-21; 유흥시설수 2026-06-17,42,0,,,좌표공간조인,"서울시 단란주점영업 인허가 정보, 서울시 안심귀갓길 안전시설물, 서울시 유흥주점영업 인허가 정보",20254,74,558,2026-07-13,2026-07-13,2026-07-01,0.0,0.0,회기,792.0,18.0,16.176,WGS84 좌표의 행정동 경계 포함 여부; 최근접 거리는 행정동 대표 중심점 기준 직선거리,서울특별시 T-DATA 지하철역 좌표정보; 서울 열린데이터광장 서울시 버스정류소 위치정보,True,True,True,True,True
1159051000,서울특별시,동작구,노량진1동,2025-12,2025-12,신뢰가능최신월,0,26848.28,25429.86,5.58,1418.42,47495.39,44824.13,5.96,2671.26,127.5,False,2026-05,35298.65,35258.26,35327.5,1.0,,,안심시설수 2023-04-21; 유흥시설수 2026-06-17,64,1,,,좌표공간조인,"서울시 단란주점영업 인허가 정보, 서울시 안심귀갓길 안전시설물, 서울시 유흥주점영업 인허가 정보",20254,87,1357,2026-07-13,2026-07-13,2026-07-01,3.0,2.0,노들,384.0,49.0,30.392,WGS84 좌표의 행정동 경계 포함 여부; 최근접 거리는 행정동 대표 중심점 기준 직선거리,서울특별시 T-DATA 지하철역 좌표정보; 서울 열린데이터광장 서울시 버스정류소 위치정보,True,True,True,True,True
1159052000,서울특별시,동작구,노량진2동,2025-12,2025-12,신뢰가능최신월,0,17012.92,25429.86,-33.1,-8416.94,42564.11,44824.13,-5.04,-2260.02,81.5,False,2026-05,14668.1,15003.89,14428.26,1.04,,,안심시설수 2023-04-21; 유흥시설수 2026-06-17,5,10,,,좌표공간조인,"서울시 단란주점영업 인허가 정보, 서울시 안심귀갓길 안전시설물, 서울시 유흥주점영업 인허가 정보",20254,79,1376,2026-07-13,2026-07-13,2026-07-01,0.0,0.0,노량진,402.0,12.0,19.996,WGS84 좌표의 행정동 경계 포함 여부; 최근접 거리는 행정동 대표 중심점 기준 직선거리,서울특별시 T-DATA 지하철역 좌표정보; 서울 열린데이터광장 서울시 버스정류소 위치정보,True,True,True,True,True
1159066000,서울특별시,동작구,대방동,2025-12,2026-01,신뢰가능최신월,1,17725.58,25429.86,-30.3,-7704.28,43850.0,44824.13,-2.17,-974.13,96.0,False,2026-05,44113.48,41563.95,45934.57,0.9,,,안심시설수 2023-04-21; 유흥시설수 2026-06-17,13,5,,,좌표공간조인,"서울시 단란주점영업 인허가 정보, 서울시 안심귀갓길 안전시설물, 서울시 유흥주점영업 인허가 정보",20254,88,1293,2026-07-13,2026-07-13,2026-07-01,2.0,1.0,서울지방병무청,481.0,53.0,34.332,WGS84 좌표의 행정동 경계 포함 여부; 최근접 거리는 행정동 대표 중심점 기준 직선거리,서울특별시 T-DATA 지하철역 좌표정보; 서울 열린데이터광장 서울시 버스정류소 위치정보,True,True,True,True,True
1159062000,서울특별시,동작구,사당1동,2025-12,2026-01,신뢰가능최신월,1,23941.29,25429.86,-5.85,-1488.57,42048.66,44824.13,-6.19,-2775.47,79.4,False,2026-05,20709.54,18619.29,22202.59,0.84,,,안심시설수 2023-04-21; 유흥시설수 2026-06-17,43,12,,,좌표공간조인,"서울시 단란주점영업 인허가 정보, 서울시 안심귀갓길 안전시설물, 서울시 유흥주점영업 인허가 정보",20254,90,1477,2026-07-13,2026-07-13,2026-07-01,3.0,3.0,사당,482.0,12.0,18.907,WGS84 좌표의 행정동 경계 포함 여부; 최근접 거리는 행정동 대표 중심점 기준 직선거리,서울특별시 T-DATA 지하철역 좌표정보; 서울 열린데이터광장 서울시 버스정류소 위치정보,True,True,True,True,True
1159063000,서울특별시,동작구,사당2동,2025-12,2026-01,신뢰가능최신월,1,29772.06,25429.86,17.08,4342.2,49491.63,44824.13,10.41,4667.5,92.4,False,2026-05,31944.59,31746.3,32086.22,0.99,,,안심시설수 2023-04-21; 유흥시설수 2026-06-17,61,19,,,좌표공간조인,"서울시 단란주점영업 인허가 정보, 서울시 안심귀갓길 안전시설물, 서울시 유흥주점영업 인허가 정보",20254,91,1342,2026-07-13,2026-07-13,2026-07-01,3.0,2.0,동작(현충원),695.0,26.0,9.417,WGS84 좌표의 행정동 경계 포함 여부; 최근접 거리는 행정동 대표 중심점 기준 직선거리,서울특별시 T-DATA 지하철역 좌표정보; 서울 열린데이터광장 서울시 버스정류소 위치정보,True,True,True,True,True
1159064000,서울특별시,동작구,사당3동,2025-12,2026-01,신뢰가능최신월,1,23941.29,25429.86,-5.85,-1488.57,42048.66,44824.13,-6.19,-2775.47,79.4,False,2026-05,16212.95,13435.57,18196.79,0.74,,,안심시설수 2023-04-21; 유흥시설수 2026-06-17,97,0,,,좌표공간조인,"서울시 단란주점영업 인허가 정보, 서울시 안심귀갓길 안전시설물, 서울시 유흥주점영업 인허가 정보",20254,84,664,2026-07-13,2026-07-13,2026-07-01,0.0,0.0,남성,462.0,27.0,29.767,WGS84 좌표의 행정동 경계 포함 여부; 최근접 거리는 행정동 대표 중심점 기준 직선거리,서울특별시 T-DATA 지하철역 좌표정보; 서울 열린데이터광장 서울시 버스정류소 위치정보,True,True,True,True,True
1159065000,서울특별시,동작구,사당4동,2025-12,2026-01,신뢰가능최신월,1,23941.29,25429.86,-5.85,-1488.57,42048.66,44824.13,-6.19,-2775.47,79.4,False,2026-05,13161.26,11145.63,14600.99,0.76,,,안심시설수 2023-04-21; 유흥시설수 2026-06-17,28,0,,,좌표공간조인,"서울시 단란주점영업 인허가 정보, 서울시 안심귀갓길 안전시설물, 서울시 유흥주점영업 인허가 정보",20254,80,509,2026-07-13,2026-07-13,2026-07-01,1.0,1.0,남성,452.0,4.0,9.178,WGS84 좌표의 행정동 경계 포함 여부; 최근접 거리는 행정동 대표 중심점 기준 직선거리,서울특별시 T-DATA 지하철역 좌표정보; 서울 열린데이터광장 서울시 버스정류소 위치정보,True,True,True,True,True
1159065100,서울특별시,동작구,사당5동,2025-12,2026-01,신뢰가능최신월,1,23941.29,25429.86,-5.85,-1488.57,42048.66,44824.13,-6.19,-2775.47,79.4,False,2026-05,10450.56,9188.78,11351.83,0.81,,,안심시설수 2023-04-21; 유흥시설수 2026-06-17,26,0,,,좌표공간조인,"서울시 단란주점영업 인허가 정보, 서울시 안심귀갓길 안전시설물, 서울시 유흥주점영업 인허가 정보",20254,66,352,2026-07-13,2026-07-13,2026-07-01,0.0,0.0,남성,572.0,24.0,35.207,WGS84 좌표의 행정동 경계 포함 여부; 최근접 거리는 행정동 대표 중심점 기준 직선거리,서울특별시 T-DATA 지하철역 좌표정보; 서울 열린데이터광장 서울시 버스정류소 위치정보,True,True,True,True,True
1159053000,서울특별시,동작구,상도1동,2025-12,2026-02,신뢰가능최신월,2,15029.41,25429.86,-40.9,-10400.45,43127.63,44824.13,-3.78,-1696.5,219.0,False,2026-05,44280.2,40018.51,47324.25,0.85,,,안심시설수 2023-04-21; 유흥시설수 2026-06-17,58,3,,,좌표공간조인,"서울시 단란주점영업 인허가 정보, 서울시 안심귀갓길 안전시설물, 서울시 유흥주점영업 인허가 정보",20254,93,1385,2026-07-13,2026-07-13,2026-07-01,2.0,1.0,숭실대입구(살피재),263.0,44.0,29.701,WGS84 좌표의 행정동 경계 포함 여부; 최근접 거리는 행정동 대표 중심점 기준 직선거리,서울특별시 T-DATA 지하철역 좌표정보; 서울 열린데이터광장 서울시 버스정류소 위치정보,True,True,True,True,True
1159054000,서울특별시,동작구,상도2동,2025-12,2026-01,신뢰가능최신월,1,23250.35,25429.86,-8.57,-2179.51,48701.95,44824.13,8.65,3877.82,120.0,False,2026-05,18791.87,17604.71,19639.84,0.9,,,안심시설수 2023-04-21; 유흥시설수 2026-06-17,0,5,,,좌표공간조인,"서울시 단란주점영업 인허가 정보, 서울시 안심귀갓길 안전시설물, 서울시 유흥주점영업 인허가 정보",20254,88,1035,2026-07-13,2026-07-13,2026-07-01,1.0,1.0,장승배기,276.0,36.0,46.249,WGS84 좌표의 행정동 경계 포함 여부; 최근접 거리는 행정동 대표 중심점 기준 직선거리,서울특별시 T-DATA 지하철역 좌표정보; 서울 열린데이터광장 서울시 버스정류소 위치정보,True,True,True,True,True
1159055000,서울특별시,동작구,상도3동,2025-12,2026-01,신뢰가능최신월,1,23250.35,25429.86,-8.57,-2179.51,48701.95,44824.13,8.65,3877.82,120.0,False,2026-05,16188.61,13395.36,18183.79,0.74,,,안심시설수 2023-04-21; 유흥시설수 2026-06-17,57,5,,,좌표공간조인,"서울시 단란주점영업 인허가 정보, 서울시 안심귀갓길 안전시설물, 서울시 유흥주점영업 인허가 정보",20254,83,721,2026-07-13,2026-07-13,2026-07-01,0.0,0.0,신대방삼거리,475.0,33.0,51.813,WGS84 좌표의 행정동 경계 포함 여부; 최근접 거리는 행정동 대표 중심점 기준 직선거리,서울특별시 T-DATA 지하철역 좌표정보; 서울 열린데이터광장 서울시 버스정류소 위치정보,True,True,True,True,True
1159056000,서울특별시,동작구,상도4동,2025-12,2026-01,신뢰가능최신월,1,23250.35,25429.86,-8.57,-2179.51,48701.95,44824.13,8.65,3877.82,120.0,False,2026-05,18742.74,15078.83,21359.81,0.71,,,안심시설수 2023-04-21; 유흥시설수 2026-06-17,38,1,,,좌표공간조인,"서울시 단란주점영업 인허가 정보, 서울시 안심귀갓길 안전시설물, 서울시 유흥주점영업 인허가 정보",20254,79,715,2026-07-13,2026-07-13,2026-07-01,0.0,0.0,장승배기,840.0,36.0,38.344,WGS84 좌표의 행정동 경계 포함 여부; 최근접 거리는 행정동 대표 중심점 기준 직선거리,서울특별시 T-DATA 지하철역 좌표정보; 서울 열린데이터광장 서울시 버스정류소 위치정보,True,True,True,True,True
1159067000,서울특별시,동작구,신대방1동,2025-12,2026-01,신뢰가능최신월,1,23764.1,25429.86,-6.55,-1665.76,46807.57,44824.13,4.42,1983.44,95.5,False,2026-05,19662.25,17405.83,21273.98,0.82,,,안심시설수 2023-04-21; 유흥시설수 2026-06-17,26,1,,,좌표공간조인,"서울시 단란주점영업 인허가 정보, 서울시 안심귀갓길 안전시설물, 서울시 유흥주점영업 인허가 정보",20254,78,812,2026-07-13,2026-07-13,2026-07-01,0.0,0.0,신대방,355.0,14.0,20.747,WGS84 좌표의 행정동 경계 포함 여부; 최근접 거리는 행정동 대표 중심점 기준 직선거리,서울특별시 T-DATA 지하철역 좌표정보; 서울 열린데이터광장 서울시 버스정류소 위치정보,True,True,True,True,True
1159068000,서울특별시,동작구,신대방2동,2025-12,2026-01,신뢰가능최신월,1,23764.1,25429.86,-6.55,-1665.76,46807.57,44824.13,4.42,1983.44,95.5,False,2026-05,21440.9,22978.13,20342.88,1.13,,,안심시설수 2023-04-21; 유흥시설수 2026-06-17,52,4,,,좌표공간조인,"서울시 단란주점영업 인허가 정보, 서울시 안심귀갓길 안전시설물, 서울시 유흥주점영업 인허가 정보",20254,86,944,2026-07-13,2026-07-13,2026-07-01,2.0,1.0,보라매병원,242.0,26.0,26.812,WGS84 좌표의 행정동 경계 포함 여부; 최근접 거리는 행정동 대표 중심점 기준 직선거리,서울특별시 T-DATA 지하철역 좌표정보; 서울 열린데이터광장 서울시 버스정류소 위치정보,True,True,True,True,True
1159060500,서울특별시,동작구,흑석동,2025-12,2025-12,신뢰가능최신월,0,34685.89,25429.86,36.4,9256.03,76587.5,44824.13,70.86,31763.37,150.0,False,2026-05,32803.94,34710.65,31442.01,1.1,,,안심시설수 2023-04-21; 유흥시설수 2026-06-17,32,4,,,좌표공간조인,"서울시 단란주점영업 인허가 정보, 서울시 안심귀갓길 안전시설물, 서울시 유흥주점영업 인허가 정보",20254,86,1152,2026-07-13,2026-07-13,2026-07-01,1.0,1.0,흑석(중앙대입구),393.0,55.0,32.22,WGS84 좌표의 행정동 경계 포함 여부; 최근접 거리는 행정동 대표 중심점 기준 직선거리,서울특별시 T-DATA 지하철역 좌표정보; 서울 열린데이터광장 서울시 버스정류소 위치정보,True,True,True,True,True
1144056500,서울특별시,마포구,공덕동,2025-12,2026-01,신뢰가능최신월,1,37883.0,25429.86,48.97,12453.14,62173.23,44824.13,38.7,17349.1,221.5,False,2026-05,32449.29,29728.18,34392.94,0.86,,,안심시설수 2023-04-21; 유흥시설수 2026-06-17,26,10,,,좌표공간조인,"서울시 단란주점영업 인허가 정보, 서울시 안심귀갓길 안전시설물, 서울시 유흥주점영업 인허가 정보",20254,89,1763,2026-07-13,2026-07-13,2026-07-01,2.0,2.0,애오개,500.0,37.0,36.327,WGS84 좌표의 행정동 경계 포함 여부; 최근접 거리는 행정동 대표 중심점 기준 직선거리,서울특별시 T-DATA 지하철역 좌표정보; 서울 열린데이터광장 서울시 버스정류소 위치정보,True,True,True,True,True
1144060000,서울특별시,마포구,대흥동,2025-12,2026-01,신뢰가능최신월,1,23278.35,25429.86,-8.46,-2151.51,44385.87,44824.13,-0.98,-438.26,125.5,False,2026-05,24981.53,28756.16,22285.37,1.29,,,안심시설수 2023-04-21; 유흥시설수 2026-06-17,59,5,,,좌표공간조인,"서울시 단란주점영업 인허가 정보, 서울시 안심귀갓길 안전시설물, 서울시 유흥주점영업 인허가 정보",20254,89,1296,2026-07-13,2026-07-13,2026-07-01,3.0,3.0,대흥(서강대앞),476.0,31.0,36.575,WGS84 좌표의 행정동 경계 포함 여부; 최근접 거리는 행정동 대표 중심점 기준 직선거리,서울특별시 T-DATA 지하철역 좌표정보; 서울 열린데이터광장 서울시 버스정류소 위치정보,True,True,True,True,True
1144058500,서울특별시,마포구,도화동,2025-12,2026-01,신뢰가능최신월,1,30019.86,25429.86,18.05,4590.0,47788.64,44824.13,6.61,2964.51,34.83,False,2026-05,15480.16,16401.51,14822.05,1.11,,,안심시설수 2023-04-21; 유흥시설수 2026-06-17,0,8,,,좌표공간조인,"서울시 단란주점영업 인허가 정보, 서울시 안심귀갓길 안전시설물, 서울시 유흥주점영업 인허가 정보",20254,89,1352,2026-07-13,2026-07-13,2026-07-01,2.0,2.0,마포,299.0,34.0,54.439,WGS84 좌표의 행정동 경계 포함 여부; 최근접 거리는 행정동 대표 중심점 기준 직선거리,서울특별시 T-DATA 지하철역 좌표정보; 서울 열린데이터광장 서울시 버스정류소 위치정보,True,True,True,True,True
1144069000,서울특별시,마포구,망원1동,2025-12,2025-12,신뢰가능최신월,0,16961.52,25429.86,-33.3,-8468.34,28793.47,44824.13,-35.76,-16030.66,58.5,False,2026-05,19782.93,18573.37,20646.89,0.9,,,안심시설수 2023-04-21; 유흥시설수 2026-06-17,30,3,,,좌표공간조인,"서울시 단란주점영업 인허가 정보, 서울시 안심귀갓길 안전시설물, 서울시 유흥주점영업 인허가 정보",20254,86,1715,2026-07-13,2026-07-13,2026-07-01,0.0,0.0,망원,950.0,25.0,22.723,WGS84 좌표의 행정동 경계 포함 여부; 최근접 거리는 행정동 대표 중심점 기준 직선거리,서울특별시 T-DATA 지하철역 좌표정보; 서울 열린데이터광장 서울시 버스정류소 위치정보,True,True,True,True,True
1144070000,서울특별시,마포구,망원2동,2025-12,2025-12,신뢰가능최신월,0,16961.52,25429.86,-33.3,-8468.34,28793.47,44824.13,-35.76,-16030.66,58.5,False,2026-05,15166.31,13879.22,16085.66,0.86,,,안심시설수 2023-04-21; 유흥시설수 2026-06-17,0,0,,,좌표공간조인,"서울시 단란주점영업 인허가 정보, 서울시 안심귀갓길 안전시설물, 서울시 유흥주점영업 인허가 정보",20254,88,1110,2026-07-13,2026-07-13,2026-07-01,0.0,0.0,마포구청,575.0,35.0,51.782,WGS84 좌표의 행정동 경계 포함 여부; 최근접 거리는 행정동 대표 중심점 기준 직선거리,서울특별시 T-DATA 지하철역 좌표정보; 서울 열린데이터광장 서울시 버스정류소 위치정보,True,True,True,True,True
1144074000,서울특별시,마포구,상암동,2025-12,2025-12,신뢰가능최신월,0,19560.76,25429.86,-23.08,-5869.1,43163.07,44824.13,-3.71,-1661.06,173.0,False,2026-05,48164.43,57009.91,41846.22,1.36,,,안심시설수 2023-04-21; 유흥시설수 2026-06-17,0,0,,,좌표공간조인,"서울시 단란주점영업 인허가 정보, 서울시 안심귀갓길 안전시설물, 서울시 유흥주점영업 인허가 정보",20254,89,1720,2026-07-13,2026-07-13,2026-07-01,2.0,2.0,월드컵경기장(성산),1718.0,98.0,11.672,WGS84 좌표의 행정동 경계 포함 여부; 최근접 거리는 행정동 대표 중심점 기준 직선거리,서울특별시 T-DATA 지하철역 좌표정보; 서울 열린데이터광장 서울시 버스정류소 위치정보,True,True,True,True,True
1144065500,서울특별시,마포구,서강동,2025-12,2025-12,신뢰가능최신월,0,22735.01,25429.86,-10.6,-2694.85,56226.83,44824.13,25.44,11402.7,128.5,False,2026-05,28363.03,28141.12,28521.53,0.99,,,안심시설수 2023-04-21; 유흥시설수 2026-06-17,72,0,,,좌표공간조인,"서울시 단란주점영업 인허가 정보, 서울시 안심귀갓길 안전시설물, 서울시 유흥주점영업 인허가 정보",20254,90,1587,2026-07-13,2026-07-13,2026-07-01,2.0,1.0,상수,301.0,62.0,41.957,WGS84 좌표의 행정동 경계 포함 여부; 최근접 거리는 행정동 대표 중심점 기준 직선거리,서울특별시 T-DATA 지하철역 좌표정보; 서울 열린데이터광장 서울시 버스정류소 위치정보,True,True,True,True,True
1144066000,서울특별시,마포구,서교동,2025-12,2025-12,신뢰가능최신월,0,12923.69,25429.86,-49.18,-12506.17,35096.45,44824.13,-21.7,-9727.68,180.0,False,2026-05,72862.13,91403.83,59618.07,1.53,,,안심시설수 2023-04-21; 유흥시설수 2026-06-17,42,44,,,좌표공간조인,"서울시 단란주점영업 인허가 정보, 서울시 안심귀갓길 안전시설물, 서울시 유흥주점영업 인허가 정보",20254,98,8101,2026-07-13,2026-07-13,2026-07-01,4.0,4.0,홍대입구,333.0,80.0,47.689,WGS84 좌표의 행정동 경계 포함 여부; 최근접 거리는 행정동 대표 중심점 기준 직선거리,서울특별시 T-DATA 지하철역 좌표정보; 서울 열린데이터광장 서울시 버스정류소 위치정보,True,True,True,True,True
1144072000,서울특별시,마포구,성산1동,2025-12,2025-12,신뢰가능최신월,0,13633.02,25429.86,-46.39,-11796.84,30589.64,44824.13,-31.76,-14234.49,164.5,False,2026-05,19657.3,18679.46,20355.76,0.92,,,안심시설수 2023-04-21; 유흥시설수 2026-06-17,23,0,,,좌표공간조인,"서울시 단란주점영업 인허가 정보, 서울시 안심귀갓길 안전시설물, 서울시 유흥주점영업 인허가 정보",20254,90,1089,2026-07-13,2026-07-13,2026-07-01,0.0,0.0,망원,674.0,26.0,30.281,WGS84 좌표의 행정동 경계 포함 여부; 최근접 거리는 행정동 대표 중심점 기준 직선거리,서울특별시 T-DATA 지하철역 좌표정보; 서울 열린데이터광장 서울시 버스정류소 위치정보,True,True,True,True,True
1144073000,서울특별시,마포구,성산2동,2025-12,2025-12,신뢰가능최신월,0,16541.91,25429.86,-34.95,-8887.95,35921.76,44824.13,-19.86,-8902.37,184.5,False,2026-05,32509.45,30687.81,33810.62,0.91,,,안심시설수 2023-04-21; 유흥시설수 2026-06-17,0,0,,,좌표공간조인,"서울시 단란주점영업 인허가 정보, 서울시 안심귀갓길 안전시설물, 서울시 유흥주점영업 인허가 정보",20254,91,1395,2026-07-13,2026-07-13,2026-07-01,2.0,1.0,월드컵경기장(성산),271.0,41.0,20.736,WGS84 좌표의 행정동 경계 포함 여부; 최근접 거리는 행정동 대표 중심점 기준 직선거리,서울특별시 T-DATA 지하철역 좌표정보; 서울 열린데이터광장 서울시 버스정류소 위치정보,True,True,True,True,True
1144063000,서울특별시,마포구,신수동,2025-12,2026-01,신뢰가능최신월,1,33808.19,25429.86,32.95,8378.33,60746.65,44824.13,35.52,15922.52,117.0,False,2026-05,15406.96,14455.56,16086.53,0.9,,,안심시설수 2023-04-21; 유흥시설수 2026-06-17,22,3,,,좌표공간조인,"서울시 단란주점영업 인허가 정보, 서울시 안심귀갓길 안전시설물, 서울시 유흥주점영업 인허가 정보",20254,90,1009,2026-07-13,2026-07-13,2026-07-01,0.0,0.0,광흥창(서강),318.0,24.0,30.102,WGS84 좌표의 행정동 경계 포함 여부; 최근접 거리는 행정동 대표 중심점 기준 직선거리,서울특별시 T-DATA 지하철역 좌표정보; 서울 열린데이터광장 서울시 버스정류소 위치정보,True,True,True,True,True
1144055500,서울특별시,마포구,아현동,2025-12,2025-12,신뢰가능최신월,0,43575.47,25429.86,71.36,18145.61,65046.57,44824.13,45.12,20222.44,148.5,False,2026-05,28070.56,27692.5,28340.6,0.98,,,안심시설수 2023-04-21; 유흥시설수 2026-06-17,0,1,,,좌표공간조인,"서울시 단란주점영업 인허가 정보, 서울시 안심귀갓길 안전시설물, 서울시 유흥주점영업 인허가 정보",20254,84,1275,2026-07-13,2026-07-13,2026-07-01,2.0,2.0,애오개,419.0,17.0,22.719,WGS84 좌표의 행정동 경계 포함 여부; 최근접 거리는 행정동 대표 중심점 기준 직선거리,서울특별시 T-DATA 지하철역 좌표정보; 서울 열린데이터광장 서울시 버스정류소 위치정보,True,True,True,True,True
1144071000,서울특별시,마포구,연남동,2025-12,2026-01,신뢰가능최신월,1,9610.49,25429.86,-62.21,-15819.37,31825.71,44824.13,-29.0,-12998.42,82.0,False,2026-05,17452.77,17649.42,17312.31,1.02,,,안심시설수 2023-04-21; 유흥시설수 2026-06-17,0,1,,,좌표공간조인,"서울시 단란주점영업 인허가 정보, 서울시 안심귀갓길 안전시설물, 서울시 유흥주점영업 인허가 정보",20254,89,2311,2026-07-13,2026-07-13,2026-07-01,0.0,0.0,홍대입구,717.0,22.0,34.005,WGS84 좌표의 행정동 경계 포함 여부; 최근접 거리는 행정동 대표 중심점 기준 직선거리,서울특별시 T-DATA 지하철역 좌표정보; 서울 열린데이터광장 서울시 버스정류소 위치정보,True,True,True,True,True
1144061000,서울특별시,마포구,염리동,2025-12,2025-12,신뢰가능최신월,0,34922.96,25429.86,37.33,9493.1,56081.31,44824.13,25.11,11257.18,69.0,False,2026-05,18016.02,17427.91,18436.1,0.95,,,안심시설수 2023-04-21; 유흥시설수 2026-06-17,0,0,,,좌표공간조인,"서울시 단란주점영업 인허가 정보, 서울시 안심귀갓길 안전시설물, 서울시 유흥주점영업 인허가 정보",20254,79,662,2026-07-13,2026-07-13,2026-07-01,0.0,0.0,대흥(서강대앞),538.0,10.0,20.122,WGS84 좌표의 행정동 경계 포함 여부; 최근접 거리는 행정동 대표 중심점 기준 직선거리,서울특별시 T-DATA 지하철역 좌표정보; 서울 열린데이터광장 서울시 버스정류소 위치정보,True,True,True,True,True
1144059000,서울특별시,마포구,용강동,2025-12,2026-01,신뢰가능최신월,1,42850.38,25429.86,68.5,17420.52,62728.87,44824.13,39.94,17904.74,145.17,False,2026-05,23032.2,22470.52,23433.39,0.96,,,안심시설수 2023-04-21; 유흥시설수 2026-06-17,0,14,,,좌표공간조인,"서울시 단란주점영업 인허가 정보, 서울시 안심귀갓길 안전시설물, 서울시 유흥주점영업 인허가 정보",20254,88,1586,2026-07-13,2026-07-13,2026-07-01,1.0,1.0,마포,394.0,22.0,27.848,WGS84 좌표의 행정동 경계 포함 여부; 최근접 거리는 행정동 대표 중심점 기준 직선거리,서울특별시 T-DATA 지하철역 좌표정보; 서울 열린데이터광장 서울시 버스정류소 위치정보,True,True,True,True,True
1144068000,서울특별시,마포구,합정동,2025-12,2025-12,신뢰가능최신월,0,19861.05,25429.86,-21.9,-5568.81,28343.69,44824.13,-36.77,-16480.44,101.0,False,2026-05,18793.72,21447.93,16897.86,1.27,,,안심시설수 2023-04-21; 유흥시설수 2026-06-17,0,5,,,좌표공간조인,"서울시 단란주점영업 인허가 정보, 서울시 안심귀갓길 안전시설물, 서울시 유흥주점영업 인허가 정보",20254,94,1939,2026-07-13,2026-07-13,2026-07-01,2.0,2.0,합정,462.0,28.0,16.363,WGS84 좌표의 행정동 경계 포함 여부; 최근접 거리는 행정동 대표 중심점 기준 직선거리,서울특별시 T-DATA 지하철역 좌표정보; 서울 열린데이터광장 서울시 버스정류소 위치정보,True,True,True,True,True
1141069000,서울특별시,서대문구,남가좌1동,2025-12,2025-12,신뢰가능최신월,0,30061.08,25429.86,18.21,4631.22,58813.67,44824.13,31.21,13989.54,107.0,False,2026-05,10218.44,9394.22,10807.16,0.87,,,안심시설수 2023-04-21; 유흥시설수 2026-06-17,0,9,,,좌표공간조인,"서울시 단란주점영업 인허가 정보, 서울시 안심귀갓길 안전시설물, 서울시 유흥주점영업 인허가 정보",20254,75,557,2026-07-13,2026-07-13,2026-07-01,1.0,1.0,가좌,376.0,16.0,33.671,WGS84 좌표의 행정동 경계 포함 여부; 최근접 거리는 행정동 대표 중심점 기준 직선거리,서울특별시 T-DATA 지하철역 좌표정보; 서울 열린데이터광장 서울시 버스정류소 위치정보,True,True,True,True,True
1141070000,서울특별시,서대문구,남가좌2동,2025-12,2025-12,신뢰가능최신월,0,30061.08,25429.86,18.21,4631.22,58813.67,44824.13,31.21,13989.54,107.0,False,2026-05,21496.09,20973.78,21869.16,0.96,,,안심시설수 2023-04-21; 유흥시설수 2026-06-17,59,2,,,좌표공간조인,"서울시 단란주점영업 인허가 정보, 서울시 안심귀갓길 안전시설물, 서울시 유흥주점영업 인허가 정보",20254,88,1086,2026-07-13,2026-07-13,2026-07-01,0.0,0.0,가좌,1168.0,25.0,31.927,WGS84 좌표의 행정동 경계 포함 여부; 최근접 거리는 행정동 대표 중심점 기준 직선거리,서울특별시 T-DATA 지하철역 좌표정보; 서울 열린데이터광장 서울시 버스정류소 위치정보,True,True,True,True,True
1141071000,서울특별시,서대문구,북가좌1동,2025-12,2026-01,신뢰가능최신월,1,19810.84,25429.86,-22.1,-5619.02,38421.59,44824.13,-14.28,-6402.54,64.0,False,2026-05,13754.21,11749.41,15186.2,0.77,,,안심시설수 2023-04-21; 유흥시설수 2026-06-17,2,0,,,좌표공간조인,"서울시 단란주점영업 인허가 정보, 서울시 안심귀갓길 안전시설물, 서울시 유흥주점영업 인허가 정보",20254,70,394,2026-07-13,2026-07-13,2026-07-01,0.0,0.0,디지털미디어시티,597.0,11.0,19.046,WGS84 좌표의 행정동 경계 포함 여부; 최근접 거리는 행정동 대표 중심점 기준 직선거리,서울특별시 T-DATA 지하철역 좌표정보; 서울 열린데이터광장 서울시 버스정류소 위치정보,True,True,True,True,True
1141072000,서울특별시,서대문구,북가좌2동,2025-12,2026-01,신뢰가능최신월,1,19810.84,25429.86,-22.1,-5619.02,38421.59,44824.13,-14.28,-6402.54,64.0,False,2026-05,26510.28,23804.03,28443.32,0.84,,,안심시설수 2023-04-21; 유흥시설수 2026-06-17,54,6,,,좌표공간조인,"서울시 단란주점영업 인허가 정보, 서울시 안심귀갓길 안전시설물, 서울시 유흥주점영업 인허가 정보",20254,81,1052,2026-07-13,2026-07-13,2026-07-01,0.0,0.0,증산(명지대앞),443.0,36.0,43.671,WGS84 좌표의 행정동 경계 포함 여부; 최근접 거리는 행정동 대표 중심점 기준 직선거리,서울특별시 T-DATA 지하철역 좌표정보; 서울 열린데이터광장 서울시 버스정류소 위치정보,True,True,True,True,True
1141055500,서울특별시,서대문구,북아현동,2025-12,2026-01,신뢰가능최신월,1,23877.85,25429.86,-6.1,-1552.01,54590.83,44824.13,21.79,9766.7,123.0,False,2026-05,56564.05,68918.06,47739.76,1.44,,,안심시설수 2023-04-21; 유흥시설수 2026-06-17,24,3,,,좌표공간조인,"서울시 단란주점영업 인허가 정보, 서울시 안심귀갓길 안전시설물, 서울시 유흥주점영업 인허가 정보",20254,80,593,2026-07-13,2026-07-13,2026-07-01,0.0,0.0,아현,238.0,16.0,34.885,WGS84 좌표의 행정동 경계 포함 여부; 최근접 거리는 행정동 대표 중심점 기준 직선거리,서울특별시 T-DATA 지하철역 좌표정보; 서울 열린데이터광장 서울시 버스정류소 위치정보,True,True,True,True,True
1141058500,서울특별시,서대문구,신촌동,2025-12,2025-12,신뢰가능최신월,0,4439.16,25429.86,-82.54,-20990.7,21829.29,44824.13,-51.3,-22994.84,216.5,False,2026-05,61699.68,75351.73,51948.22,1.45,,,안심시설수 2023-04-21; 유흥시설수 2026-06-17,73,18,,,좌표공간조인,"서울시 단란주점영업 인허가 정보, 서울시 안심귀갓길 안전시설물, 서울시 유흥주점영업 인허가 정보",20254,95,3251,2026-07-13,2026-07-13,2026-07-01,2.0,2.0,신촌,490.0,47.0,17.291,WGS84 좌표의 행정동 경계 포함 여부; 최근접 거리는 행정동 대표 중심점 기준 직선거리,서울특별시 T-DATA 지하철역 좌표정보; 서울 열린데이터광장 서울시 버스정류소 위치정보,True,True,True,True,True
1141061500,서울특별시,서대문구,연희동,2025-12,2026-01,신뢰가능최신월,1,8685.08,25429.86,-65.85,-16744.78,31613.33,44824.13,-29.47,-13210.8,194.0,False,2026-05,37550.06,36697.93,38158.73,0.96,,,안심시설수 2023-04-21; 유흥시설수 2026-06-17,60,5,,,좌표공간조인,"서울시 단란주점영업 인허가 정보, 서울시 안심귀갓길 안전시설물, 서울시 유흥주점영업 인허가 정보",20254,91,1867,2026-07-13,2026-07-13,2026-07-01,0.0,0.0,가좌,1584.0,57.0,19.473,WGS84 좌표의 행정동 경계 포함 여부; 최근접 거리는 행정동 대표 중심점 기준 직선거리,서울특별시 T-DATA 지하철역 좌표정보; 서울 열린데이터광장 서울시 버스정류소 위치정보,True,True,True,True,True
1141052000,서울특별시,서대문구,천연동,2025-12,2025-12,신뢰가능최신월,0,38784.95,25429.86,52.52,13355.09,55712.41,44824.13,24.29,10888.28,55.0,False,2026-05,14061.82,12744.53,15002.74,0.85,,,안심시설수 2023-04-21; 유흥시설수 2026-06-17,0,2,,,좌표공간조인,"서울시 단란주점영업 인허가 정보, 서울시 안심귀갓길 안전시설물, 서울시 유흥주점영업 인허가 정보",20254,68,573,2026-07-13,2026-07-13,2026-07-01,1.0,1.0,독립문,373.0,36.0,36.657,WGS84 좌표의 행정동 경계 포함 여부; 최근접 거리는 행정동 대표 중심점 기준 직선거리,서울특별시 T-DATA 지하철역 좌표정보; 서울 열린데이터광장 서울시 버스정류소 위치정보,True,True,True,True,True
1141056500,서울특별시,서대문구,충현동,2025-12,2026-01,신뢰가능최신월,1,26288.57,25429.86,3.38,858.71,48623.78,44824.13,8.48,3799.65,124.5,False,2026-05,35428.49,42418.32,30435.76,1.39,,,안심시설수 2023-04-21; 유흥시설수 2026-06-17,50,2,,,좌표공간조인,"서울시 단란주점영업 인허가 정보, 서울시 안심귀갓길 안전시설물, 서울시 유흥주점영업 인허가 정보",20254,81,1070,2026-07-13,2026-07-13,2026-07-01,3.0,2.0,충정로(경기대입구),577.0,43.0,38.559,WGS84 좌표의 행정동 경계 포함 여부; 최근접 거리는 행정동 대표 중심점 기준 직선거리,서울특별시 T-DATA 지하철역 좌표정보; 서울 열린데이터광장 서울시 버스정류소 위치정보,True,True,True,True,True
1141066000,서울특별시,서대문구,홍은1동,2025-12,2025-12,신뢰가능최신월,0,20017.97,25429.86,-21.28,-5411.89,35574.79,44824.13,-20.63,-9249.34,58.0,False,2026-05,14823.84,12280.22,16640.71,0.74,,,안심시설수 2023-04-21; 유흥시설수 2026-06-17,21,2,,,좌표공간조인,"서울시 단란주점영업 인허가 정보, 서울시 안심귀갓길 안전시설물, 서울시 유흥주점영업 인허가 정보",20254,80,652,2026-07-13,2026-07-13,2026-07-01,0.0,0.0,녹번,987.0,30.0,18.778,WGS84 좌표의 행정동 경계 포함 여부; 최근접 거리는 행정동 대표 중심점 기준 직선거리,서울특별시 T-DATA 지하철역 좌표정보; 서울 열린데이터광장 서울시 버스정류소 위치정보,True,True,True,True,True
1141068500,서울특별시,서대문구,홍은2동,2025-12,2025-12,신뢰가능최신월,0,20017.97,25429.86,-21.28,-5411.89,35574.79,44824.13,-20.63,-9249.34,58.0,False,2026-05,21426.23,19744.31,22627.6,0.87,,,안심시설수 2023-04-21; 유흥시설수 2026-06-17,34,4,,,좌표공간조인,"서울시 단란주점영업 인허가 정보, 서울시 안심귀갓길 안전시설물, 서울시 유흥주점영업 인허가 정보",20254,84,785,2026-07-13,2026-07-13,2026-07-01,0.0,0.0,홍제,1046.0,71.0,34.241,WGS84 좌표의 행정동 경계 포함 여부; 최근접 거리는 행정동 대표 중심점 기준 직선거리,서울특별시 T-DATA 지하철역 좌표정보; 서울 열린데이터광장 서울시 버스정류소 위치정보,True,True,True,True,True
1141062000,서울특별시,서대문구,홍제1동,2025-12,2025-12,신뢰가능최신월,0,28620.76,25429.86,12.55,3190.9,45692.6,44824.13,1.94,868.47,63.33,False,2026-05,21801.72,19659.44,23331.92,0.84,,,안심시설수 2023-04-21; 유흥시설수 2026-06-17,23,5,,,좌표공간조인,"서울시 단란주점영업 인허가 정보, 서울시 안심귀갓길 안전시설물, 서울시 유흥주점영업 인허가 정보",20254,83,679,2026-07-13,2026-07-13,2026-07-01,2.0,1.0,무악재,541.0,22.0,17.816,WGS84 좌표의 행정동 경계 포함 여부; 최근접 거리는 행정동 대표 중심점 기준 직선거리,서울특별시 T-DATA 지하철역 좌표정보; 서울 열린데이터광장 서울시 버스정류소 위치정보,True,True,True,True,True
1141065500,서울특별시,서대문구,홍제2동,2025-12,2025-12,신뢰가능최신월,0,28620.76,25429.86,12.55,3190.9,45692.6,44824.13,1.94,868.47,63.33,False,2026-05,10850.83,8805.95,12311.46,0.72,,,안심시설수 2023-04-21; 유흥시설수 2026-06-17,23,3,,,좌표공간조인,"서울시 단란주점영업 인허가 정보, 서울시 안심귀갓길 안전시설물, 서울시 유흥주점영업 인허가 정보",20254,73,398,2026-07-13,2026-07-13,2026-07-01,0.0,0.0,무악재,304.0,9.0,12.867,WGS84 좌표의 행정동 경계 포함 여부; 최근접 거리는 행정동 대표 중심점 기준 직선거리,서울특별시 T-DATA 지하철역 좌표정보; 서울 열린데이터광장 서울시 버스정류소 위치정보,True,True,True,True,True
1141064000,서울특별시,서대문구,홍제3동,2025-12,2025-12,신뢰가능최신월,0,28620.76,25429.86,12.55,3190.9,45692.6,44824.13,1.94,868.47,63.33,False,2026-05,14311.07,13473.1,14909.62,0.9,,,안심시설수 2023-04-21; 유흥시설수 2026-06-17,27,4,,,좌표공간조인,"서울시 단란주점영업 인허가 정보, 서울시 안심귀갓길 안전시설물, 서울시 유흥주점영업 인허가 정보",20254,80,792,2026-07-13,2026-07-13,2026-07-01,0.0,0.0,홍제,787.0,42.0,34.768,WGS84 좌표의 행정동 경계 포함 여부; 최근접 거리는 행정동 대표 중심점 기준 직선거리,서울특별시 T-DATA 지하철역 좌표정보; 서울 열린데이터광장 서울시 버스정류소 위치정보,True,True,True,True,True
1165066000,서울특별시,서초구,내곡동,2025-12,2025-12,신뢰가능최신월,0,37876.87,25429.86,48.95,12447.01,49282.68,44824.13,9.95,4458.55,84.0,False,2026-05,21800.85,24091.07,20164.97,1.19,,,안심시설수 2023-04-21; 유흥시설수 2026-06-17,29,0,,,좌표공간조인,"서울시 단란주점영업 인허가 정보, 서울시 안심귀갓길 안전시설물, 서울시 유흥주점영업 인허가 정보",20254,82,884,2026-07-13,2026-07-13,2026-07-01,1.0,1.0,청계산입구,1635.0,60.0,4.725,WGS84 좌표의 행정동 경계 포함 여부; 최근접 거리는 행정동 대표 중심점 기준 직선거리,서울특별시 T-DATA 지하철역 좌표정보; 서울 열린데이터광장 서울시 버스정류소 위치정보,True,True,True,True,True
1165056000,서울특별시,서초구,반포1동,2025-12,2026-01,신뢰가능최신월,1,89512.24,25429.86,252.0,64082.38,130000.25,44824.13,190.02,85176.12,81.25,False,2026-05,34187.6,36072.67,32841.12,1.1,,,안심시설수 2023-04-21; 유흥시설수 2026-06-17,53,4,,,좌표공간조인,"서울시 단란주점영업 인허가 정보, 서울시 안심귀갓길 안전시설물, 서울시 유흥주점영업 인허가 정보",20254,91,1661,2026-07-13,2026-07-13,2026-07-01,2.0,2.0,사평,198.0,19.0,19.161,WGS84 좌표의 행정동 경계 포함 여부; 최근접 거리는 행정동 대표 중심점 기준 직선거리,서울특별시 T-DATA 지하철역 좌표정보; 서울 열린데이터광장 서울시 버스정류소 위치정보,True,True,True,True,True
1165057000,서울특별시,서초구,반포2동,2025-12,2026-01,신뢰가능최신월,1,89512.24,25429.86,252.0,64082.38,130000.25,44824.13,190.02,85176.12,81.25,False,2026-05,26161.68,27123.39,25474.74,1.06,,,안심시설수 2023-04-21; 유흥시설수 2026-06-17,0,0,,,좌표공간조인,"서울시 단란주점영업 인허가 정보, 서울시 안심귀갓길 안전시설물, 서울시 유흥주점영업 인허가 정보",20254,69,438,2026-07-13,2026-07-13,2026-07-01,1.0,1.0,신반포,423.0,17.0,12.187,WGS84 좌표의 행정동 경계 포함 여부; 최근접 거리는 행정동 대표 중심점 기준 직선거리,서울특별시 T-DATA 지하철역 좌표정보; 서울 열린데이터광장 서울시 버스정류소 위치정보,True,True,True,True,True
1165058000,서울특별시,서초구,반포3동,2025-12,2026-01,신뢰가능최신월,1,68307.55,25429.86,168.61,42877.69,105693.68,44824.13,135.8,60869.55,111.0,False,2026-05,24721.61,25603.77,24091.5,1.06,,,안심시설수 2023-04-21; 유흥시설수 2026-06-17,0,0,,,좌표공간조인,"서울시 단란주점영업 인허가 정보, 서울시 안심귀갓길 안전시설물, 서울시 유흥주점영업 인허가 정보",20254,78,1069,2026-07-13,2026-07-13,2026-07-01,0.0,0.0,잠원,642.0,16.0,12.792,WGS84 좌표의 행정동 경계 포함 여부; 최근접 거리는 행정동 대표 중심점 기준 직선거리,서울특별시 T-DATA 지하철역 좌표정보; 서울 열린데이터광장 서울시 버스정류소 위치정보,True,True,True,True,True
1165058100,서울특별시,서초구,반포4동,2025-12,2026-01,신뢰가능최신월,1,89512.24,25429.86,252.0,64082.38,130000.25,44824.13,190.02,85176.12,81.25,False,2026-05,42188.54,53210.37,34315.81,1.55,,,안심시설수 2023-04-21; 유흥시설수 2026-06-17,58,0,,,좌표공간조인,"서울시 단란주점영업 인허가 정보, 서울시 안심귀갓길 안전시설물, 서울시 유흥주점영업 인허가 정보",20254,89,3059,2026-07-13,2026-07-13,2026-07-01,3.0,3.0,고속터미널,450.0,32.0,22.439,WGS84 좌표의 행정동 경계 포함 여부; 최근접 거리는 행정동 대표 중심점 기준 직선거리,서울특별시 T-DATA 지하철역 좌표정보; 서울 열린데이터광장 서울시 버스정류소 위치정보,True,True,True,True,True
1165055000,서울특별시,서초구,반포본동,2025-12,2026-01,신뢰가능최신월,1,89512.24,25429.86,252.0,64082.38,130000.25,44824.13,190.02,85176.12,81.25,False,2026-05,5911.43,7203.43,4988.58,1.44,,,안심시설수 2023-04-21; 유흥시설수 2026-06-17,0,0,,,좌표공간조인,"서울시 단란주점영업 인허가 정보, 서울시 안심귀갓길 안전시설물, 서울시 유흥주점영업 인허가 정보",20254,68,371,2026-07-13,2026-07-13,2026-07-01,1.0,1.0,구반포,317.0,3.0,3.087,WGS84 좌표의 행정동 경계 포함 여부; 최근접 거리는 행정동 대표 중심점 기준 직선거리,서울특별시 T-DATA 지하철역 좌표정보; 서울 열린데이터광장 서울시 버스정류소 위치정보,True,True,True,True,True
1165060000,서울특별시,서초구,방배1동,2025-12,2025-12,신뢰가능최신월,0,38322.32,25429.86,50.7,12892.46,58142.94,44824.13,29.71,13318.81,59.17,False,2026-05,19750.56,22526.0,17768.11,1.27,,,안심시설수 2023-04-21; 유흥시설수 2026-06-17,51,1,,,좌표공간조인,"서울시 단란주점영업 인허가 정보, 서울시 안심귀갓길 안전시설물, 서울시 유흥주점영업 인허가 정보",20254,89,1309,2026-07-13,2026-07-13,2026-07-01,1.0,1.0,내방,389.0,22.0,31.943,WGS84 좌표의 행정동 경계 포함 여부; 최근접 거리는 행정동 대표 중심점 기준 직선거리,서울특별시 T-DATA 지하철역 좌표정보; 서울 열린데이터광장 서울시 버스정류소 위치정보,True,True,True,True,True
1165061000,서울특별시,서초구,방배2동,2025-12,2025-12,신뢰가능최신월,0,38322.32,25429.86,50.7,12892.46,58142.94,44824.13,29.71,13318.81,59.17,False,2026-05,17575.95,18841.36,16672.09,1.13,,,안심시설수 2023-04-21; 유흥시설수 2026-06-17,32,6,,,좌표공간조인,"서울시 단란주점영업 인허가 정보, 서울시 안심귀갓길 안전시설물, 서울시 유흥주점영업 인허가 정보",20254,94,1340,2026-07-13,2026-07-13,2026-07-01,1.0,1.0,사당,712.0,35.0,18.396,WGS84 좌표의 행정동 경계 포함 여부; 최근접 거리는 행정동 대표 중심점 기준 직선거리,서울특별시 T-DATA 지하철역 좌표정보; 서울 열린데이터광장 서울시 버스정류소 위치정보,True,True,True,True,True
1165062000,서울특별시,서초구,방배3동,2025-12,2025-12,신뢰가능최신월,0,38322.32,25429.86,50.7,12892.46,58142.94,44824.13,29.71,13318.81,59.17,False,2026-05,24206.37,20686.95,26720.24,0.77,,,안심시설수 2023-04-21; 유흥시설수 2026-06-17,92,0,,,좌표공간조인,"서울시 단란주점영업 인허가 정보, 서울시 안심귀갓길 안전시설물, 서울시 유흥주점영업 인허가 정보",20254,83,672,2026-07-13,2026-07-13,2026-07-01,1.0,1.0,방배,783.0,43.0,18.118,WGS84 좌표의 행정동 경계 포함 여부; 최근접 거리는 행정동 대표 중심점 기준 직선거리,서울특별시 T-DATA 지하철역 좌표정보; 서울 열린데이터광장 서울시 버스정류소 위치정보,True,True,True,True,True
1165062100,서울특별시,서초구,방배4동,2025-12,2025-12,신뢰가능최신월,0,38322.32,25429.86,50.7,12892.46,58142.94,44824.13,29.71,13318.81,59.17,False,2026-05,27350.37,27065.42,27553.9,0.98,,,안심시설수 2023-04-21; 유흥시설수 2026-06-17,49,4,,,좌표공간조인,"서울시 단란주점영업 인허가 정보, 서울시 안심귀갓길 안전시설물, 서울시 유흥주점영업 인허가 정보",20254,94,1794,2026-07-13,2026-07-13,2026-07-01,0.0,0.0,내방,332.0,29.0,30.564,WGS84 좌표의 행정동 경계 포함 여부; 최근접 거리는 행정동 대표 중심점 기준 직선거리,서울특별시 T-DATA 지하철역 좌표정보; 서울 열린데이터광장 서울시 버스정류소 위치정보,True,True,True,True,True
1165059000,서울특별시,서초구,방배본동,2025-12,2025-12,신뢰가능최신월,0,38322.32,25429.86,50.7,12892.46,58142.94,44824.13,29.71,13318.81,59.17,False,2026-05,17349.76,16503.19,17954.46,0.92,,,안심시설수 2023-04-21; 유흥시설수 2026-06-17,0,9,,,좌표공간조인,"서울시 단란주점영업 인허가 정보, 서울시 안심귀갓길 안전시설물, 서울시 유흥주점영업 인허가 정보",20254,88,1280,2026-07-13,2026-07-13,2026-07-01,0.0,0.0,구반포,701.0,21.0,31.019,WGS84 좌표의 행정동 경계 포함 여부; 최근접 거리는 행정동 대표 중심점 기준 직선거리,서울특별시 T-DATA 지하철역 좌표정보; 서울 열린데이터광장 서울시 버스정류소 위치정보,True,True,True,True,True
1165051000,서울특별시,서초구,서초1동,2025-12,2025-12,신뢰가능최신월,0,44073.99,25429.86,73.32,18644.13,74018.16,44824.13,65.13,29194.03,131.5,False,2026-05,28720.51,32550.53,25984.79,1.25,,,안심시설수 2023-04-21; 유흥시설수 2026-06-17,30,4,,,좌표공간조인,"서울시 단란주점영업 인허가 정보, 서울시 안심귀갓길 안전시설물, 서울시 유흥주점영업 인허가 정보",20254,97,2993,2026-07-13,2026-07-13,2026-07-01,1.0,1.0,남부터미널(예술의전당),406.0,34.0,24.608,WGS84 좌표의 행정동 경계 포함 여부; 최근접 거리는 행정동 대표 중심점 기준 직선거리,서울특별시 T-DATA 지하철역 좌표정보; 서울 열린데이터광장 서울시 버스정류소 위치정보,True,True,True,True,True
1165052000,서울특별시,서초구,서초2동,2025-12,2025-12,신뢰가능최신월,0,44073.99,25429.86,73.32,18644.13,74018.16,44824.13,65.13,29194.03,131.5,False,2026-05,44231.11,55623.73,36093.52,1.54,,,안심시설수 2023-04-21; 유흥시설수 2026-06-17,56,10,,,좌표공간조인,"서울시 단란주점영업 인허가 정보, 서울시 안심귀갓길 안전시설물, 서울시 유흥주점영업 인허가 정보",20254,96,3760,2026-07-13,2026-07-13,2026-07-01,2.0,2.0,양재(서초구청),717.0,44.0,35.766,WGS84 좌표의 행정동 경계 포함 여부; 최근접 거리는 행정동 대표 중심점 기준 직선거리,서울특별시 T-DATA 지하철역 좌표정보; 서울 열린데이터광장 서울시 버스정류소 위치정보,True,True,True,True,True
1165053000,서울특별시,서초구,서초3동,2025-12,2025-12,신뢰가능최신월,0,42289.16,25429.86,66.3,16859.3,68619.58,44824.13,53.09,23795.45,190.67,False,2026-05,63397.86,82241.63,49938.03,1.65,,,안심시설수 2023-04-21; 유흥시설수 2026-06-17,73,32,,,좌표공간조인,"서울시 단란주점영업 인허가 정보, 서울시 안심귀갓길 안전시설물, 서울시 유흥주점영업 인허가 정보",20254,97,6743,2026-07-13,2026-07-13,2026-07-01,3.0,2.0,남부터미널(예술의전당),598.0,73.0,24.363,WGS84 좌표의 행정동 경계 포함 여부; 최근접 거리는 행정동 대표 중심점 기준 직선거리,서울특별시 T-DATA 지하철역 좌표정보; 서울 열린데이터광장 서울시 버스정류소 위치정보,True,True,True,True,True
1165053100,서울특별시,서초구,서초4동,2025-12,2025-12,신뢰가능최신월,0,44073.99,25429.86,73.32,18644.13,74018.16,44824.13,65.13,29194.03,131.5,False,2026-05,39264.41,44920.08,35224.65,1.28,,,안심시설수 2023-04-21; 유흥시설수 2026-06-17,0,14,,,좌표공간조인,"서울시 단란주점영업 인허가 정보, 서울시 안심귀갓길 안전시설물, 서울시 유흥주점영업 인허가 정보",20254,91,3165,2026-07-13,2026-07-13,2026-07-01,0.0,0.0,사평,709.0,42.0,47.776,WGS84 좌표의 행정동 경계 포함 여부; 최근접 거리는 행정동 대표 중심점 기준 직선거리,서울특별시 T-DATA 지하철역 좌표정보; 서울 열린데이터광장 서울시 버스정류소 위치정보,True,True,True,True,True
1165065100,서울특별시,서초구,양재1동,2025-12,2025-12,신뢰가능최신월,0,34964.32,25429.86,37.49,9534.46,50596.29,44824.13,12.88,5772.16,189.5,False,2026-05,58065.35,66222.17,52239.05,1.27,,,안심시설수 2023-04-21; 유흥시설수 2026-06-17,65,5,,,좌표공간조인,"서울시 단란주점영업 인허가 정보, 서울시 안심귀갓길 안전시설물, 서울시 유흥주점영업 인허가 정보",20254,93,2690,2026-07-13,2026-07-13,2026-07-01,1.0,1.0,양재시민의숲(매헌),1409.0,72.0,12.5,WGS84 좌표의 행정동 경계 포함 여부; 최근접 거리는 행정동 대표 중심점 기준 직선거리,서울특별시 T-DATA 지하철역 좌표정보; 서울 열린데이터광장 서울시 버스정류소 위치정보,True,True,True,True,True
1165065200,서울특별시,서초구,양재2동,2025-12,2025-12,신뢰가능최신월,0,22652.31,25429.86,-10.92,-2777.55,38046.83,44824.13,-15.12,-6777.3,88.5,False,2026-05,37480.13,46429.61,31087.65,1.49,,,안심시설수 2023-04-21; 유흥시설수 2026-06-17,38,5,,,좌표공간조인,"서울시 단란주점영업 인허가 정보, 서울시 안심귀갓길 안전시설물, 서울시 유흥주점영업 인허가 정보",20254,96,3378,2026-07-13,2026-07-13,2026-07-01,1.0,1.0,청계산입구,980.0,52.0,6.881,WGS84 좌표의 행정동 경계 포함 여부; 최근접 거리는 행정동 대표 중심점 기준 직선거리,서울특별시 T-DATA 지하철역 좌표정보; 서울 열린데이터광장 서울시 버스정류소 위치정보,True,True,True,True,True
1165054000,서울특별시,서초구,잠원동,2025-12,2026-01,신뢰가능최신월,1,68307.55,25429.86,168.61,42877.69,105693.68,44824.13,135.8,60869.55,111.0,False,2026-05,37008.36,36968.84,37036.59,1.0,,,안심시설수 2023-04-21; 유흥시설수 2026-06-17,40,12,,,좌표공간조인,"서울시 단란주점영업 인허가 정보, 서울시 안심귀갓길 안전시설물, 서울시 유흥주점영업 인허가 정보",20254,92,1856,2026-07-13,2026-07-13,2026-07-01,1.0,1.0,잠원,498.0,20.0,11.392,WGS84 좌표의 행정동 경계 포함 여부; 최근접 거리는 행정동 대표 중심점 기준 직선거리,서울특별시 T-DATA 지하철역 좌표정보; 서울 열린데이터광장 서울시 버스정류소 위치정보,True,True,True,True,True
1120059000,서울특별시,성동구,금호1가동,2025-12,2025-12,신뢰가능최신월,0,51446.3,25429.86,102.31,26016.44,64996.12,44824.13,45.0,20171.99,47.0,False,2026-05,12375.96,11062.25,13314.32,0.83,,,안심시설수 2023-04-21; 유흥시설수 2026-06-17,0,2,,,좌표공간조인,"서울시 단란주점영업 인허가 정보, 서울시 안심귀갓길 안전시설물, 서울시 유흥주점영업 인허가 정보",20254,76,413,2026-07-13,2026-07-13,2026-07-01,1.0,1.0,신금호,424.0,39.0,87.621,WGS84 좌표의 행정동 경계 포함 여부; 최근접 거리는 행정동 대표 중심점 기준 직선거리,서울특별시 T-DATA 지하철역 좌표정보; 서울 열린데이터광장 서울시 버스정류소 위치정보,True,True,True,True,True
1120061500,서울특별시,성동구,금호2·3가동,2025-12,2025-12,신뢰가능최신월,0,39493.26,25429.86,55.3,14063.4,55022.1,44824.13,22.75,10197.97,70.0,False,2026-05,17645.78,14702.76,19747.94,0.74,,,안심시설수 2023-04-21; 유흥시설수 2026-06-17,0,2,,,좌표공간조인,"서울시 단란주점영업 인허가 정보, 서울시 안심귀갓길 안전시설물, 서울시 유흥주점영업 인허가 정보",20254,75,805,2026-07-13,2026-07-13,2026-07-01,0.0,0.0,신금호,350.0,38.0,60.249,WGS84 좌표의 행정동 경계 포함 여부; 최근접 거리는 행정동 대표 중심점 기준 직선거리,서울특별시 T-DATA 지하철역 좌표정보; 서울 열린데이터광장 서울시 버스정류소 위치정보,True,True,True,True,True
1120062000,서울특별시,성동구,금호4가동,2025-12,2025-12,신뢰가능최신월,0,55808.92,25429.86,119.46,30379.06,82144.21,44824.13,83.26,37320.08,37.0,False,2026-05,11064.93,10657.54,11355.92,0.94,,,안심시설수 2023-04-21; 유흥시설수 2026-06-17,0,0,,,좌표공간조인,"서울시 단란주점영업 인허가 정보, 서울시 안심귀갓길 안전시설물, 서울시 유흥주점영업 인허가 정보",20254,76,521,2026-07-13,2026-07-13,2026-07-01,1.0,1.0,옥수,732.0,30.0,36.093,WGS84 좌표의 행정동 경계 포함 여부; 최근접 거리는 행정동 대표 중심점 기준 직선거리,서울특별시 T-DATA 지하철역 좌표정보; 서울 열린데이터광장 서울시 버스정류소 위치정보,True,True,True,True,True
1120054000,서울특별시,성동구,마장동,2025-12,2025-12,신뢰가능최신월,0,12912.94,25429.86,-49.22,-12516.92,32401.15,44824.13,-27.71,-12422.98,128.0,False,2026-05,18930.44,17725.24,19791.3,0.9,,,안심시설수 2023-04-21; 유흥시설수 2026-06-17,0,3,,,좌표공간조인,"서울시 단란주점영업 인허가 정보, 서울시 안심귀갓길 안전시설물, 서울시 유흥주점영업 인허가 정보",20254,86,2216,2026-07-13,2026-07-13,2026-07-01,1.0,1.0,마장,256.0,28.0,27.075,WGS84 좌표의 행정동 경계 포함 여부; 최근접 거리는 행정동 대표 중심점 기준 직선거리,서울특별시 T-DATA 지하철역 좌표정보; 서울 열린데이터광장 서울시 버스정류소 위치정보,True,True,True,True,True
1120055000,서울특별시,성동구,사근동,2025-12,2025-12,신뢰가능최신월,0,19922.98,25429.86,-21.66,-5506.88,51028.63,44824.13,13.84,6204.5,112.0,False,2026-05,26620.91,30670.88,23728.06,1.29,,,안심시설수 2023-04-21; 유흥시설수 2026-06-17,19,1,,,좌표공간조인,"서울시 단란주점영업 인허가 정보, 서울시 안심귀갓길 안전시설물, 서울시 유흥주점영업 인허가 정보",20254,71,705,2026-07-13,2026-07-13,2026-07-01,2.0,1.0,한양대,351.0,40.0,34.227,WGS84 좌표의 행정동 경계 포함 여부; 최근접 거리는 행정동 대표 중심점 기준 직선거리,서울특별시 T-DATA 지하철역 좌표정보; 서울 열린데이터광장 서울시 버스정류소 위치정보,True,True,True,True,True
1120065000,서울특별시,성동구,성수1가1동,2025-12,2025-12,신뢰가능최신월,0,45195.33,25429.86,77.73,19765.47,75198.18,44824.13,67.76,30374.05,61.0,False,2026-05,18760.64,23615.04,15293.21,1.54,,,안심시설수 2023-04-21; 유흥시설수 2026-06-17,2,1,,,좌표공간조인,"서울시 단란주점영업 인허가 정보, 서울시 안심귀갓길 안전시설물, 서울시 유흥주점영업 인허가 정보",20254,87,1114,2026-07-13,2026-07-13,2026-07-01,1.0,1.0,서울숲,380.0,31.0,16.45,WGS84 좌표의 행정동 경계 포함 여부; 최근접 거리는 행정동 대표 중심점 기준 직선거리,서울특별시 T-DATA 지하철역 좌표정보; 서울 열린데이터광장 서울시 버스정류소 위치정보,True,True,True,True,True
1120066000,서울특별시,성동구,성수1가2동,2025-12,2025-12,신뢰가능최신월,0,45195.33,25429.86,77.73,19765.47,75198.18,44824.13,67.76,30374.05,61.0,False,2026-05,22933.61,29115.23,18518.16,1.57,,,안심시설수 2023-04-21; 유흥시설수 2026-06-17,35,0,,,좌표공간조인,"서울시 단란주점영업 인허가 정보, 서울시 안심귀갓길 안전시설물, 서울시 유흥주점영업 인허가 정보",20254,94,2081,2026-07-13,2026-07-13,2026-07-01,1.0,1.0,뚝섬,386.0,12.0,12.912,WGS84 좌표의 행정동 경계 포함 여부; 최근접 거리는 행정동 대표 중심점 기준 직선거리,서울특별시 T-DATA 지하철역 좌표정보; 서울 열린데이터광장 서울시 버스정류소 위치정보,True,True,True,True,True
1120067000,서울특별시,성동구,성수2가1동,2025-12,2025-12,신뢰가능최신월,0,27036.14,25429.86,6.32,1606.28,40964.42,44824.13,-8.61,-3859.71,39.0,False,2026-05,18285.03,20914.59,16406.77,1.27,,,안심시설수 2023-04-21; 유흥시설수 2026-06-17,0,3,,,좌표공간조인,"서울시 단란주점영업 인허가 정보, 서울시 안심귀갓길 안전시설물, 서울시 유흥주점영업 인허가 정보",20254,90,1540,2026-07-13,2026-07-13,2026-07-01,0.0,0.0,성수,915.0,30.0,25.337,WGS84 좌표의 행정동 경계 포함 여부; 최근접 거리는 행정동 대표 중심점 기준 직선거리,서울특별시 T-DATA 지하철역 좌표정보; 서울 열린데이터광장 서울시 버스정류소 위치정보,True,True,True,True,True
1120069000,서울특별시,성동구,성수2가3동,2025-12,2025-12,신뢰가능최신월,0,27036.14,25429.86,6.32,1606.28,40964.42,44824.13,-8.61,-3859.71,39.0,False,2026-05,40219.47,55115.45,29579.48,1.86,,,안심시설수 2023-04-21; 유흥시설수 2026-06-17,0,1,,,좌표공간조인,"서울시 단란주점영업 인허가 정보, 서울시 안심귀갓길 안전시설물, 서울시 유흥주점영업 인허가 정보",20254,98,3152,2026-07-13,2026-07-13,2026-07-01,1.0,1.0,성수,217.0,20.0,18.981,WGS84 좌표의 행정동 경계 포함 여부; 최근접 거리는 행정동 대표 중심점 기준 직선거리,서울특별시 T-DATA 지하철역 좌표정보; 서울 열린데이터광장 서울시 버스정류소 위치정보,True,True,True,True,True
1120072000,서울특별시,성동구,송정동,2025-12,2025-12,신뢰가능최신월,0,8824.63,25429.86,-65.3,-16605.23,17344.13,44824.13,-61.31,-27480.0,17.5,False,2026-05,9645.98,8920.26,10164.36,0.88,,,안심시설수 2023-04-21; 유흥시설수 2026-06-17,0,2,,,좌표공간조인,"서울시 단란주점영업 인허가 정보, 서울시 안심귀갓길 안전시설물, 서울시 유흥주점영업 인허가 정보",20254,79,459,2026-07-13,2026-07-13,2026-07-01,0.0,0.0,장한평,1006.0,13.0,19.079,WGS84 좌표의 행정동 경계 포함 여부; 최근접 거리는 행정동 대표 중심점 기준 직선거리,서울특별시 T-DATA 지하철역 좌표정보; 서울 열린데이터광장 서울시 버스정류소 위치정보,True,True,True,True,True
1120064500,서울특별시,성동구,옥수동,2025-12,2025-12,신뢰가능최신월,0,58309.03,25429.86,129.29,32879.17,79338.93,44824.13,77.0,34514.8,103.0,False,2026-05,27402.71,26704.42,27901.49,0.96,,,안심시설수 2023-04-21; 유흥시설수 2026-06-17,0,0,,,좌표공간조인,"서울시 단란주점영업 인허가 정보, 서울시 안심귀갓길 안전시설물, 서울시 유흥주점영업 인허가 정보",20254,75,809,2026-07-13,2026-07-13,2026-07-01,2.0,2.0,옥수,174.0,41.0,21.346,WGS84 좌표의 행정동 경계 포함 여부; 최근접 거리는 행정동 대표 중심점 기준 직선거리,서울특별시 T-DATA 지하철역 좌표정보; 서울 열린데이터광장 서울시 버스정류소 위치정보,True,True,True,True,True
1120052000,서울특별시,성동구,왕십리2동,2025-12,2025-12,신뢰가능최신월,0,49900.43,25429.86,96.23,24470.57,66986.23,44824.13,49.44,22162.1,58.5,False,2026-05,14573.21,12006.75,16406.4,0.73,,,안심시설수 2023-04-21; 유흥시설수 2026-06-17,83,1,,,좌표공간조인,"서울시 단란주점영업 인허가 정보, 서울시 안심귀갓길 안전시설물, 서울시 유흥주점영업 인허가 정보",20254,72,535,2026-07-13,2026-07-13,2026-07-01,1.0,1.0,상왕십리,353.0,13.0,34.922,WGS84 좌표의 행정동 경계 포함 여부; 최근접 거리는 행정동 대표 중심점 기준 직선거리,서울특별시 T-DATA 지하철역 좌표정보; 서울 열린데이터광장 서울시 버스정류소 위치정보,True,True,True,True,True
1120053500,서울특별시,성동구,왕십리도선동,2025-12,2025-12,신뢰가능최신월,0,37351.61,25429.86,46.88,11921.75,59439.51,44824.13,32.61,14615.38,149.5,False,2026-05,21978.27,21225.0,22516.33,0.94,,,안심시설수 2023-04-21; 유흥시설수 2026-06-17,0,26,,,좌표공간조인,"서울시 단란주점영업 인허가 정보, 서울시 안심귀갓길 안전시설물, 서울시 유흥주점영업 인허가 정보",20254,90,1758,2026-07-13,2026-07-13,2026-07-01,0.0,0.0,상왕십리,278.0,25.0,35.224,WGS84 좌표의 행정동 경계 포함 여부; 최근접 거리는 행정동 대표 중심점 기준 직선거리,서울특별시 T-DATA 지하철역 좌표정보; 서울 열린데이터광장 서울시 버스정류소 위치정보,True,True,True,True,True
1120079000,서울특별시,성동구,용답동,2025-12,2025-12,신뢰가능최신월,0,13298.48,25429.86,-47.71,-12131.38,22092.7,44824.13,-50.71,-22731.43,98.5,False,2026-05,16986.76,17272.43,16782.72,1.03,,,안심시설수 2023-04-21; 유흥시설수 2026-06-17,58,2,,,좌표공간조인,"서울시 단란주점영업 인허가 정보, 서울시 안심귀갓길 안전시설물, 서울시 유흥주점영업 인허가 정보",20254,86,1147,2026-07-13,2026-07-13,2026-07-01,3.0,2.0,용답,669.0,12.0,5.052,WGS84 좌표의 행정동 경계 포함 여부; 최근접 거리는 행정동 대표 중심점 기준 직선거리,서울특별시 T-DATA 지하철역 좌표정보; 서울 열린데이터광장 서울시 버스정류소 위치정보,True,True,True,True,True
1120058000,서울특별시,성동구,응봉동,2025-12,2025-12,신뢰가능최신월,0,40599.62,25429.86,59.65,15169.76,47239.4,44824.13,5.39,2415.27,40.0,False,2026-05,10376.98,8388.89,11797.04,0.71,,,안심시설수 2023-04-21; 유흥시설수 2026-06-17,0,0,,,좌표공간조인,"서울시 단란주점영업 인허가 정보, 서울시 안심귀갓길 안전시설물, 서울시 유흥주점영업 인허가 정보",20254,66,271,2026-07-13,2026-07-13,2026-07-01,1.0,1.0,응봉,126.0,33.0,59.657,WGS84 좌표의 행정동 경계 포함 여부; 최근접 거리는 행정동 대표 중심점 기준 직선거리,서울특별시 T-DATA 지하철역 좌표정보; 서울 열린데이터광장 서울시 버스정류소 위치정보,True,True,True,True,True
1120056000,서울특별시,성동구,행당1동,2025-12,2025-12,신뢰가능최신월,0,31947.2,25429.86,25.63,6517.34,65929.71,44824.13,47.09,21105.58,63.0,False,2026-05,41156.7,45085.36,38350.52,1.18,,,안심시설수 2023-04-21; 유흥시설수 2026-06-17,3,3,,,좌표공간조인,"서울시 단란주점영업 인허가 정보, 서울시 안심귀갓길 안전시설물, 서울시 유흥주점영업 인허가 정보",20254,88,1086,2026-07-13,2026-07-13,2026-07-01,3.0,3.0,왕십리(성동구청),248.0,26.0,45.365,WGS84 좌표의 행정동 경계 포함 여부; 최근접 거리는 행정동 대표 중심점 기준 직선거리,서울특별시 T-DATA 지하철역 좌표정보; 서울 열린데이터광장 서울시 버스정류소 위치정보,True,True,True,True,True
1120057000,서울특별시,성동구,행당2동,2025-12,2025-12,신뢰가능최신월,0,31947.2,25429.86,25.63,6517.34,65929.71,44824.13,47.09,21105.58,63.0,False,2026-05,16182.06,12856.22,18557.66,0.69,,,안심시설수 2023-04-21; 유흥시설수 2026-06-17,0,0,,,좌표공간조인,"서울시 단란주점영업 인허가 정보, 서울시 안심귀갓길 안전시설물, 서울시 유흥주점영업 인허가 정보",20254,73,498,2026-07-13,2026-07-13,2026-07-01,1.0,1.0,행당,74.0,25.0,54.666,WGS84 좌표의 행정동 경계 포함 여부; 최근접 거리는 행정동 대표 중심점 기준 직선거리,서울특별시 T-DATA 지하철역 좌표정보; 서울 열린데이터광장 서울시 버스정류소 위치정보,True,True,True,True,True
1129066000,서울특별시,성북구,길음1동,2025-12,2026-01,신뢰가능최신월,1,38680.64,25429.86,52.11,13250.78,60045.81,44824.13,33.96,15221.68,78.33,False,2026-05,35306.33,30386.92,38820.18,0.78,,,안심시설수 2023-04-21; 유흥시설수 2026-06-17,0,2,,,좌표공간조인,"서울시 단란주점영업 인허가 정보, 서울시 안심귀갓길 안전시설물, 서울시 유흥주점영업 인허가 정보",20254,82,909,2026-07-13,2026-07-13,2026-07-01,1.0,1.0,길음,711.0,27.0,33.889,WGS84 좌표의 행정동 경계 포함 여부; 최근접 거리는 행정동 대표 중심점 기준 직선거리,서울특별시 T-DATA 지하철역 좌표정보; 서울 열린데이터광장 서울시 버스정류소 위치정보,True,True,True,True,True
1129068500,서울특별시,성북구,길음2동,2025-12,2026-01,신뢰가능최신월,1,33127.89,25429.86,30.27,7698.03,55412.54,44824.13,23.62,10588.41,112.33,False,2026-05,18477.37,17688.84,19040.6,0.93,,,안심시설수 2023-04-21; 유흥시설수 2026-06-17,0,0,,,좌표공간조인,"서울시 단란주점영업 인허가 정보, 서울시 안심귀갓길 안전시설물, 서울시 유흥주점영업 인허가 정보",20254,77,1062,2026-07-13,2026-07-13,2026-07-01,0.0,0.0,길음,573.0,22.0,37.443,WGS84 좌표의 행정동 경계 포함 여부; 최근접 거리는 행정동 대표 중심점 기준 직선거리,서울특별시 T-DATA 지하철역 좌표정보; 서울 열린데이터광장 서울시 버스정류소 위치정보,True,True,True,True,True
1129058000,서울특별시,성북구,돈암1동,2025-12,2026-01,신뢰가능최신월,1,37821.08,25429.86,48.73,12391.22,50943.4,44824.13,13.65,6119.27,13.83,False,2026-05,9977.35,8535.72,11007.1,0.78,,,안심시설수 2023-04-21; 유흥시설수 2026-06-17,0,0,,,좌표공간조인,"서울시 단란주점영업 인허가 정보, 서울시 안심귀갓길 안전시설물, 서울시 유흥주점영업 인허가 정보",20254,62,343,2026-07-13,2026-07-13,2026-07-01,0.0,0.0,길음,410.0,14.0,28.634,WGS84 좌표의 행정동 경계 포함 여부; 최근접 거리는 행정동 대표 중심점 기준 직선거리,서울특별시 T-DATA 지하철역 좌표정보; 서울 열린데이터광장 서울시 버스정류소 위치정보,True,True,True,True,True
1129059000,서울특별시,성북구,돈암2동,2025-12,2026-01,신뢰가능최신월,1,37821.08,25429.86,48.73,12391.22,50943.4,44824.13,13.65,6119.27,13.83,False,2026-05,13692.59,10714.17,15820.04,0.68,,,안심시설수 2023-04-21; 유흥시설수 2026-06-17,0,0,,,좌표공간조인,"서울시 단란주점영업 인허가 정보, 서울시 안심귀갓길 안전시설물, 서울시 유흥주점영업 인허가 정보",20254,70,437,2026-07-13,2026-07-13,2026-07-01,0.0,0.0,성신여대입구(돈암),655.0,34.0,65.625,WGS84 좌표의 행정동 경계 포함 여부; 최근접 거리는 행정동 대표 중심점 기준 직선거리,서울특별시 T-DATA 지하철역 좌표정보; 서울 열린데이터광장 서울시 버스정류소 위치정보,True,True,True,True,True
1129057500,서울특별시,성북구,동선동,2025-12,2026-01,신뢰가능최신월,1,8015.84,25429.86,-68.48,-17414.02,32131.47,44824.13,-28.32,-12692.66,177.83,False,2026-05,24215.67,25242.8,23482.0,1.07,,,안심시설수 2023-04-21; 유흥시설수 2026-06-17,46,13,,,좌표공간조인,"서울시 단란주점영업 인허가 정보, 서울시 안심귀갓길 안전시설물, 서울시 유흥주점영업 인허가 정보",20254,88,1710,2026-07-13,2026-07-13,2026-07-01,0.0,0.0,성신여대입구(돈암),216.0,17.0,23.472,WGS84 좌표의 행정동 경계 포함 여부; 최근접 거리는 행정동 대표 중심점 기준 직선거리,서울특별시 T-DATA 지하철역 좌표정보; 서울 열린데이터광장 서울시 버스정류소 위치정보,True,True,True,True,True
1129061000,서울특별시,성북구,보문동,2025-12,2025-12,신뢰가능최신월,0,23683.54,25429.86,-6.87,-1746.32,46209.09,44824.13,3.09,1384.96,54.0,False,2026-05,13561.03,12311.13,14453.82,0.85,,,안심시설수 2023-04-21; 유흥시설수 2026-06-17,0,7,,,좌표공간조인,"서울시 단란주점영업 인허가 정보, 서울시 안심귀갓길 안전시설물, 서울시 유흥주점영업 인허가 정보",20254,82,723,2026-07-13,2026-07-13,2026-07-01,2.0,2.0,보문,272.0,9.0,16.287,WGS84 좌표의 행정동 경계 포함 여부; 최근접 거리는 행정동 대표 중심점 기준 직선거리,서울특별시 T-DATA 지하철역 좌표정보; 서울 열린데이터광장 서울시 버스정류소 위치정보,True,True,True,True,True
1129055500,서울특별시,성북구,삼선동,2025-12,2026-01,신뢰가능최신월,1,18149.75,25429.86,-28.63,-7280.11,44068.79,44824.13,-1.69,-755.34,85.83,False,2026-05,26303.54,26744.52,25988.55,1.03,,,안심시설수 2023-04-21; 유흥시설수 2026-06-17,49,10,,,좌표공간조인,"서울시 단란주점영업 인허가 정보, 서울시 안심귀갓길 안전시설물, 서울시 유흥주점영업 인허가 정보",20254,92,1436,2026-07-13,2026-07-13,2026-07-01,3.0,2.0,한성대입구(삼선교),528.0,38.0,41.058,WGS84 좌표의 행정동 경계 포함 여부; 최근접 거리는 행정동 대표 중심점 기준 직선거리,서울특별시 T-DATA 지하철역 좌표정보; 서울 열린데이터광장 서울시 버스정류소 위치정보,True,True,True,True,True
1129081000,서울특별시,성북구,석관동,2025-12,2025-12,신뢰가능최신월,0,16580.69,25429.86,-34.8,-8849.17,28485.87,44824.13,-36.45,-16338.26,101.0,False,2026-05,26368.92,24781.73,27502.62,0.9,,,안심시설수 2023-04-21; 유흥시설수 2026-06-17,98,1,,,좌표공간조인,"서울시 단란주점영업 인허가 정보, 서울시 안심귀갓길 안전시설물, 서울시 유흥주점영업 인허가 정보",20254,85,1286,2026-07-13,2026-07-13,2026-07-01,2.0,2.0,돌곶이,502.0,30.0,17.607,WGS84 좌표의 행정동 경계 포함 여부; 최근접 거리는 행정동 대표 중심점 기준 직선거리,서울특별시 T-DATA 지하철역 좌표정보; 서울 열린데이터광장 서울시 버스정류소 위치정보,True,True,True,True,True
1129052500,서울특별시,성북구,성북동,2025-12,2025-12,신뢰가능최신월,0,12916.2,25429.86,-49.21,-12513.66,25166.67,44824.13,-43.85,-19657.46,50.0,False,2026-05,19287.62,19095.9,19424.56,0.98,,,안심시설수 2023-04-21; 유흥시설수 2026-06-17,70,0,,,좌표공간조인,"서울시 단란주점영업 인허가 정보, 서울시 안심귀갓길 안전시설물, 서울시 유흥주점영업 인허가 정보",20254,88,998,2026-07-13,2026-07-13,2026-07-01,0.0,0.0,한성대입구(삼선교),1404.0,46.0,15.985,WGS84 좌표의 행정동 경계 포함 여부; 최근접 거리는 행정동 대표 중심점 기준 직선거리,서울특별시 T-DATA 지하철역 좌표정보; 서울 열린데이터광장 서울시 버스정류소 위치정보,True,True,True,True,True
1129060000,서울특별시,성북구,안암동,2025-12,2026-01,신뢰가능최신월,1,5726.64,25429.86,-77.48,-19703.22,23891.18,44824.13,-46.7,-20932.95,107.0,False,2026-05,28729.87,32644.66,25933.6,1.26,,,안심시설수 2023-04-21; 유흥시설수 2026-06-17,0,0,,,좌표공간조인,"서울시 단란주점영업 인허가 정보, 서울시 안심귀갓길 안전시설물, 서울시 유흥주점영업 인허가 정보",20254,81,996,2026-07-13,2026-07-13,2026-07-01,1.0,1.0,안암(고대병원앞),226.0,31.0,22.488,WGS84 좌표의 행정동 경계 포함 여부; 최근접 거리는 행정동 대표 중심점 기준 직선거리,서울특별시 T-DATA 지하철역 좌표정보; 서울 열린데이터광장 서울시 버스정류소 위치정보,True,True,True,True,True
1129071500,서울특별시,성북구,월곡1동,2025-12,2025-12,신뢰가능최신월,0,20334.8,25429.86,-20.04,-5095.06,42122.37,44824.13,-6.03,-2701.76,34.0,False,2026-05,27033.04,25723.09,27968.72,0.92,,,안심시설수 2023-04-21; 유흥시설수 2026-06-17,44,1,,,좌표공간조인,"서울시 단란주점영업 인허가 정보, 서울시 안심귀갓길 안전시설물, 서울시 유흥주점영업 인허가 정보",20254,82,836,2026-07-13,2026-07-13,2026-07-01,0.0,0.0,월곡(동덕여대),787.0,21.0,26.212,WGS84 좌표의 행정동 경계 포함 여부; 최근접 거리는 행정동 대표 중심점 기준 직선거리,서울특별시 T-DATA 지하철역 좌표정보; 서울 열린데이터광장 서울시 버스정류소 위치정보,True,True,True,True,True
1129072500,서울특별시,성북구,월곡2동,2025-12,2025-12,신뢰가능최신월,0,18236.06,25429.86,-28.29,-7193.8,39491.13,44824.13,-11.9,-5333.0,55.0,False,2026-05,22031.77,22112.05,21974.43,1.01,,,안심시설수 2023-04-21; 유흥시설수 2026-06-17,77,3,,,좌표공간조인,"서울시 단란주점영업 인허가 정보, 서울시 안심귀갓길 안전시설물, 서울시 유흥주점영업 인허가 정보",20254,87,969,2026-07-13,2026-07-13,2026-07-01,2.0,1.0,월곡(동덕여대),371.0,27.0,19.792,WGS84 좌표의 행정동 경계 포함 여부; 최근접 거리는 행정동 대표 중심점 기준 직선거리,서울특별시 T-DATA 지하철역 좌표정보; 서울 열린데이터광장 서울시 버스정류소 위치정보,True,True,True,True,True
1129076000,서울특별시,성북구,장위1동,2025-12,2026-01,신뢰가능최신월,1,22880.04,25429.86,-10.03,-2549.82,35337.34,44824.13,-21.16,-9486.79,56.67,False,2026-05,19426.23,16488.5,21524.61,0.77,,,안심시설수 2023-04-21; 유흥시설수 2026-06-17,56,3,,,좌표공간조인,"서울시 단란주점영업 인허가 정보, 서울시 안심귀갓길 안전시설물, 서울시 유흥주점영업 인허가 정보",20254,78,656,2026-07-13,2026-07-13,2026-07-01,0.0,0.0,상월곡(한국과학기술연구원),1025.0,33.0,46.61,WGS84 좌표의 행정동 경계 포함 여부; 최근접 거리는 행정동 대표 중심점 기준 직선거리,서울특별시 T-DATA 지하철역 좌표정보; 서울 열린데이터광장 서울시 버스정류소 위치정보,True,True,True,True,True
1129077000,서울특별시,성북구,장위2동,2025-12,2026-01,신뢰가능최신월,1,22880.04,25429.86,-10.03,-2549.82,35337.34,44824.13,-21.16,-9486.79,56.67,False,2026-05,14399.61,12875.83,15488.02,0.83,,,안심시설수 2023-04-21; 유흥시설수 2026-06-17,29,4,,,좌표공간조인,"서울시 단란주점영업 인허가 정보, 서울시 안심귀갓길 안전시설물, 서울시 유흥주점영업 인허가 정보",20254,73,660,2026-07-13,2026-07-13,2026-07-01,1.0,1.0,돌곶이,448.0,30.0,44.18,WGS84 좌표의 행정동 경계 포함 여부; 최근접 거리는 행정동 대표 중심점 기준 직선거리,서울특별시 T-DATA 지하철역 좌표정보; 서울 열린데이터광장 서울시 버스정류소 위치정보,True,True,True,True,True
1129078000,서울특별시,성북구,장위3동,2025-12,2026-01,신뢰가능최신월,1,22880.04,25429.86,-10.03,-2549.82,35337.34,44824.13,-21.16,-9486.79,56.67,False,2026-05,10646.2,9585.03,11404.17,0.84,,,안심시설수 2023-04-21; 유흥시설수 2026-06-17,0,0,,,좌표공간조인,"서울시 단란주점영업 인허가 정보, 서울시 안심귀갓길 안전시설물, 서울시 유흥주점영업 인허가 정보",20254,72,400,2026-07-13,2026-07-13,2026-07-01,0.0,0.0,돌곶이,896.0,34.0,52.139,WGS84 좌표의 행정동 경계 포함 여부; 최근접 거리는 행정동 대표 중심점 기준 직선거리,서울특별시 T-DATA 지하철역 좌표정보; 서울 열린데이터광장 서울시 버스정류소 위치정보,True,True,True,True,True
1129062000,서울특별시,성북구,정릉1동,2025-12,2026-01,신뢰가능최신월,1,29290.49,25429.86,15.18,3860.63,51953.24,44824.13,15.9,7129.11,144.67,False,2026-05,12460.72,10764.65,13672.2,0.79,,,안심시설수 2023-04-21; 유흥시설수 2026-06-17,47,1,,,좌표공간조인,"서울시 단란주점영업 인허가 정보, 서울시 안심귀갓길 안전시설물, 서울시 유흥주점영업 인허가 정보",20254,76,544,2026-07-13,2026-07-13,2026-07-01,1.0,1.0,정릉,317.0,16.0,38.868,WGS84 좌표의 행정동 경계 포함 여부; 최근접 거리는 행정동 대표 중심점 기준 직선거리,서울특별시 T-DATA 지하철역 좌표정보; 서울 열린데이터광장 서울시 버스정류소 위치정보,True,True,True,True,True
1129063000,서울특별시,성북구,정릉2동,2025-12,2026-01,신뢰가능최신월,1,18201.62,25429.86,-28.42,-7228.24,39616.32,44824.13,-11.62,-5207.81,66.33,False,2026-05,17644.28,14838.33,19648.54,0.76,,,안심시설수 2023-04-21; 유흥시설수 2026-06-17,73,2,,,좌표공간조인,"서울시 단란주점영업 인허가 정보, 서울시 안심귀갓길 안전시설물, 서울시 유흥주점영업 인허가 정보",20254,75,631,2026-07-13,2026-07-13,2026-07-01,0.0,0.0,정릉,436.0,46.0,42.045,WGS84 좌표의 행정동 경계 포함 여부; 최근접 거리는 행정동 대표 중심점 기준 직선거리,서울특별시 T-DATA 지하철역 좌표정보; 서울 열린데이터광장 서울시 버스정류소 위치정보,True,True,True,True,True
1129064000,서울특별시,성북구,정릉3동,2025-12,2025-12,신뢰가능최신월,0,13032.05,25429.86,-48.75,-12397.81,32945.93,44824.13,-26.5,-11878.2,52.5,False,2026-05,17534.73,19111.1,16408.76,1.16,,,안심시설수 2023-04-21; 유흥시설수 2026-06-17,26,0,,,좌표공간조인,"서울시 단란주점영업 인허가 정보, 서울시 안심귀갓길 안전시설물, 서울시 유흥주점영업 인허가 정보",20254,75,473,2026-07-13,2026-07-13,2026-07-01,0.0,0.0,북한산보국문,1206.0,32.0,9.625,WGS84 좌표의 행정동 경계 포함 여부; 최근접 거리는 행정동 대표 중심점 기준 직선거리,서울특별시 T-DATA 지하철역 좌표정보; 서울 열린데이터광장 서울시 버스정류소 위치정보,True,True,True,True,True
1129065000,서울특별시,성북구,정릉4동,2025-12,2025-12,신뢰가능최신월,0,13032.05,25429.86,-48.75,-12397.81,32945.93,44824.13,-26.5,-11878.2,52.5,False,2026-05,16577.31,14315.33,18193.01,0.79,,,안심시설수 2023-04-21; 유흥시설수 2026-06-17,27,1,,,좌표공간조인,"서울시 단란주점영업 인허가 정보, 서울시 안심귀갓길 안전시설물, 서울시 유흥주점영업 인허가 정보",20254,81,629,2026-07-13,2026-07-13,2026-07-01,1.0,1.0,솔샘,1703.0,34.0,9.529,WGS84 좌표의 행정동 경계 포함 여부; 최근접 거리는 행정동 대표 중심점 기준 직선거리,서울특별시 T-DATA 지하철역 좌표정보; 서울 열린데이터광장 서울시 버스정류소 위치정보,True,True,True,True,True
1129070500,서울특별시,성북구,종암동,2025-12,2025-12,신뢰가능최신월,0,20556.29,25429.86,-19.16,-4873.57,47593.68,44824.13,6.18,2769.55,101.0,False,2026-05,39328.23,35204.14,42274.02,0.83,,,안심시설수 2023-04-21; 유흥시설수 2026-06-17,85,5,,,좌표공간조인,"서울시 단란주점영업 인허가 정보, 서울시 안심귀갓길 안전시설물, 서울시 유흥주점영업 인허가 정보",20254,84,1274,2026-07-13,2026-07-13,2026-07-01,0.0,0.0,고려대(종암),799.0,59.0,42.039,WGS84 좌표의 행정동 경계 포함 여부; 최근접 거리는 행정동 대표 중심점 기준 직선거리,서울특별시 T-DATA 지하철역 좌표정보; 서울 열린데이터광장 서울시 버스정류소 위치정보,True,True,True,True,True
1171063100,서울특별시,송파구,가락1동,2025-12,2025-12,신뢰가능최신월,0,35487.07,25429.86,39.55,10057.21,68706.24,44824.13,53.28,23882.11,140.0,False,2026-05,27980.4,25298.82,29895.82,0.85,,,안심시설수 2023-04-21; 유흥시설수 2026-06-17,0,0,,,좌표공간조인,"서울시 단란주점영업 인허가 정보, 서울시 안심귀갓길 안전시설물, 서울시 유흥주점영업 인허가 정보",20254,73,3420,2026-07-13,2026-07-13,2026-07-01,3.0,2.0,송파,609.0,14.0,10.056,WGS84 좌표의 행정동 경계 포함 여부; 최근접 거리는 행정동 대표 중심점 기준 직선거리,서울특별시 T-DATA 지하철역 좌표정보; 서울 열린데이터광장 서울시 버스정류소 위치정보,True,True,True,True,True
1171063200,서울특별시,송파구,가락2동,2025-12,2025-12,신뢰가능최신월,0,35487.07,25429.86,39.55,10057.21,68706.24,44824.13,53.28,23882.11,140.0,False,2026-05,21499.76,20020.56,22556.34,0.89,,,안심시설수 2023-04-21; 유흥시설수 2026-06-17,50,4,,,좌표공간조인,"서울시 단란주점영업 인허가 정보, 서울시 안심귀갓길 안전시설물, 서울시 유흥주점영업 인허가 정보",20254,87,1493,2026-07-13,2026-07-13,2026-07-01,2.0,2.0,개롱,435.0,23.0,24.689,WGS84 좌표의 행정동 경계 포함 여부; 최근접 거리는 행정동 대표 중심점 기준 직선거리,서울특별시 T-DATA 지하철역 좌표정보; 서울 열린데이터광장 서울시 버스정류소 위치정보,True,True,True,True,True
1171062000,서울특별시,송파구,가락본동,2025-12,2025-12,신뢰가능최신월,0,35487.07,25429.86,39.55,10057.21,68706.24,44824.13,53.28,23882.11,140.0,False,2026-05,40071.6,40518.68,39752.27,1.02,,,안심시설수 2023-04-21; 유흥시설수 2026-06-17,32,70,,,좌표공간조인,"서울시 단란주점영업 인허가 정보, 서울시 안심귀갓길 안전시설물, 서울시 유흥주점영업 인허가 정보",20254,94,2371,2026-07-13,2026-07-13,2026-07-01,1.0,1.0,경찰병원,283.0,26.0,25.642,WGS84 좌표의 행정동 경계 포함 여부; 최근접 거리는 행정동 대표 중심점 기준 직선거리,서울특별시 T-DATA 지하철역 좌표정보; 서울 열린데이터광장 서울시 버스정류소 위치정보,True,True,True,True,True
1171053100,서울특별시,송파구,거여1동,2025-12,2025-12,신뢰가능최신월,0,34864.51,25429.86,37.1,9434.65,52747.95,44824.13,17.68,7923.82,61.33,False,2026-05,12880.47,11942.44,13550.49,0.88,,,안심시설수 2023-04-21; 유흥시설수 2026-06-17,0,6,,,좌표공간조인,"서울시 단란주점영업 인허가 정보, 서울시 안심귀갓길 안전시설물, 서울시 유흥주점영업 인허가 정보",20254,81,550,2026-07-13,2026-07-13,2026-07-01,1.0,1.0,거여,273.0,8.0,15.329,WGS84 좌표의 행정동 경계 포함 여부; 최근접 거리는 행정동 대표 중심점 기준 직선거리,서울특별시 T-DATA 지하철역 좌표정보; 서울 열린데이터광장 서울시 버스정류소 위치정보,True,True,True,True,True
1171053200,서울특별시,송파구,거여2동,2025-12,2025-12,신뢰가능최신월,0,34864.51,25429.86,37.1,9434.65,52747.95,44824.13,17.68,7923.82,61.33,False,2026-05,16022.22,14081.99,17408.1,0.81,,,안심시설수 2023-04-21; 유흥시설수 2026-06-17,0,0,,,좌표공간조인,"서울시 단란주점영업 인허가 정보, 서울시 안심귀갓길 안전시설물, 서울시 유흥주점영업 인허가 정보",20254,78,667,2026-07-13,2026-07-13,2026-07-01,0.0,0.0,거여,278.0,9.0,17.674,WGS84 좌표의 행정동 경계 포함 여부; 최근접 거리는 행정동 대표 중심점 기준 직선거리,서울특별시 T-DATA 지하철역 좌표정보; 서울 열린데이터광장 서울시 버스정류소 위치정보,True,True,True,True,True
1171054000,서울특별시,송파구,마천1동,2025-12,2025-12,신뢰가능최신월,0,13088.43,25429.86,-48.53,-12341.43,22251.39,44824.13,-50.36,-22572.74,37.0,False,2026-05,11460.78,9278.8,13019.33,0.71,,,안심시설수 2023-04-21; 유흥시설수 2026-06-17,68,2,,,좌표공간조인,"서울시 단란주점영업 인허가 정보, 서울시 안심귀갓길 안전시설물, 서울시 유흥주점영업 인허가 정보",20254,75,558,2026-07-13,2026-07-13,2026-07-01,1.0,1.0,마천,288.0,13.0,22.616,WGS84 좌표의 행정동 경계 포함 여부; 최근접 거리는 행정동 대표 중심점 기준 직선거리,서울특별시 T-DATA 지하철역 좌표정보; 서울 열린데이터광장 서울시 버스정류소 위치정보,True,True,True,True,True
1171055000,서울특별시,송파구,마천2동,2025-12,2025-12,신뢰가능최신월,0,13088.43,25429.86,-48.53,-12341.43,22251.39,44824.13,-50.36,-22572.74,37.0,False,2026-05,12243.71,10944.66,13171.6,0.83,,,안심시설수 2023-04-21; 유흥시설수 2026-06-17,42,2,,,좌표공간조인,"서울시 단란주점영업 인허가 정보, 서울시 안심귀갓길 안전시설물, 서울시 유흥주점영업 인허가 정보",20254,80,853,2026-07-13,2026-07-13,2026-07-01,0.0,0.0,마천,643.0,15.0,16.854,WGS84 좌표의 행정동 경계 포함 여부; 최근접 거리는 행정동 대표 중심점 기준 직선거리,서울특별시 T-DATA 지하철역 좌표정보; 서울 열린데이터광장 서울시 버스정류소 위치정보,True,True,True,True,True
1171064100,서울특별시,송파구,문정1동,2025-12,2025-12,신뢰가능최신월,0,25409.08,25429.86,-0.08,-20.78,49882.68,44824.13,11.29,5058.55,138.67,False,2026-05,21417.51,20219.17,22273.47,0.91,,,안심시설수 2023-04-21; 유흥시설수 2026-06-17,0,0,,,좌표공간조인,"서울시 단란주점영업 인허가 정보, 서울시 안심귀갓길 안전시설물, 서울시 유흥주점영업 인허가 정보",20254,89,1102,2026-07-13,2026-07-13,2026-07-01,0.0,0.0,문정,484.0,17.0,27.775,WGS84 좌표의 행정동 경계 포함 여부; 최근접 거리는 행정동 대표 중심점 기준 직선거리,서울특별시 T-DATA 지하철역 좌표정보; 서울 열린데이터광장 서울시 버스정류소 위치정보,True,True,True,True,True
1171064200,서울특별시,송파구,문정2동,2025-12,2025-12,신뢰가능최신월,0,28296.86,25429.86,11.27,2867.0,45379.01,44824.13,1.24,554.88,373.0,False,2026-05,42111.22,51187.82,35627.93,1.44,,,안심시설수 2023-04-21; 유흥시설수 2026-06-17,0,0,,,좌표공간조인,"서울시 단란주점영업 인허가 정보, 서울시 안심귀갓길 안전시설물, 서울시 유흥주점영업 인허가 정보",20254,95,5684,2026-07-13,2026-07-13,2026-07-01,3.0,2.0,문정,596.0,33.0,14.73,WGS84 좌표의 행정동 경계 포함 여부; 최근접 거리는 행정동 대표 중심점 기준 직선거리,서울특별시 T-DATA 지하철역 좌표정보; 서울 열린데이터광장 서울시 버스정류소 위치정보,True,True,True,True,True
1171056100,서울특별시,송파구,방이1동,2025-12,2026-01,신뢰가능최신월,1,25487.85,25429.86,0.23,57.99,46667.89,44824.13,4.11,1843.76,122.67,False,2026-05,16519.27,17003.21,16173.59,1.05,,,안심시설수 2023-04-21; 유흥시설수 2026-06-17,41,5,,,좌표공간조인,"서울시 단란주점영업 인허가 정보, 서울시 안심귀갓길 안전시설물, 서울시 유흥주점영업 인허가 정보",20254,84,1127,2026-07-13,2026-07-13,2026-07-01,1.0,1.0,방이,343.0,12.0,19.711,WGS84 좌표의 행정동 경계 포함 여부; 최근접 거리는 행정동 대표 중심점 기준 직선거리,서울특별시 T-DATA 지하철역 좌표정보; 서울 열린데이터광장 서울시 버스정류소 위치정보,True,True,True,True,True
1171056200,서울특별시,송파구,방이2동,2025-12,2026-01,신뢰가능최신월,1,25487.85,25429.86,0.23,57.99,46667.89,44824.13,4.11,1843.76,122.67,False,2026-05,38038.83,37217.34,38625.61,0.96,,,안심시설수 2023-04-21; 유흥시설수 2026-06-17,0,48,,,좌표공간조인,"서울시 단란주점영업 인허가 정보, 서울시 안심귀갓길 안전시설물, 서울시 유흥주점영업 인허가 정보",20254,96,2515,2026-07-13,2026-07-13,2026-07-01,1.0,1.0,송파나루,352.0,13.0,16.9,WGS84 좌표의 행정동 경계 포함 여부; 최근접 거리는 행정동 대표 중심점 기준 직선거리,서울특별시 T-DATA 지하철역 좌표정보; 서울 열린데이터광장 서울시 버스정류소 위치정보,True,True,True,True,True
1171061000,서울특별시,송파구,삼전동,2025-12,2025-12,신뢰가능최신월,0,15819.33,25429.86,-37.79,-9610.53,26181.74,44824.13,-41.59,-18642.39,175.0,False,2026-05,27107.13,24352.64,29074.63,0.84,,,안심시설수 2023-04-21; 유흥시설수 2026-06-17,26,8,,,좌표공간조인,"서울시 단란주점영업 인허가 정보, 서울시 안심귀갓길 안전시설물, 서울시 유흥주점영업 인허가 정보",20254,89,1529,2026-07-13,2026-07-13,2026-07-01,0.0,0.0,석촌고분,461.0,14.0,14.697,WGS84 좌표의 행정동 경계 포함 여부; 최근접 거리는 행정동 대표 중심점 기준 직선거리,서울특별시 T-DATA 지하철역 좌표정보; 서울 열린데이터광장 서울시 버스정류소 위치정보,True,True,True,True,True
1171060000,서울특별시,송파구,석촌동,2025-12,2025-12,신뢰가능최신월,0,14131.0,25429.86,-44.43,-11298.86,26294.54,44824.13,-41.34,-18529.59,200.0,False,2026-05,26513.7,25159.5,27480.98,0.92,,,안심시설수 2023-04-21; 유흥시설수 2026-06-17,54,24,,,좌표공간조인,"서울시 단란주점영업 인허가 정보, 서울시 안심귀갓길 안전시설물, 서울시 유흥주점영업 인허가 정보",20254,97,2307,2026-07-13,2026-07-13,2026-07-01,3.0,2.0,석촌고분,485.0,19.0,20.081,WGS84 좌표의 행정동 경계 포함 여부; 최근접 거리는 행정동 대표 중심점 기준 직선거리,서울특별시 T-DATA 지하철역 좌표정보; 서울 열린데이터광장 서울시 버스정류소 위치정보,True,True,True,True,True
1171058000,서울특별시,송파구,송파1동,2025-12,2025-12,신뢰가능최신월,0,24698.09,25429.86,-2.88,-731.77,46876.41,44824.13,4.58,2052.28,107.5,False,2026-05,24827.77,23708.18,25627.48,0.93,,,안심시설수 2023-04-21; 유흥시설수 2026-06-17,33,13,,,좌표공간조인,"서울시 단란주점영업 인허가 정보, 서울시 안심귀갓길 안전시설물, 서울시 유흥주점영업 인허가 정보",20254,95,1852,2026-07-13,2026-07-13,2026-07-01,0.0,0.0,석촌,360.0,14.0,20.396,WGS84 좌표의 행정동 경계 포함 여부; 최근접 거리는 행정동 대표 중심점 기준 직선거리,서울특별시 T-DATA 지하철역 좌표정보; 서울 열린데이터광장 서울시 버스정류소 위치정보,True,True,True,True,True
1171059000,서울특별시,송파구,송파2동,2025-12,2025-12,신뢰가능최신월,0,24698.09,25429.86,-2.88,-731.77,46876.41,44824.13,4.58,2052.28,107.5,False,2026-05,18294.6,17048.63,19184.57,0.89,,,안심시설수 2023-04-21; 유흥시설수 2026-06-17,37,0,,,좌표공간조인,"서울시 단란주점영업 인허가 정보, 서울시 안심귀갓길 안전시설물, 서울시 유흥주점영업 인허가 정보",20254,82,814,2026-07-13,2026-07-13,2026-07-01,0.0,0.0,송파,551.0,12.0,19.031,WGS84 좌표의 행정동 경계 포함 여부; 최근접 거리는 행정동 대표 중심점 기준 직선거리,서울특별시 T-DATA 지하철역 좌표정보; 서울 열린데이터광장 서울시 버스정류소 위치정보,True,True,True,True,True
1171057000,서울특별시,송파구,오금동,2025-12,2025-12,신뢰가능최신월,0,35406.91,25429.86,39.23,9977.05,50250.31,44824.13,12.11,5426.18,89.0,False,2026-05,34631.44,33099.73,35725.53,0.93,,,안심시설수 2023-04-21; 유흥시설수 2026-06-17,62,5,,,좌표공간조인,"서울시 단란주점영업 인허가 정보, 서울시 안심귀갓길 안전시설물, 서울시 유흥주점영업 인허가 정보",20254,90,1672,2026-07-13,2026-07-13,2026-07-01,1.0,1.0,오금,545.0,38.0,23.064,WGS84 좌표의 행정동 경계 포함 여부; 최근접 거리는 행정동 대표 중심점 기준 직선거리,서울특별시 T-DATA 지하철역 좌표정보; 서울 열린데이터광장 서울시 버스정류소 위치정보,True,True,True,True,True
1171056600,서울특별시,송파구,오륜동,2025-12,2026-01,신뢰가능최신월,1,25487.85,25429.86,0.23,57.99,46667.89,44824.13,4.11,1843.76,122.67,False,2026-05,24096.82,27502.42,21664.25,1.27,,,안심시설수 2023-04-21; 유흥시설수 2026-06-17,0,0,,,좌표공간조인,"서울시 단란주점영업 인허가 정보, 서울시 안심귀갓길 안전시설물, 서울시 유흥주점영업 인허가 정보",20254,70,422,2026-07-13,2026-07-13,2026-07-01,3.0,2.0,올림픽공원(한국체대),182.0,23.0,7.461,WGS84 좌표의 행정동 경계 포함 여부; 최근접 거리는 행정동 대표 중심점 기준 직선거리,서울특별시 T-DATA 지하철역 좌표정보; 서울 열린데이터광장 서울시 버스정류소 위치정보,True,True,True,True,True
1171064700,서울특별시,송파구,위례동,2025-12,2025-12,신뢰가능최신월,0,31013.62,25429.86,21.96,5583.76,45424.94,44824.13,1.34,600.81,295.67,False,2026-05,47695.58,42921.83,51105.41,0.84,,,안심시설수 2023-04-21; 유흥시설수 2026-06-17,0,0,,,좌표공간조인,"서울시 단란주점영업 인허가 정보, 서울시 안심귀갓길 안전시설물, 서울시 유흥주점영업 인허가 정보",20254,79,919,2026-07-13,2026-07-13,2026-07-01,0.0,0.0,거여,1302.0,57.0,21.602,WGS84 좌표의 행정동 경계 포함 여부; 최근접 거리는 행정동 대표 중심점 기준 직선거리,서울특별시 T-DATA 지하철역 좌표정보; 서울 열린데이터광장 서울시 버스정류소 위치정보,True,True,True,True,True
1171067000,서울특별시,송파구,잠실2동,2025-12,2026-01,신뢰가능최신월,1,55611.52,25429.86,118.69,30181.66,87310.18,44824.13,94.78,42486.05,125.75,False,2026-05,36508.66,36208.34,36723.17,0.99,,,안심시설수 2023-04-21; 유흥시설수 2026-06-17,0,0,,,좌표공간조인,"서울시 단란주점영업 인허가 정보, 서울시 안심귀갓길 안전시설물, 서울시 유흥주점영업 인허가 정보",20254,82,842,2026-07-13,2026-07-13,2026-07-01,1.0,1.0,종합운동장,719.0,12.0,4.47,WGS84 좌표의 행정동 경계 포함 여부; 최근접 거리는 행정동 대표 중심점 기준 직선거리,서울특별시 T-DATA 지하철역 좌표정보; 서울 열린데이터광장 서울시 버스정류소 위치정보,True,True,True,True,True
1171068000,서울특별시,송파구,잠실3동,2025-12,2026-01,신뢰가능최신월,1,55611.52,25429.86,118.69,30181.66,87310.18,44824.13,94.78,42486.05,125.75,False,2026-05,47589.12,57515.22,40499.05,1.42,,,안심시설수 2023-04-21; 유흥시설수 2026-06-17,0,0,,,좌표공간조인,"서울시 단란주점영업 인허가 정보, 서울시 안심귀갓길 안전시설물, 서울시 유흥주점영업 인허가 정보",20254,75,1520,2026-07-13,2026-07-13,2026-07-01,0.0,0.0,잠실(송파구청),528.0,28.0,18.165,WGS84 좌표의 행정동 경계 포함 여부; 최근접 거리는 행정동 대표 중심점 기준 직선거리,서울특별시 T-DATA 지하철역 좌표정보; 서울 열린데이터광장 서울시 버스정류소 위치정보,True,True,True,True,True
1171069000,서울특별시,송파구,잠실4동,2025-12,2025-12,신뢰가능최신월,0,73150.56,25429.86,187.66,47720.7,91892.04,44824.13,105.01,47067.91,86.0,False,2026-05,27391.88,22632.43,30791.49,0.74,,,안심시설수 2023-04-21; 유흥시설수 2026-06-17,0,0,,,좌표공간조인,"서울시 단란주점영업 인허가 정보, 서울시 안심귀갓길 안전시설물, 서울시 유흥주점영업 인허가 정보",20254,56,322,2026-07-13,2026-07-13,2026-07-01,2.0,2.0,몽촌토성(평화의문),462.0,13.0,16.675,WGS84 좌표의 행정동 경계 포함 여부; 최근접 거리는 행정동 대표 중심점 기준 직선거리,서울특별시 T-DATA 지하철역 좌표정보; 서울 열린데이터광장 서울시 버스정류소 위치정보,True,True,True,True,True
1171071000,서울특별시,송파구,잠실6동,2025-12,2025-12,신뢰가능최신월,0,73150.56,25429.86,187.66,47720.7,91892.04,44824.13,105.01,47067.91,86.0,False,2026-05,38952.12,55321.56,27259.67,2.03,,,안심시설수 2023-04-21; 유흥시설수 2026-06-17,0,0,,,좌표공간조인,"서울시 단란주점영업 인허가 정보, 서울시 안심귀갓길 안전시설물, 서울시 유흥주점영업 인허가 정보",20254,88,1680,2026-07-13,2026-07-13,2026-07-01,2.0,2.0,잠실나루,397.0,15.0,9.955,WGS84 좌표의 행정동 경계 포함 여부; 최근접 거리는 행정동 대표 중심점 기준 직선거리,서울특별시 T-DATA 지하철역 좌표정보; 서울 열린데이터광장 서울시 버스정류소 위치정보,True,True,True,True,True
1171072000,서울특별시,송파구,잠실7동,2025-12,2026-01,신뢰가능최신월,1,55611.52,25429.86,118.69,30181.66,87310.18,44824.13,94.78,42486.05,125.75,False,2026-05,10612.94,11039.7,10308.12,1.07,,,안심시설수 2023-04-21; 유흥시설수 2026-06-17,0,0,,,좌표공간조인,"서울시 단란주점영업 인허가 정보, 서울시 안심귀갓길 안전시설물, 서울시 유흥주점영업 인허가 정보",20254,46,184,2026-07-13,2026-07-13,2026-07-01,2.0,2.0,종합운동장,411.0,4.0,5.533,WGS84 좌표의 행정동 경계 포함 여부; 최근접 거리는 행정동 대표 중심점 기준 직선거리,서울특별시 T-DATA 지하철역 좌표정보; 서울 열린데이터광장 서울시 버스정류소 위치정보,True,True,True,True,True
1171065000,서울특별시,송파구,잠실본동,2025-12,2026-01,신뢰가능최신월,1,55611.52,25429.86,118.69,30181.66,87310.18,44824.13,94.78,42486.05,125.75,False,2026-05,33317.32,32422.52,33956.46,0.95,,,안심시설수 2023-04-21; 유흥시설수 2026-06-17,77,17,,,좌표공간조인,"서울시 단란주점영업 인허가 정보, 서울시 안심귀갓길 안전시설물, 서울시 유흥주점영업 인허가 정보",20254,95,2736,2026-07-13,2026-07-13,2026-07-01,1.0,1.0,삼전,497.0,13.0,12.643,WGS84 좌표의 행정동 경계 포함 여부; 최근접 거리는 행정동 대표 중심점 기준 직선거리,서울특별시 T-DATA 지하철역 좌표정보; 서울 열린데이터광장 서울시 버스정류소 위치정보,True,True,True,True,True
1171064600,서울특별시,송파구,장지동,2025-12,2025-12,신뢰가능최신월,0,28296.86,25429.86,11.27,2867.0,45379.01,44824.13,1.24,554.88,373.0,False,2026-05,30286.12,27891.02,31996.9,0.87,,,안심시설수 2023-04-21; 유흥시설수 2026-06-17,0,0,,,좌표공간조인,"서울시 단란주점영업 인허가 정보, 서울시 안심귀갓길 안전시설물, 서울시 유흥주점영업 인허가 정보",20254,85,934,2026-07-13,2026-07-13,2026-07-01,1.0,1.0,장지,667.0,43.0,33.663,WGS84 좌표의 행정동 경계 포함 여부; 최근접 거리는 행정동 대표 중심점 기준 직선거리,서울특별시 T-DATA 지하철역 좌표정보; 서울 열린데이터광장 서울시 버스정류소 위치정보,True,True,True,True,True
1171051000,서울특별시,송파구,풍납1동,2025-12,2026-01,신뢰가능최신월,1,28555.81,25429.86,12.29,3125.95,54093.14,44824.13,20.68,9269.01,61.5,False,2026-05,12819.87,12123.68,13317.15,0.91,,,안심시설수 2023-04-21; 유흥시설수 2026-06-17,18,2,,,좌표공간조인,"서울시 단란주점영업 인허가 정보, 서울시 안심귀갓길 안전시설물, 서울시 유흥주점영업 인허가 정보",20254,75,422,2026-07-13,2026-07-13,2026-07-01,1.0,1.0,천호(풍납토성),760.0,8.0,7.446,WGS84 좌표의 행정동 경계 포함 여부; 최근접 거리는 행정동 대표 중심점 기준 직선거리,서울특별시 T-DATA 지하철역 좌표정보; 서울 열린데이터광장 서울시 버스정류소 위치정보,True,True,True,True,True
1171052000,서울특별시,송파구,풍납2동,2025-12,2026-01,신뢰가능최신월,1,28555.81,25429.86,12.29,3125.95,54093.14,44824.13,20.68,9269.01,61.5,False,2026-05,31986.84,34110.29,30470.09,1.12,,,안심시설수 2023-04-21; 유흥시설수 2026-06-17,31,3,,,좌표공간조인,"서울시 단란주점영업 인허가 정보, 서울시 안심귀갓길 안전시설물, 서울시 유흥주점영업 인허가 정보",20254,82,768,2026-07-13,2026-07-13,2026-07-01,0.0,0.0,강동구청,1091.0,24.0,9.366,WGS84 좌표의 행정동 경계 포함 여부; 최근접 거리는 행정동 대표 중심점 기준 직선거리,서울특별시 T-DATA 지하철역 좌표정보; 서울 열린데이터광장 서울시 버스정류소 위치정보,True,True,True,True,True
1147051000,서울특별시,양천구,목1동,2025-12,2026-01,신뢰가능최신월,1,44974.03,25429.86,76.86,19544.17,60779.92,44824.13,35.6,15955.79,113.6,False,2026-05,38130.99,43425.48,34349.22,1.26,,,안심시설수 2023-04-21; 유흥시설수 2026-06-17,0,2,,,좌표공간조인,"서울시 단란주점영업 인허가 정보, 서울시 안심귀갓길 안전시설물, 서울시 유흥주점영업 인허가 정보",20254,92,2562,2026-07-13,2026-07-13,2026-07-01,2.0,1.0,오목교(목동운동장앞),342.0,24.0,16.759,WGS84 좌표의 행정동 경계 포함 여부; 최근접 거리는 행정동 대표 중심점 기준 직선거리,서울특별시 T-DATA 지하철역 좌표정보; 서울 열린데이터광장 서울시 버스정류소 위치정보,True,True,True,True,True
1147052000,서울특별시,양천구,목2동,2025-12,2026-01,신뢰가능최신월,1,44974.03,25429.86,76.86,19544.17,60779.92,44824.13,35.6,15955.79,113.6,False,2026-05,19360.94,16066.57,21714.06,0.74,,,안심시설수 2023-04-21; 유흥시설수 2026-06-17,0,1,,,좌표공간조인,"서울시 단란주점영업 인허가 정보, 서울시 안심귀갓길 안전시설물, 서울시 유흥주점영업 인허가 정보",20254,88,950,2026-07-13,2026-07-13,2026-07-01,2.0,1.0,염창,371.0,16.0,15.677,WGS84 좌표의 행정동 경계 포함 여부; 최근접 거리는 행정동 대표 중심점 기준 직선거리,서울특별시 T-DATA 지하철역 좌표정보; 서울 열린데이터광장 서울시 버스정류소 위치정보,True,True,True,True,True
1147053000,서울특별시,양천구,목3동,2025-12,2026-01,신뢰가능최신월,1,44974.03,25429.86,76.86,19544.17,60779.92,44824.13,35.6,15955.79,113.6,False,2026-05,17812.32,16360.01,18849.68,0.87,,,안심시설수 2023-04-21; 유흥시설수 2026-06-17,0,4,,,좌표공간조인,"서울시 단란주점영업 인허가 정보, 서울시 안심귀갓길 안전시설물, 서울시 유흥주점영업 인허가 정보",20254,86,1061,2026-07-13,2026-07-13,2026-07-01,1.0,1.0,등촌,606.0,8.0,15.053,WGS84 좌표의 행정동 경계 포함 여부; 최근접 거리는 행정동 대표 중심점 기준 직선거리,서울특별시 T-DATA 지하철역 좌표정보; 서울 열린데이터광장 서울시 버스정류소 위치정보,True,True,True,True,True
1147054000,서울특별시,양천구,목4동,2025-12,2026-01,신뢰가능최신월,1,44974.03,25429.86,76.86,19544.17,60779.92,44824.13,35.6,15955.79,113.6,False,2026-05,17099.03,14593.87,18888.43,0.77,,,안심시설수 2023-04-21; 유흥시설수 2026-06-17,0,3,,,좌표공간조인,"서울시 단란주점영업 인허가 정보, 서울시 안심귀갓길 안전시설물, 서울시 유흥주점영업 인허가 정보",20254,83,1109,2026-07-13,2026-07-13,2026-07-01,0.0,0.0,목동,1046.0,14.0,24.26,WGS84 좌표의 행정동 경계 포함 여부; 최근접 거리는 행정동 대표 중심점 기준 직선거리,서울특별시 T-DATA 지하철역 좌표정보; 서울 열린데이터광장 서울시 버스정류소 위치정보,True,True,True,True,True
1147055000,서울특별시,양천구,목5동,2025-12,2026-01,신뢰가능최신월,1,44974.03,25429.86,76.86,19544.17,60779.92,44824.13,35.6,15955.79,113.6,False,2026-05,40534.22,38037.85,42317.34,0.9,,,안심시설수 2023-04-21; 유흥시설수 2026-06-17,0,0,,,좌표공간조인,"서울시 단란주점영업 인허가 정보, 서울시 안심귀갓길 안전시설물, 서울시 유흥주점영업 인허가 정보",20254,80,1455,2026-07-13,2026-07-13,2026-07-01,0.0,0.0,신목동,955.0,28.0,15.863,WGS84 좌표의 행정동 경계 포함 여부; 최근접 거리는 행정동 대표 중심점 기준 직선거리,서울특별시 T-DATA 지하철역 좌표정보; 서울 열린데이터광장 서울시 버스정류소 위치정보,True,True,True,True,True
1147056000,서울특별시,양천구,신월1동,2025-12,2025-12,신뢰가능최신월,0,17007.81,25429.86,-33.12,-8422.05,28661.8,44824.13,-36.06,-16162.33,36.71,False,2026-05,13704.93,12296.27,14711.12,0.84,,,안심시설수 2023-04-21; 유흥시설수 2026-06-17,0,2,,,좌표공간조인,"서울시 단란주점영업 인허가 정보, 서울시 안심귀갓길 안전시설물, 서울시 유흥주점영업 인허가 정보",20254,80,1031,2026-07-13,2026-07-13,2026-07-01,0.0,0.0,까치산,1079.0,9.0,14.471,WGS84 좌표의 행정동 경계 포함 여부; 최근접 거리는 행정동 대표 중심점 기준 직선거리,서울특별시 T-DATA 지하철역 좌표정보; 서울 열린데이터광장 서울시 버스정류소 위치정보,True,True,True,True,True
1147057000,서울특별시,양천구,신월2동,2025-12,2025-12,신뢰가능최신월,0,17007.81,25429.86,-33.12,-8422.05,28661.8,44824.13,-36.06,-16162.33,36.71,False,2026-05,11322.96,10509.42,11904.06,0.88,,,안심시설수 2023-04-21; 유흥시설수 2026-06-17,58,1,,,좌표공간조인,"서울시 단란주점영업 인허가 정보, 서울시 안심귀갓길 안전시설물, 서울시 유흥주점영업 인허가 정보",20254,75,629,2026-07-13,2026-07-13,2026-07-01,0.0,0.0,신정네거리,690.0,9.0,14.842,WGS84 좌표의 행정동 경계 포함 여부; 최근접 거리는 행정동 대표 중심점 기준 직선거리,서울특별시 T-DATA 지하철역 좌표정보; 서울 열린데이터광장 서울시 버스정류소 위치정보,True,True,True,True,True
1147058000,서울특별시,양천구,신월3동,2025-12,2025-12,신뢰가능최신월,0,17007.81,25429.86,-33.12,-8422.05,28661.8,44824.13,-36.06,-16162.33,36.71,False,2026-05,12015.61,11820.04,12155.31,0.97,,,안심시설수 2023-04-21; 유흥시설수 2026-06-17,39,1,,,좌표공간조인,"서울시 단란주점영업 인허가 정보, 서울시 안심귀갓길 안전시설물, 서울시 유흥주점영업 인허가 정보",20254,76,494,2026-07-13,2026-07-13,2026-07-01,0.0,0.0,화곡,1527.0,12.0,13.081,WGS84 좌표의 행정동 경계 포함 여부; 최근접 거리는 행정동 대표 중심점 기준 직선거리,서울특별시 T-DATA 지하철역 좌표정보; 서울 열린데이터광장 서울시 버스정류소 위치정보,True,True,True,True,True
1147059000,서울특별시,양천구,신월4동,2025-12,2025-12,신뢰가능최신월,0,17007.81,25429.86,-33.12,-8422.05,28661.8,44824.13,-36.06,-16162.33,36.71,False,2026-05,10972.22,9309.97,12159.55,0.77,,,안심시설수 2023-04-21; 유흥시설수 2026-06-17,0,3,,,좌표공간조인,"서울시 단란주점영업 인허가 정보, 서울시 안심귀갓길 안전시설물, 서울시 유흥주점영업 인허가 정보",20254,76,656,2026-07-13,2026-07-13,2026-07-01,0.0,0.0,신정네거리,1177.0,10.0,21.298,WGS84 좌표의 행정동 경계 포함 여부; 최근접 거리는 행정동 대표 중심점 기준 직선거리,서울특별시 T-DATA 지하철역 좌표정보; 서울 열린데이터광장 서울시 버스정류소 위치정보,True,True,True,True,True
1147060000,서울특별시,양천구,신월5동,2025-12,2025-12,신뢰가능최신월,0,17007.81,25429.86,-33.12,-8422.05,28661.8,44824.13,-36.06,-16162.33,36.71,False,2026-05,10871.4,10384.21,11219.39,0.93,,,안심시설수 2023-04-21; 유흥시설수 2026-06-17,42,2,,,좌표공간조인,"서울시 단란주점영업 인허가 정보, 서울시 안심귀갓길 안전시설물, 서울시 유흥주점영업 인허가 정보",20254,80,549,2026-07-13,2026-07-13,2026-07-01,0.0,0.0,화곡,976.0,13.0,20.373,WGS84 좌표의 행정동 경계 포함 여부; 최근접 거리는 행정동 대표 중심점 기준 직선거리,서울특별시 T-DATA 지하철역 좌표정보; 서울 열린데이터광장 서울시 버스정류소 위치정보,True,True,True,True,True
1147061000,서울특별시,양천구,신월6동,2025-12,2025-12,신뢰가능최신월,0,17007.81,25429.86,-33.12,-8422.05,28661.8,44824.13,-36.06,-16162.33,36.71,False,2026-05,3469.36,3629.42,3355.03,1.08,,,안심시설수 2023-04-21; 유흥시설수 2026-06-17,0,0,,,좌표공간조인,"서울시 단란주점영업 인허가 정보, 서울시 안심귀갓길 안전시설물, 서울시 유흥주점영업 인허가 정보",20254,75,486,2026-07-13,2026-07-13,2026-07-01,0.0,0.0,신정네거리,1053.0,12.0,27.029,WGS84 좌표의 행정동 경계 포함 여부; 최근접 거리는 행정동 대표 중심점 기준 직선거리,서울특별시 T-DATA 지하철역 좌표정보; 서울 열린데이터광장 서울시 버스정류소 위치정보,True,True,True,True,True
1147061100,서울특별시,양천구,신월7동,2025-12,2025-12,신뢰가능최신월,0,17007.81,25429.86,-33.12,-8422.05,28661.8,44824.13,-36.06,-16162.33,36.71,False,2026-05,14004.92,13043.76,14691.47,0.89,,,안심시설수 2023-04-21; 유흥시설수 2026-06-17,0,4,,,좌표공간조인,"서울시 단란주점영업 인허가 정보, 서울시 안심귀갓길 안전시설물, 서울시 유흥주점영업 인허가 정보",20254,81,644,2026-07-13,2026-07-13,2026-07-01,0.0,0.0,신정네거리,1975.0,19.0,15.45,WGS84 좌표의 행정동 경계 포함 여부; 최근접 거리는 행정동 대표 중심점 기준 직선거리,서울특별시 T-DATA 지하철역 좌표정보; 서울 열린데이터광장 서울시 버스정류소 위치정보,True,True,True,True,True
1147062000,서울특별시,양천구,신정1동,2025-12,2026-01,신뢰가능최신월,1,35207.32,25429.86,38.45,9777.46,50395.06,44824.13,12.43,5570.93,92.33,False,2026-05,15910.0,14822.73,16686.62,0.89,,,안심시설수 2023-04-21; 유흥시설수 2026-06-17,0,9,,,좌표공간조인,"서울시 단란주점영업 인허가 정보, 서울시 안심귀갓길 안전시설물, 서울시 유흥주점영업 인허가 정보",20254,83,999,2026-07-13,2026-07-13,2026-07-01,0.0,0.0,신정네거리,611.0,28.0,37.482,WGS84 좌표의 행정동 경계 포함 여부; 최근접 거리는 행정동 대표 중심점 기준 직선거리,서울특별시 T-DATA 지하철역 좌표정보; 서울 열린데이터광장 서울시 버스정류소 위치정보,True,True,True,True,True
1147063000,서울특별시,양천구,신정2동,2025-12,2026-01,신뢰가능최신월,1,35207.32,25429.86,38.45,9777.46,50395.06,44824.13,12.43,5570.93,92.33,False,2026-05,13885.97,12034.38,15208.53,0.79,,,안심시설수 2023-04-21; 유흥시설수 2026-06-17,0,4,,,좌표공간조인,"서울시 단란주점영업 인허가 정보, 서울시 안심귀갓길 안전시설물, 서울시 유흥주점영업 인허가 정보",20254,79,922,2026-07-13,2026-07-13,2026-07-01,0.0,0.0,오목교(목동운동장앞),566.0,14.0,26.64,WGS84 좌표의 행정동 경계 포함 여부; 최근접 거리는 행정동 대표 중심점 기준 직선거리,서울특별시 T-DATA 지하철역 좌표정보; 서울 열린데이터광장 서울시 버스정류소 위치정보,True,True,True,True,True
1147064000,서울특별시,양천구,신정3동,2025-12,2026-01,신뢰가능최신월,1,35207.32,25429.86,38.45,9777.46,50395.06,44824.13,12.43,5570.93,92.33,False,2026-05,36841.64,32905.56,39653.12,0.83,,,안심시설수 2023-04-21; 유흥시설수 2026-06-17,0,8,,,좌표공간조인,"서울시 단란주점영업 인허가 정보, 서울시 안심귀갓길 안전시설물, 서울시 유흥주점영업 인허가 정보",20254,90,1017,2026-07-13,2026-07-13,2026-07-01,1.0,1.0,신정네거리,1390.0,57.0,20.693,WGS84 좌표의 행정동 경계 포함 여부; 최근접 거리는 행정동 대표 중심점 기준 직선거리,서울특별시 T-DATA 지하철역 좌표정보; 서울 열린데이터광장 서울시 버스정류소 위치정보,True,True,True,True,True
1147065000,서울특별시,양천구,신정4동,2025-12,2026-01,신뢰가능최신월,1,35207.32,25429.86,38.45,9777.46,50395.06,44824.13,12.43,5570.93,92.33,False,2026-05,31779.1,28766.18,33931.18,0.85,,,안심시설수 2023-04-21; 유흥시설수 2026-06-17,65,13,,,좌표공간조인,"서울시 단란주점영업 인허가 정보, 서울시 안심귀갓길 안전시설물, 서울시 유흥주점영업 인허가 정보",20254,94,2359,2026-07-13,2026-07-13,2026-07-01,1.0,1.0,신정(은행정),134.0,18.0,18.065,WGS84 좌표의 행정동 경계 포함 여부; 최근접 거리는 행정동 대표 중심점 기준 직선거리,서울특별시 T-DATA 지하철역 좌표정보; 서울 열린데이터광장 서울시 버스정류소 위치정보,True,True,True,True,True
1147067000,서울특별시,양천구,신정6동,2025-12,2026-01,신뢰가능최신월,1,35207.32,25429.86,38.45,9777.46,50395.06,44824.13,12.43,5570.93,92.33,False,2026-05,18306.01,17333.09,19000.95,0.91,,,안심시설수 2023-04-21; 유흥시설수 2026-06-17,0,0,,,좌표공간조인,"서울시 단란주점영업 인허가 정보, 서울시 안심귀갓길 안전시설물, 서울시 유흥주점영업 인허가 정보",20254,66,639,2026-07-13,2026-07-13,2026-07-01,0.0,0.0,양천구청,521.0,19.0,20.208,WGS84 좌표의 행정동 경계 포함 여부; 최근접 거리는 행정동 대표 중심점 기준 직선거리,서울특별시 T-DATA 지하철역 좌표정보; 서울 열린데이터광장 서울시 버스정류소 위치정보,True,True,True,True,True
1147068000,서울특별시,양천구,신정7동,2025-12,2026-01,신뢰가능최신월,1,35207.32,25429.86,38.45,9777.46,50395.06,44824.13,12.43,5570.93,92.33,False,2026-05,19453.21,17936.0,20536.92,0.87,,,안심시설수 2023-04-21; 유흥시설수 2026-06-17,0,0,,,좌표공간조인,"서울시 단란주점영업 인허가 정보, 서울시 안심귀갓길 안전시설물, 서울시 유흥주점영업 인허가 정보",20254,80,751,2026-07-13,2026-07-13,2026-07-01,1.0,1.0,양천구청,282.0,27.0,21.894,WGS84 좌표의 행정동 경계 포함 여부; 최근접 거리는 행정동 대표 중심점 기준 직선거리,서울특별시 T-DATA 지하철역 좌표정보; 서울 열린데이터광장 서울시 버스정류소 위치정보,True,True,True,True,True
1156055000,서울특별시,영등포구,당산1동,2025-12,2026-01,신뢰가능최신월,1,23294.04,25429.86,-8.4,-2135.82,36670.82,44824.13,-18.19,-8153.31,129.0,False,2026-05,23369.76,25240.31,22033.65,1.15,,,안심시설수 2023-04-21; 유흥시설수 2026-06-17,34,33,,,좌표공간조인,"서울시 단란주점영업 인허가 정보, 서울시 안심귀갓길 안전시설물, 서울시 유흥주점영업 인허가 정보",20254,96,2441,2026-07-13,2026-07-13,2026-07-01,2.0,2.0,영등포구청,158.0,20.0,26.854,WGS84 좌표의 행정동 경계 포함 여부; 최근접 거리는 행정동 대표 중심점 기준 직선거리,서울특별시 T-DATA 지하철역 좌표정보; 서울 열린데이터광장 서울시 버스정류소 위치정보,True,True,True,True,True
1156056000,서울특별시,영등포구,당산2동,2025-12,2025-12,신뢰가능최신월,0,27882.07,25429.86,9.64,2452.21,57908.02,44824.13,29.19,13083.89,247.0,False,2026-05,45327.58,41534.57,48036.87,0.86,,,안심시설수 2023-04-21; 유흥시설수 2026-06-17,70,9,,,좌표공간조인,"서울시 단란주점영업 인허가 정보, 서울시 안심귀갓길 안전시설물, 서울시 유흥주점영업 인허가 정보",20254,94,1786,2026-07-13,2026-07-13,2026-07-01,2.0,2.0,당산,87.0,41.0,25.952,WGS84 좌표의 행정동 경계 포함 여부; 최근접 거리는 행정동 대표 중심점 기준 직선거리,서울특별시 T-DATA 지하철역 좌표정보; 서울 열린데이터광장 서울시 버스정류소 위치정보,True,True,True,True,True
1156070000,서울특별시,영등포구,대림1동,2025-12,2025-12,신뢰가능최신월,0,9920.96,25429.86,-60.99,-15508.9,33852.43,44824.13,-24.48,-10971.7,57.5,False,2026-05,14244.41,14546.91,14028.34,1.04,,,안심시설수 2023-04-21; 유흥시설수 2026-06-17,0,6,,,좌표공간조인,"서울시 단란주점영업 인허가 정보, 서울시 안심귀갓길 안전시설물, 서울시 유흥주점영업 인허가 정보",20254,79,702,2026-07-13,2026-07-13,2026-07-01,0.0,0.0,대림(구로구청),723.0,16.0,32.089,WGS84 좌표의 행정동 경계 포함 여부; 최근접 거리는 행정동 대표 중심점 기준 직선거리,서울특별시 T-DATA 지하철역 좌표정보; 서울 열린데이터광장 서울시 버스정류소 위치정보,True,True,True,True,True
1156071000,서울특별시,영등포구,대림2동,2025-12,2025-12,신뢰가능최신월,0,9920.96,25429.86,-60.99,-15508.9,33852.43,44824.13,-24.48,-10971.7,57.5,False,2026-05,16537.99,15655.07,17168.64,0.91,,,안심시설수 2023-04-21; 유흥시설수 2026-06-17,80,4,,,좌표공간조인,"서울시 단란주점영업 인허가 정보, 서울시 안심귀갓길 안전시설물, 서울시 유흥주점영업 인허가 정보",20254,82,1190,2026-07-13,2026-07-13,2026-07-01,1.0,1.0,대림(구로구청),483.0,12.0,20.974,WGS84 좌표의 행정동 경계 포함 여부; 최근접 거리는 행정동 대표 중심점 기준 직선거리,서울특별시 T-DATA 지하철역 좌표정보; 서울 열린데이터광장 서울시 버스정류소 위치정보,True,True,True,True,True
1156072000,서울특별시,영등포구,대림3동,2025-12,2025-12,신뢰가능최신월,0,9920.96,25429.86,-60.99,-15508.9,33852.43,44824.13,-24.48,-10971.7,57.5,False,2026-05,22833.24,21917.98,23487.0,0.93,,,안심시설수 2023-04-21; 유흥시설수 2026-06-17,32,7,,,좌표공간조인,"서울시 단란주점영업 인허가 정보, 서울시 안심귀갓길 안전시설물, 서울시 유흥주점영업 인허가 정보",20254,92,1408,2026-07-13,2026-07-13,2026-07-01,0.0,0.0,대림(구로구청),775.0,37.0,40.173,WGS84 좌표의 행정동 경계 포함 여부; 최근접 거리는 행정동 대표 중심점 기준 직선거리,서울특별시 T-DATA 지하철역 좌표정보; 서울 열린데이터광장 서울시 버스정류소 위치정보,True,True,True,True,True
1156058500,서울특별시,영등포구,도림동,2025-12,2025-12,신뢰가능최신월,0,15876.56,25429.86,-37.57,-9553.3,36873.29,44824.13,-17.74,-7950.84,70.0,False,2026-05,14657.37,12376.44,16286.6,0.76,,,안심시설수 2023-04-21; 유흥시설수 2026-06-17,27,2,,,좌표공간조인,"서울시 단란주점영업 인허가 정보, 서울시 안심귀갓길 안전시설물, 서울시 유흥주점영업 인허가 정보",20254,84,697,2026-07-13,2026-07-13,2026-07-01,0.0,0.0,신도림,833.0,22.0,37.578,WGS84 좌표의 행정동 경계 포함 여부; 최근접 거리는 행정동 대표 중심점 기준 직선거리,서울특별시 T-DATA 지하철역 좌표정보; 서울 열린데이터광장 서울시 버스정류소 위치정보,True,True,True,True,True
1156060500,서울특별시,영등포구,문래동,2025-12,2026-01,신뢰가능최신월,1,38691.21,25429.86,52.15,13261.35,54080.83,44824.13,20.65,9256.7,95.0,False,2026-05,33861.88,38603.75,30474.83,1.27,,,안심시설수 2023-04-21; 유흥시설수 2026-06-17,0,3,,,좌표공간조인,"서울시 단란주점영업 인허가 정보, 서울시 안심귀갓길 안전시설물, 서울시 유흥주점영업 인허가 정보",20254,96,2667,2026-07-13,2026-07-13,2026-07-01,1.0,1.0,문래,362.0,43.0,24.084,WGS84 좌표의 행정동 경계 포함 여부; 최근접 거리는 행정동 대표 중심점 기준 직선거리,서울특별시 T-DATA 지하철역 좌표정보; 서울 열린데이터광장 서울시 버스정류소 위치정보,True,True,True,True,True
1156063000,서울특별시,영등포구,신길1동,2025-12,2026-01,신뢰가능최신월,1,25795.35,25429.86,1.44,365.49,45007.8,44824.13,0.41,183.67,53.29,False,2026-05,17671.01,16166.02,18746.0,0.86,,,안심시설수 2023-04-21; 유흥시설수 2026-06-17,52,5,,,좌표공간조인,"서울시 단란주점영업 인허가 정보, 서울시 안심귀갓길 안전시설물, 서울시 유흥주점영업 인허가 정보",20254,81,795,2026-07-13,2026-07-13,2026-07-01,1.0,1.0,신길,512.0,20.0,27.686,WGS84 좌표의 행정동 경계 포함 여부; 최근접 거리는 행정동 대표 중심점 기준 직선거리,서울특별시 T-DATA 지하철역 좌표정보; 서울 열린데이터광장 서울시 버스정류소 위치정보,True,True,True,True,True
1156065000,서울특별시,영등포구,신길3동,2025-12,2026-01,신뢰가능최신월,1,25795.35,25429.86,1.44,365.49,45007.8,44824.13,0.41,183.67,53.29,False,2026-05,13038.4,10902.98,14563.7,0.75,,,안심시설수 2023-04-21; 유흥시설수 2026-06-17,0,1,,,좌표공간조인,"서울시 단란주점영업 인허가 정보, 서울시 안심귀갓길 안전시설물, 서울시 유흥주점영업 인허가 정보",20254,89,720,2026-07-13,2026-07-13,2026-07-01,0.0,0.0,신풍,776.0,24.0,46.18,WGS84 좌표의 행정동 경계 포함 여부; 최근접 거리는 행정동 대표 중심점 기준 직선거리,서울특별시 T-DATA 지하철역 좌표정보; 서울 열린데이터광장 서울시 버스정류소 위치정보,True,True,True,True,True
1156066000,서울특별시,영등포구,신길4동,2025-12,2026-01,신뢰가능최신월,1,25795.35,25429.86,1.44,365.49,45007.8,44824.13,0.41,183.67,53.29,False,2026-05,6631.28,5871.19,7174.21,0.82,,,안심시설수 2023-04-21; 유흥시설수 2026-06-17,13,1,,,좌표공간조인,"서울시 단란주점영업 인허가 정보, 서울시 안심귀갓길 안전시설물, 서울시 유흥주점영업 인허가 정보",20254,72,335,2026-07-13,2026-07-13,2026-07-01,0.0,0.0,신풍,797.0,12.0,37.225,WGS84 좌표의 행정동 경계 포함 여부; 최근접 거리는 행정동 대표 중심점 기준 직선거리,서울특별시 T-DATA 지하철역 좌표정보; 서울 열린데이터광장 서울시 버스정류소 위치정보,True,True,True,True,True
1156067000,서울특별시,영등포구,신길5동,2025-12,2026-01,신뢰가능최신월,1,17556.22,25429.86,-30.96,-7873.64,41437.2,44824.13,-7.56,-3386.93,110.79,False,2026-05,9423.99,8805.36,9865.87,0.89,,,안심시설수 2023-04-21; 유흥시설수 2026-06-17,0,1,,,좌표공간조인,"서울시 단란주점영업 인허가 정보, 서울시 안심귀갓길 안전시설물, 서울시 유흥주점영업 인허가 정보",20254,62,288,2026-07-13,2026-07-13,2026-07-01,0.0,0.0,신풍,403.0,21.0,42.485,WGS84 좌표의 행정동 경계 포함 여부; 최근접 거리는 행정동 대표 중심점 기준 직선거리,서울특별시 T-DATA 지하철역 좌표정보; 서울 열린데이터광장 서울시 버스정류소 위치정보,True,True,True,True,True
1156068000,서울특별시,영등포구,신길6동,2025-12,2026-01,신뢰가능최신월,1,25795.35,25429.86,1.44,365.49,45007.8,44824.13,0.41,183.67,53.29,False,2026-05,19339.59,16475.58,21385.31,0.77,,,안심시설수 2023-04-21; 유흥시설수 2026-06-17,23,3,,,좌표공간조인,"서울시 단란주점영업 인허가 정보, 서울시 안심귀갓길 안전시설물, 서울시 유흥주점영업 인허가 정보",20254,84,962,2026-07-13,2026-07-13,2026-07-01,2.0,2.0,신풍,354.0,23.0,37.223,WGS84 좌표의 행정동 경계 포함 여부; 최근접 거리는 행정동 대표 중심점 기준 직선거리,서울특별시 T-DATA 지하철역 좌표정보; 서울 열린데이터광장 서울시 버스정류소 위치정보,True,True,True,True,True
1156069000,서울특별시,영등포구,신길7동,2025-12,2026-01,신뢰가능최신월,1,25795.35,25429.86,1.44,365.49,45007.8,44824.13,0.41,183.67,53.29,False,2026-05,18049.33,16840.34,18912.89,0.89,,,안심시설수 2023-04-21; 유흥시설수 2026-06-17,35,1,,,좌표공간조인,"서울시 단란주점영업 인허가 정보, 서울시 안심귀갓길 안전시설물, 서울시 유흥주점영업 인허가 정보",20254,80,479,2026-07-13,2026-07-13,2026-07-01,3.0,2.0,서울지방병무청,278.0,31.0,47.936,WGS84 좌표의 행정동 경계 포함 여부; 최근접 거리는 행정동 대표 중심점 기준 직선거리,서울특별시 T-DATA 지하철역 좌표정보; 서울 열린데이터광장 서울시 버스정류소 위치정보,True,True,True,True,True
1156061000,서울특별시,영등포구,양평1동,2025-12,2025-12,신뢰가능최신월,0,22178.2,25429.86,-12.79,-3251.66,36392.65,44824.13,-18.81,-8431.48,100.0,False,2026-05,19803.62,19575.57,19966.51,0.98,,,안심시설수 2023-04-21; 유흥시설수 2026-06-17,40,7,,,좌표공간조인,"서울시 단란주점영업 인허가 정보, 서울시 안심귀갓길 안전시설물, 서울시 유흥주점영업 인허가 정보",20254,92,1244,2026-07-13,2026-07-13,2026-07-01,1.0,1.0,양평,53.0,22.0,22.583,WGS84 좌표의 행정동 경계 포함 여부; 최근접 거리는 행정동 대표 중심점 기준 직선거리,서울특별시 T-DATA 지하철역 좌표정보; 서울 열린데이터광장 서울시 버스정류소 위치정보,True,True,True,True,True
1156062000,서울특별시,영등포구,양평2동,2025-12,2025-12,신뢰가능최신월,0,24752.73,25429.86,-2.66,-677.13,39042.53,44824.13,-12.9,-5781.6,131.0,False,2026-05,25438.85,28584.23,23192.15,1.23,,,안심시설수 2023-04-21; 유흥시설수 2026-06-17,40,8,,,좌표공간조인,"서울시 단란주점영업 인허가 정보, 서울시 안심귀갓길 안전시설물, 서울시 유흥주점영업 인허가 정보",20254,89,1447,2026-07-13,2026-07-13,2026-07-01,1.0,1.0,선유도,662.0,28.0,9.748,WGS84 좌표의 행정동 경계 포함 여부; 최근접 거리는 행정동 대표 중심점 기준 직선거리,서울특별시 T-DATA 지하철역 좌표정보; 서울 열린데이터광장 서울시 버스정류소 위치정보,True,True,True,True,True
1156054000,서울특별시,영등포구,여의동,2025-12,2025-12,신뢰가능최신월,0,49185.98,25429.86,93.42,23756.12,63897.81,44824.13,42.55,19073.68,149.0,False,2026-05,95802.56,137461.41,66046.23,2.08,,,안심시설수 2023-04-21; 유흥시설수 2026-06-17,0,57,,,좌표공간조인,"서울시 단란주점영업 인허가 정보, 서울시 안심귀갓길 안전시설물, 서울시 유흥주점영업 인허가 정보",20254,95,5152,2026-07-13,2026-07-13,2026-07-01,6.0,3.0,여의나루,421.0,58.0,6.879,WGS84 좌표의 행정동 경계 포함 여부; 최근접 거리는 행정동 대표 중심점 기준 직선거리,서울특별시 T-DATA 지하철역 좌표정보; 서울 열린데이터광장 서울시 버스정류소 위치정보,True,True,True,True,True
1156053500,서울특별시,영등포구,영등포동,2025-12,2025-12,신뢰가능최신월,0,18605.39,25429.86,-26.84,-6824.47,36645.12,44824.13,-18.25,-8179.01,416.0,False,2026-05,54705.26,67728.99,45402.6,1.49,,,안심시설수 2023-04-21; 유흥시설수 2026-06-17,33,94,,,좌표공간조인,"서울시 단란주점영업 인허가 정보, 서울시 안심귀갓길 안전시설물, 서울시 유흥주점영업 인허가 정보",20254,97,3748,2026-07-13,2026-07-13,2026-07-01,2.0,1.0,영등포시장,248.0,44.0,32.085,WGS84 좌표의 행정동 경계 포함 여부; 최근접 거리는 행정동 대표 중심점 기준 직선거리,서울특별시 T-DATA 지하철역 좌표정보; 서울 열린데이터광장 서울시 버스정류소 위치정보,True,True,True,True,True
1156051500,서울특별시,영등포구,영등포본동,2025-12,2026-01,신뢰가능최신월,1,28695.66,25429.86,12.84,3265.8,48766.02,44824.13,8.79,3941.89,75.29,False,2026-05,17503.5,16963.09,17889.5,0.95,,,안심시설수 2023-04-21; 유흥시설수 2026-06-17,67,3,,,좌표공간조인,"서울시 단란주점영업 인허가 정보, 서울시 안심귀갓길 안전시설물, 서울시 유흥주점영업 인허가 정보",20254,87,1212,2026-07-13,2026-07-13,2026-07-01,1.0,1.0,영등포,264.0,19.0,22.465,WGS84 좌표의 행정동 경계 포함 여부; 최근접 거리는 행정동 대표 중심점 기준 직선거리,서울특별시 T-DATA 지하철역 좌표정보; 서울 열린데이터광장 서울시 버스정류소 위치정보,True,True,True,True,True
1117053000,서울특별시,용산구,남영동,2025-12,2025-12,신뢰가능최신월,0,26235.0,25429.86,3.17,805.14,38046.5,44824.13,-15.12,-6777.63,19.0,False,2026-05,16799.56,23633.44,11918.22,1.98,,,안심시설수 2023-04-21; 유흥시설수 2026-06-17,38,12,,,좌표공간조인,"서울시 단란주점영업 인허가 정보, 서울시 안심귀갓길 안전시설물, 서울시 유흥주점영업 인허가 정보",20254,93,1170,2026-07-13,2026-07-13,2026-07-01,4.0,3.0,숙대입구(갈월),248.0,21.0,17.843,WGS84 좌표의 행정동 경계 포함 여부; 최근접 거리는 행정동 대표 중심점 기준 직선거리,서울특별시 T-DATA 지하철역 좌표정보; 서울 열린데이터광장 서울시 버스정류소 위치정보,True,True,True,True,True
1117070000,서울특별시,용산구,보광동,2025-12,2025-12,신뢰가능최신월,0,27118.18,25429.86,6.64,1688.32,45600.0,44824.13,1.73,775.87,11.0,False,2026-05,6645.74,6582.76,6690.72,0.98,,,안심시설수 2023-04-21; 유흥시설수 2026-06-17,83,4,,,좌표공간조인,"서울시 단란주점영업 인허가 정보, 서울시 안심귀갓길 안전시설물, 서울시 유흥주점영업 인허가 정보",20254,79,555,2026-07-13,2026-07-13,2026-07-01,0.0,0.0,한남,783.0,9.0,12.593,WGS84 좌표의 행정동 경계 포함 여부; 최근접 거리는 행정동 대표 중심점 기준 직선거리,서울특별시 T-DATA 지하철역 좌표정보; 서울 열린데이터광장 서울시 버스정류소 위치정보,True,True,True,True,True
1117069000,서울특별시,용산구,서빙고동,2025-12,2025-12,신뢰가능최신월,0,32969.7,25429.86,29.65,7539.84,43633.33,44824.13,-2.66,-1190.8,33.0,False,2026-05,15284.97,17458.12,13732.72,1.27,,,안심시설수 2023-04-21; 유흥시설수 2026-06-17,22,1,,,좌표공간조인,"서울시 단란주점영업 인허가 정보, 서울시 안심귀갓길 안전시설물, 서울시 유흥주점영업 인허가 정보",20254,73,344,2026-07-13,2026-07-13,2026-07-01,1.0,1.0,서빙고,34.0,22.0,7.815,WGS84 좌표의 행정동 경계 포함 여부; 최근접 거리는 행정동 대표 중심점 기준 직선거리,서울특별시 T-DATA 지하철역 좌표정보; 서울 열린데이터광장 서울시 버스정류소 위치정보,True,True,True,True,True
1117059000,서울특별시,용산구,용문동,2025-12,2025-12,신뢰가능최신월,0,29334.88,25429.86,15.36,3905.02,41245.23,44824.13,-7.98,-3578.9,40.0,False,2026-05,7090.61,6112.24,7789.44,0.78,,,안심시설수 2023-04-21; 유흥시설수 2026-06-17,0,1,,,좌표공간조인,"서울시 단란주점영업 인허가 정보, 서울시 안심귀갓길 안전시설물, 서울시 유흥주점영업 인허가 정보",20254,74,519,2026-07-13,2026-07-13,2026-07-01,2.0,2.0,효창공원앞,289.0,16.0,57.694,WGS84 좌표의 행정동 경계 포함 여부; 최근접 거리는 행정동 대표 중심점 기준 직선거리,서울특별시 T-DATA 지하철역 좌표정보; 서울 열린데이터광장 서울시 버스정류소 위치정보,True,True,True,True,True
1117052000,서울특별시,용산구,용산2가동,2025-12,2025-12,신뢰가능최신월,0,8751.61,25429.86,-65.59,-16678.25,18111.11,44824.13,-59.6,-26713.02,31.0,False,2026-05,12202.46,12696.34,11849.7,1.07,,,안심시설수 2023-04-21; 유흥시설수 2026-06-17,26,0,,,좌표공간조인,"서울시 단란주점영업 인허가 정보, 서울시 안심귀갓길 안전시설물, 서울시 유흥주점영업 인허가 정보",20254,72,604,2026-07-13,2026-07-13,2026-07-01,1.0,1.0,녹사평(용산구청),383.0,27.0,13.705,WGS84 좌표의 행정동 경계 포함 여부; 최근접 거리는 행정동 대표 중심점 기준 직선거리,서울특별시 T-DATA 지하철역 좌표정보; 서울 열린데이터광장 서울시 버스정류소 위치정보,True,True,True,True,True
1117056000,서울특별시,용산구,원효로1동,2025-12,2025-12,신뢰가능최신월,0,30884.87,25429.86,21.45,5455.01,50843.17,44824.13,13.43,6019.04,146.0,False,2026-05,18379.95,18308.64,18430.88,0.99,,,안심시설수 2023-04-21; 유흥시설수 2026-06-17,0,9,,,좌표공간조인,"서울시 단란주점영업 인허가 정보, 서울시 안심귀갓길 안전시설물, 서울시 유흥주점영업 인허가 정보",20254,86,1548,2026-07-13,2026-07-13,2026-07-01,0.0,0.0,효창공원앞,402.0,23.0,39.075,WGS84 좌표의 행정동 경계 포함 여부; 최근접 거리는 행정동 대표 중심점 기준 직선거리,서울특별시 T-DATA 지하철역 좌표정보; 서울 열린데이터광장 서울시 버스정류소 위치정보,True,True,True,True,True
1117057000,서울특별시,용산구,원효로2동,2025-12,2025-12,신뢰가능최신월,0,31934.48,25429.86,25.58,6504.62,35273.17,44824.13,-21.31,-9550.96,58.0,False,2026-05,14069.83,12873.41,14924.41,0.86,,,안심시설수 2023-04-21; 유흥시설수 2026-06-17,0,3,,,좌표공간조인,"서울시 단란주점영업 인허가 정보, 서울시 안심귀갓길 안전시설물, 서울시 유흥주점영업 인허가 정보",20254,82,829,2026-07-13,2026-07-13,2026-07-01,0.0,0.0,마포,858.0,23.0,32.465,WGS84 좌표의 행정동 경계 포함 여부; 최근접 거리는 행정동 대표 중심점 기준 직선거리,서울특별시 T-DATA 지하철역 좌표정보; 서울 열린데이터광장 서울시 버스정류소 위치정보,True,True,True,True,True
1117063000,서울특별시,용산구,이촌1동,2025-12,2025-12,신뢰가능최신월,0,60218.22,25429.86,136.8,34788.36,71242.14,44824.13,58.94,26418.01,53.5,False,2026-05,25351.53,24971.72,25622.83,0.97,,,안심시설수 2023-04-21; 유흥시설수 2026-06-17,32,3,,,좌표공간조인,"서울시 단란주점영업 인허가 정보, 서울시 안심귀갓길 안전시설물, 서울시 유흥주점영업 인허가 정보",20254,73,744,2026-07-13,2026-07-13,2026-07-01,0.0,0.0,이촌(국립중앙박물관),818.0,21.0,7.315,WGS84 좌표의 행정동 경계 포함 여부; 최근접 거리는 행정동 대표 중심점 기준 직선거리,서울특별시 T-DATA 지하철역 좌표정보; 서울 열린데이터광장 서울시 버스정류소 위치정보,True,True,True,True,True
1117064000,서울특별시,용산구,이촌2동,2025-12,2025-12,신뢰가능최신월,0,60218.22,25429.86,136.8,34788.36,71242.14,44824.13,58.94,26418.01,53.5,False,2026-05,7755.88,7671.49,7816.16,0.98,,,안심시설수 2023-04-21; 유흥시설수 2026-06-17,65,0,,,좌표공간조인,"서울시 단란주점영업 인허가 정보, 서울시 안심귀갓길 안전시설물, 서울시 유흥주점영업 인허가 정보",20254,64,267,2026-07-13,2026-07-13,2026-07-01,0.0,0.0,노들,1109.0,8.0,6.641,WGS84 좌표의 행정동 경계 포함 여부; 최근접 거리는 행정동 대표 중심점 기준 직선거리,서울특별시 T-DATA 지하철역 좌표정보; 서울 열린데이터광장 서울시 버스정류소 위치정보,True,True,True,True,True
1117065000,서울특별시,용산구,이태원1동,2025-12,2025-12,신뢰가능최신월,0,17714.72,25429.86,-30.34,-7715.14,30249.85,44824.13,-32.51,-14574.28,35.5,False,2026-05,11372.26,11425.13,11334.49,1.01,,,안심시설수 2023-04-21; 유흥시설수 2026-06-17,44,16,,,좌표공간조인,"서울시 단란주점영업 인허가 정보, 서울시 안심귀갓길 안전시설물, 서울시 유흥주점영업 인허가 정보",20254,85,1549,2026-07-13,2026-07-13,2026-07-01,1.0,1.0,이태원,156.0,15.0,25.755,WGS84 좌표의 행정동 경계 포함 여부; 최근접 거리는 행정동 대표 중심점 기준 직선거리,서울특별시 T-DATA 지하철역 좌표정보; 서울 열린데이터광장 서울시 버스정류소 위치정보,True,True,True,True,True
1117066000,서울특별시,용산구,이태원2동,2025-12,2025-12,신뢰가능최신월,0,17714.72,25429.86,-30.34,-7715.14,30249.85,44824.13,-32.51,-14574.28,35.5,False,2026-05,10932.31,10436.06,11286.77,0.92,,,안심시설수 2023-04-21; 유흥시설수 2026-06-17,0,0,,,좌표공간조인,"서울시 단란주점영업 인허가 정보, 서울시 안심귀갓길 안전시설물, 서울시 유흥주점영업 인허가 정보",20254,79,835,2026-07-13,2026-07-13,2026-07-01,0.0,0.0,이태원,831.0,21.0,24.04,WGS84 좌표의 행정동 경계 포함 여부; 최근접 거리는 행정동 대표 중심점 기준 직선거리,서울특별시 T-DATA 지하철역 좌표정보; 서울 열린데이터광장 서울시 버스정류소 위치정보,True,True,True,True,True
1117055500,서울특별시,용산구,청파동,2025-12,2025-12,신뢰가능최신월,0,11271.93,25429.86,-55.67,-14157.93,23905.54,44824.13,-46.67,-20918.59,107.0,False,2026-05,23001.79,24428.39,21982.79,1.11,,,안심시설수 2023-04-21; 유흥시설수 2026-06-17,88,3,,,좌표공간조인,"서울시 단란주점영업 인허가 정보, 서울시 안심귀갓길 안전시설물, 서울시 유흥주점영업 인허가 정보",20254,89,1179,2026-07-13,2026-07-13,2026-07-01,0.0,0.0,숙대입구(갈월),573.0,24.0,27.103,WGS84 좌표의 행정동 경계 포함 여부; 최근접 거리는 행정동 대표 중심점 기준 직선거리,서울특별시 T-DATA 지하철역 좌표정보; 서울 열린데이터광장 서울시 버스정류소 위치정보,True,True,True,True,True
1117062500,서울특별시,용산구,한강로동,2025-12,2025-12,신뢰가능최신월,0,47832.69,25429.86,88.1,22402.83,83209.44,44824.13,85.64,38385.31,128.0,False,2026-05,53257.86,69812.02,41433.45,1.68,,,안심시설수 2023-04-21; 유흥시설수 2026-06-17,52,10,,,좌표공간조인,"서울시 단란주점영업 인허가 정보, 서울시 안심귀갓길 안전시설물, 서울시 유흥주점영업 인허가 정보",20254,96,4886,2026-07-13,2026-07-13,2026-07-01,6.0,4.0,신용산,62.0,41.0,14.297,WGS84 좌표의 행정동 경계 포함 여부; 최근접 거리는 행정동 대표 중심점 기준 직선거리,서울특별시 T-DATA 지하철역 좌표정보; 서울 열린데이터광장 서울시 버스정류소 위치정보,True,True,True,True,True
1117068500,서울특별시,용산구,한남동,2025-12,2025-12,신뢰가능최신월,0,56385.36,25429.86,121.73,30955.5,127372.25,44824.13,184.16,82548.12,44.0,False,2026-05,28331.31,34833.29,23687.04,1.47,,,안심시설수 2023-04-21; 유흥시설수 2026-06-17,119,19,,,좌표공간조인,"서울시 단란주점영업 인허가 정보, 서울시 안심귀갓길 안전시설물, 서울시 유흥주점영업 인허가 정보",20254,90,2297,2026-07-13,2026-07-13,2026-07-01,2.0,2.0,한강진,384.0,34.0,11.223,WGS84 좌표의 행정동 경계 포함 여부; 최근접 거리는 행정동 대표 중심점 기준 직선거리,서울특별시 T-DATA 지하철역 좌표정보; 서울 열린데이터광장 서울시 버스정류소 위치정보,True,True,True,True,True
1117058000,서울특별시,용산구,효창동,2025-12,2025-12,신뢰가능최신월,0,29608.38,25429.86,16.43,4178.52,50841.8,44824.13,13.43,6017.67,56.0,False,2026-05,10430.69,10261.06,10551.85,0.97,,,안심시설수 2023-04-21; 유흥시설수 2026-06-17,0,0,,,좌표공간조인,"서울시 단란주점영업 인허가 정보, 서울시 안심귀갓길 안전시설물, 서울시 유흥주점영업 인허가 정보",20254,65,324,2026-07-13,2026-07-13,2026-07-01,0.0,0.0,효창공원앞,399.0,15.0,33.642,WGS84 좌표의 행정동 경계 포함 여부; 최근접 거리는 행정동 대표 중심점 기준 직선거리,서울특별시 T-DATA 지하철역 좌표정보; 서울 열린데이터광장 서울시 버스정류소 위치정보,True,True,True,True,True
1117051000,서울특별시,용산구,후암동,2025-12,2025-12,신뢰가능최신월,0,17934.51,25429.86,-29.47,-7495.35,25515.72,44824.13,-43.08,-19308.41,76.0,False,2026-05,12378.6,11312.85,13139.85,0.86,,,안심시설수 2023-04-21; 유흥시설수 2026-06-17,38,0,,,좌표공간조인,"서울시 단란주점영업 인허가 정보, 서울시 안심귀갓길 안전시설물, 서울시 유흥주점영업 인허가 정보",20254,81,825,2026-07-13,2026-07-13,2026-07-01,0.0,0.0,서울역,781.0,16.0,18.491,WGS84 좌표의 행정동 경계 포함 여부; 최근접 거리는 행정동 대표 중심점 기준 직선거리,서울특별시 T-DATA 지하철역 좌표정보; 서울 열린데이터광장 서울시 버스정류소 위치정보,True,True,True,True,True
1138055100,서울특별시,은평구,갈현1동,2025-12,2025-12,신뢰가능최신월,0,10587.5,25429.86,-58.37,-14842.36,20205.52,44824.13,-54.92,-24618.61,42.0,False,2026-05,17089.42,16976.74,17169.91,0.99,,,안심시설수 2023-04-21; 유흥시설수 2026-06-17,31,25,,,좌표공간조인,"서울시 단란주점영업 인허가 정보, 서울시 안심귀갓길 안전시설물, 서울시 유흥주점영업 인허가 정보",20254,85,1074,2026-07-13,2026-07-13,2026-07-01,0.0,0.0,연신내,864.0,33.0,34.362,WGS84 좌표의 행정동 경계 포함 여부; 최근접 거리는 행정동 대표 중심점 기준 직선거리,서울특별시 T-DATA 지하철역 좌표정보; 서울 열린데이터광장 서울시 버스정류소 위치정보,True,True,True,True,True
1138055200,서울특별시,은평구,갈현2동,2025-12,2025-12,신뢰가능최신월,0,10587.5,25429.86,-58.37,-14842.36,20205.52,44824.13,-54.92,-24618.61,42.0,False,2026-05,21043.07,18989.07,22510.22,0.84,,,안심시설수 2023-04-21; 유흥시설수 2026-06-17,0,10,,,좌표공간조인,"서울시 단란주점영업 인허가 정보, 서울시 안심귀갓길 안전시설물, 서울시 유흥주점영업 인허가 정보",20254,88,1265,2026-07-13,2026-07-13,2026-07-01,1.0,1.0,연신내,725.0,30.0,30.474,WGS84 좌표의 행정동 경계 포함 여부; 최근접 거리는 행정동 대표 중심점 기준 직선거리,서울특별시 T-DATA 지하철역 좌표정보; 서울 열린데이터광장 서울시 버스정류소 위치정보,True,True,True,True,True
1138056000,서울특별시,은평구,구산동,2025-12,2025-12,신뢰가능최신월,0,10097.44,25429.86,-60.29,-15332.42,22967.11,44824.13,-48.76,-21857.02,66.0,False,2026-05,24625.36,21397.31,26931.11,0.79,,,안심시설수 2023-04-21; 유흥시설수 2026-06-17,38,1,,,좌표공간조인,"서울시 단란주점영업 인허가 정보, 서울시 안심귀갓길 안전시설물, 서울시 유흥주점영업 인허가 정보",20254,77,787,2026-07-13,2026-07-13,2026-07-01,0.0,0.0,구산,880.0,34.0,24.482,WGS84 좌표의 행정동 경계 포함 여부; 최근접 거리는 행정동 대표 중심점 기준 직선거리,서울특별시 T-DATA 지하철역 좌표정보; 서울 열린데이터광장 서울시 버스정류소 위치정보,True,True,True,True,True
1138051000,서울특별시,은평구,녹번동,2025-12,2025-12,신뢰가능최신월,0,16069.41,25429.86,-36.81,-9360.45,38214.02,44824.13,-14.75,-6610.11,175.0,False,2026-05,29050.85,26058.38,31188.32,0.84,,,안심시설수 2023-04-21; 유흥시설수 2026-06-17,24,13,,,좌표공간조인,"서울시 단란주점영업 인허가 정보, 서울시 안심귀갓길 안전시설물, 서울시 유흥주점영업 인허가 정보",20254,88,1240,2026-07-13,2026-07-13,2026-07-01,2.0,2.0,녹번,497.0,27.0,15.059,WGS84 좌표의 행정동 경계 포함 여부; 최근접 거리는 행정동 대표 중심점 기준 직선거리,서울특별시 T-DATA 지하철역 좌표정보; 서울 열린데이터광장 서울시 버스정류소 위치정보,True,True,True,True,True
1138057000,서울특별시,은평구,대조동,2025-12,2025-12,신뢰가능최신월,0,10741.57,25429.86,-57.76,-14688.29,20214.82,44824.13,-54.9,-24609.31,126.0,False,2026-05,54051.87,49750.68,57124.15,0.87,,,안심시설수 2023-04-21; 유흥시설수 2026-06-17,32,39,,,좌표공간조인,"서울시 단란주점영업 인허가 정보, 서울시 안심귀갓길 안전시설물, 서울시 유흥주점영업 인허가 정보",20254,93,2065,2026-07-13,2026-07-13,2026-07-01,4.0,3.0,구산,528.0,24.0,28.2,WGS84 좌표의 행정동 경계 포함 여부; 최근접 거리는 행정동 대표 중심점 기준 직선거리,서울특별시 T-DATA 지하철역 좌표정보; 서울 열린데이터광장 서울시 버스정류소 위치정보,True,True,True,True,True
1138052000,서울특별시,은평구,불광1동,2025-12,2025-12,신뢰가능최신월,0,14229.81,25429.86,-44.04,-11200.05,27596.27,44824.13,-38.43,-17227.86,122.5,False,2026-05,23552.36,20787.76,25527.07,0.81,,,안심시설수 2023-04-21; 유흥시설수 2026-06-17,28,24,,,좌표공간조인,"서울시 단란주점영업 인허가 정보, 서울시 안심귀갓길 안전시설물, 서울시 유흥주점영업 인허가 정보",20254,84,1151,2026-07-13,2026-07-13,2026-07-01,1.0,1.0,독바위,527.0,38.0,12.169,WGS84 좌표의 행정동 경계 포함 여부; 최근접 거리는 행정동 대표 중심점 기준 직선거리,서울특별시 T-DATA 지하철역 좌표정보; 서울 열린데이터광장 서울시 버스정류소 위치정보,True,True,True,True,True
1138053000,서울특별시,은평구,불광2동,2025-12,2025-12,신뢰가능최신월,0,14229.81,25429.86,-44.04,-11200.05,27596.27,44824.13,-38.43,-17227.86,122.5,False,2026-05,18353.26,15967.51,20057.37,0.8,,,안심시설수 2023-04-21; 유흥시설수 2026-06-17,0,5,,,좌표공간조인,"서울시 단란주점영업 인허가 정보, 서울시 안심귀갓길 안전시설물, 서울시 유흥주점영업 인허가 정보",20254,88,1010,2026-07-13,2026-07-13,2026-07-01,1.0,1.0,독바위,751.0,26.0,18.637,WGS84 좌표의 행정동 경계 포함 여부; 최근접 거리는 행정동 대표 중심점 기준 직선거리,서울특별시 T-DATA 지하철역 좌표정보; 서울 열린데이터광장 서울시 버스정류소 위치정보,True,True,True,True,True
1138065000,서울특별시,은평구,수색동,2025-12,2025-12,신뢰가능최신월,0,40112.32,25429.86,57.74,14682.46,61946.43,44824.13,38.2,17122.3,79.0,False,2026-05,14735.17,13207.64,15826.27,0.83,,,안심시설수 2023-04-21; 유흥시설수 2026-06-17,0,1,,,좌표공간조인,"서울시 단란주점영업 인허가 정보, 서울시 안심귀갓길 안전시설물, 서울시 유흥주점영업 인허가 정보",20254,75,451,2026-07-13,2026-07-13,2026-07-01,2.0,1.0,수색,535.0,19.0,14.74,WGS84 좌표의 행정동 경계 포함 여부; 최근접 거리는 행정동 대표 중심점 기준 직선거리,서울특별시 T-DATA 지하철역 좌표정보; 서울 열린데이터광장 서울시 버스정류소 위치정보,True,True,True,True,True
1138063100,서울특별시,은평구,신사1동,2025-12,2025-12,신뢰가능최신월,0,18590.72,25429.86,-26.89,-6839.14,33497.53,44824.13,-25.27,-11326.6,63.5,False,2026-05,19823.05,17016.23,21827.92,0.78,,,안심시설수 2023-04-21; 유흥시설수 2026-06-17,36,2,,,좌표공간조인,"서울시 단란주점영업 인허가 정보, 서울시 안심귀갓길 안전시설물, 서울시 유흥주점영업 인허가 정보",20254,83,897,2026-07-13,2026-07-13,2026-07-01,1.0,1.0,응암,627.0,24.0,29.713,WGS84 좌표의 행정동 경계 포함 여부; 최근접 거리는 행정동 대표 중심점 기준 직선거리,서울특별시 T-DATA 지하철역 좌표정보; 서울 열린데이터광장 서울시 버스정류소 위치정보,True,True,True,True,True
1138063200,서울특별시,은평구,신사2동,2025-12,2025-12,신뢰가능최신월,0,18590.72,25429.86,-26.89,-6839.14,33497.53,44824.13,-25.27,-11326.6,63.5,False,2026-05,13932.42,12136.32,15215.35,0.8,,,안심시설수 2023-04-21; 유흥시설수 2026-06-17,0,0,,,좌표공간조인,"서울시 단란주점영업 인허가 정보, 서울시 안심귀갓길 안전시설물, 서울시 유흥주점영업 인허가 정보",20254,72,518,2026-07-13,2026-07-13,2026-07-01,1.0,1.0,새절(신사),683.0,31.0,29.652,WGS84 좌표의 행정동 경계 포함 여부; 최근접 거리는 행정동 대표 중심점 기준 직선거리,서울특별시 T-DATA 지하철역 좌표정보; 서울 열린데이터광장 서울시 버스정류소 위치정보,True,True,True,True,True
1138062500,서울특별시,은평구,역촌동,2025-12,2025-12,신뢰가능최신월,0,9185.72,25429.86,-63.88,-16244.14,19585.71,44824.13,-56.31,-25238.42,75.0,False,2026-05,39873.09,35840.74,42753.33,0.84,,,안심시설수 2023-04-21; 유흥시설수 2026-06-17,65,6,,,좌표공간조인,"서울시 단란주점영업 인허가 정보, 서울시 안심귀갓길 안전시설물, 서울시 유흥주점영업 인허가 정보",20254,90,1785,2026-07-13,2026-07-13,2026-07-01,0.0,0.0,응암,667.0,50.0,43.227,WGS84 좌표의 행정동 경계 포함 여부; 최근접 거리는 행정동 대표 중심점 기준 직선거리,서울특별시 T-DATA 지하철역 좌표정보; 서울 열린데이터광장 서울시 버스정류소 위치정보,True,True,True,True,True
1138058000,서울특별시,은평구,응암1동,2025-12,2025-12,신뢰가능최신월,0,22240.39,25429.86,-12.54,-3189.47,44679.82,44824.13,-0.32,-144.31,97.0,False,2026-05,21549.44,19386.7,23094.25,0.84,,,안심시설수 2023-04-21; 유흥시설수 2026-06-17,7,13,,,좌표공간조인,"서울시 단란주점영업 인허가 정보, 서울시 안심귀갓길 안전시설물, 서울시 유흥주점영업 인허가 정보",20254,89,1326,2026-07-13,2026-07-13,2026-07-01,0.0,0.0,녹번,819.0,23.0,20.739,WGS84 좌표의 행정동 경계 포함 여부; 최근접 거리는 행정동 대표 중심점 기준 직선거리,서울특별시 T-DATA 지하철역 좌표정보; 서울 열린데이터광장 서울시 버스정류소 위치정보,True,True,True,True,True
1138059000,서울특별시,은평구,응암2동,2025-12,2025-12,신뢰가능최신월,0,22240.39,25429.86,-12.54,-3189.47,44679.82,44824.13,-0.32,-144.31,97.0,False,2026-05,17314.06,15198.44,18825.23,0.81,,,안심시설수 2023-04-21; 유흥시설수 2026-06-17,14,2,,,좌표공간조인,"서울시 단란주점영업 인허가 정보, 서울시 안심귀갓길 안전시설물, 서울시 유흥주점영업 인허가 정보",20254,77,597,2026-07-13,2026-07-13,2026-07-01,0.0,0.0,새절(신사),825.0,34.0,45.052,WGS84 좌표의 행정동 경계 포함 여부; 최근접 거리는 행정동 대표 중심점 기준 직선거리,서울특별시 T-DATA 지하철역 좌표정보; 서울 열린데이터광장 서울시 버스정류소 위치정보,True,True,True,True,True
1138060000,서울특별시,은평구,응암3동,2025-12,2025-12,신뢰가능최신월,0,22240.39,25429.86,-12.54,-3189.47,44679.82,44824.13,-0.32,-144.31,97.0,False,2026-05,21265.79,18624.49,23152.44,0.8,,,안심시설수 2023-04-21; 유흥시설수 2026-06-17,16,47,,,좌표공간조인,"서울시 단란주점영업 인허가 정보, 서울시 안심귀갓길 안전시설물, 서울시 유흥주점영업 인허가 정보",20254,88,1396,2026-07-13,2026-07-13,2026-07-01,0.0,0.0,새절(신사),425.0,25.0,33.235,WGS84 좌표의 행정동 경계 포함 여부; 최근접 거리는 행정동 대표 중심점 기준 직선거리,서울특별시 T-DATA 지하철역 좌표정보; 서울 열린데이터광장 서울시 버스정류소 위치정보,True,True,True,True,True
1138064000,서울특별시,은평구,증산동,2025-12,2025-12,신뢰가능최신월,0,32884.61,25429.86,29.31,7454.75,49966.67,44824.13,11.47,5142.54,36.0,False,2026-05,12637.88,11634.38,13354.67,0.87,,,안심시설수 2023-04-21; 유흥시설수 2026-06-17,0,0,,,좌표공간조인,"서울시 단란주점영업 인허가 정보, 서울시 안심귀갓길 안전시설물, 서울시 유흥주점영업 인허가 정보",20254,77,595,2026-07-13,2026-07-13,2026-07-01,1.0,1.0,증산(명지대앞),328.0,11.0,13.628,WGS84 좌표의 행정동 경계 포함 여부; 최근접 거리는 행정동 대표 중심점 기준 직선거리,서울특별시 T-DATA 지하철역 좌표정보; 서울 열린데이터광장 서울시 버스정류소 위치정보,True,True,True,True,True
1138069000,서울특별시,은평구,진관동,2025-12,2025-12,신뢰가능최신월,0,19500.8,25429.86,-23.32,-5929.06,43483.48,44824.13,-2.99,-1340.65,222.0,False,2026-05,55053.3,53449.72,56198.71,0.95,,,안심시설수 2023-04-21; 유흥시설수 2026-06-17,0,0,,,좌표공간조인,"서울시 단란주점영업 인허가 정보, 서울시 안심귀갓길 안전시설물, 서울시 유흥주점영업 인허가 정보",20254,93,1819,2026-07-13,2026-07-13,2026-07-01,1.0,1.0,구파발,1707.0,71.0,6.144,WGS84 좌표의 행정동 경계 포함 여부; 최근접 거리는 행정동 대표 중심점 기준 직선거리,서울특별시 T-DATA 지하철역 좌표정보; 서울 열린데이터광장 서울시 버스정류소 위치정보,True,True,True,True,True
1111060000,서울특별시,종로구,가회동,2025-12,2025-12,신뢰가능최신월,0,17000.0,25429.86,-33.15,-8429.86,29500.0,44824.13,-34.19,-15324.13,6.0,False,2026-05,5963.09,8564.45,4104.97,2.09,,,안심시설수 2023-04-21; 유흥시설수 2026-06-17,41,1,,,좌표공간조인,"서울시 단란주점영업 인허가 정보, 서울시 안심귀갓길 안전시설물, 서울시 유흥주점영업 인허가 정보",20254,71,610,2026-07-13,2026-07-13,2026-07-01,0.0,0.0,안국,677.0,21.0,38.918,WGS84 좌표의 행정동 경계 포함 여부; 최근접 거리는 행정동 대표 중심점 기준 직선거리,서울특별시 T-DATA 지하철역 좌표정보; 서울 열린데이터광장 서울시 버스정류소 위치정보,True,True,True,True,True
1111058000,서울특별시,종로구,교남동,2025-12,2025-12,신뢰가능최신월,0,49397.09,25429.86,94.25,23967.23,98680.07,44824.13,120.15,53855.94,76.0,False,2026-05,7248.76,7780.07,6869.25,1.13,,,안심시설수 2023-04-21; 유흥시설수 2026-06-17,58,2,,,좌표공간조인,"서울시 단란주점영업 인허가 정보, 서울시 안심귀갓길 안전시설물, 서울시 유흥주점영업 인허가 정보",20254,66,295,2026-07-13,2026-07-13,2026-07-01,0.0,0.0,서대문,628.0,22.0,63.461,WGS84 좌표의 행정동 경계 포함 여부; 최근접 거리는 행정동 대표 중심점 기준 직선거리,서울특별시 T-DATA 지하철역 좌표정보; 서울 열린데이터광장 서울시 버스정류소 위치정보,True,True,True,True,True
1111057000,서울특별시,종로구,무악동,2025-12,2025-12,신뢰가능최신월,0,53594.74,25429.86,110.76,28164.88,75108.33,44824.13,67.56,30284.2,19.0,False,2026-05,6197.2,5709.69,6545.43,0.87,,,안심시설수 2023-04-21; 유흥시설수 2026-06-17,3,0,,,좌표공간조인,"서울시 단란주점영업 인허가 정보, 서울시 안심귀갓길 안전시설물, 서울시 유흥주점영업 인허가 정보",20254,57,167,2026-07-13,2026-07-13,2026-07-01,0.0,0.0,독립문,291.0,4.0,10.833,WGS84 좌표의 행정동 경계 포함 여부; 최근접 거리는 행정동 대표 중심점 기준 직선거리,서울특별시 T-DATA 지하철역 좌표정보; 서울 열린데이터광장 서울시 버스정류소 위치정보,True,True,True,True,True
1111055000,서울특별시,종로구,부암동,2025-12,2025-12,신뢰가능최신월,0,19741.18,25429.86,-22.37,-5688.68,47800.0,44824.13,6.64,2975.87,17.0,False,2026-05,11338.52,11758.31,11038.68,1.07,,,안심시설수 2023-04-21; 유흥시설수 2026-06-17,30,0,,,좌표공간조인,"서울시 단란주점영업 인허가 정보, 서울시 안심귀갓길 안전시설물, 서울시 유흥주점영업 인허가 정보",20254,78,435,2026-07-13,2026-07-13,2026-07-01,0.0,0.0,홍제,1956.0,34.0,14.956,WGS84 좌표의 행정동 경계 포함 여부; 최근접 거리는 행정동 대표 중심점 기준 직선거리,서울특별시 T-DATA 지하철역 좌표정보; 서울 열린데이터광장 서울시 버스정류소 위치정보,True,True,True,True,True
1111053000,서울특별시,종로구,사직동,2025-12,2025-12,신뢰가능최신월,0,29233.33,25429.86,14.96,3803.47,88033.33,44824.13,96.4,43209.2,33.0,False,2026-05,23617.04,35281.73,15285.11,2.31,,,안심시설수 2023-04-21; 유흥시설수 2026-06-17,18,12,,,좌표공간조인,"서울시 단란주점영업 인허가 정보, 서울시 안심귀갓길 안전시설물, 서울시 유흥주점영업 인허가 정보",20254,92,2655,2026-07-13,2026-07-13,2026-07-01,2.0,2.0,경복궁(정부서울청사),348.0,33.0,28.506,WGS84 좌표의 행정동 경계 포함 여부; 최근접 거리는 행정동 대표 중심점 기준 직선거리,서울특별시 T-DATA 지하철역 좌표정보; 서울 열린데이터광장 서울시 버스정류소 위치정보,True,True,True,True,True
1111054000,서울특별시,종로구,삼청동,2025-11,2025-12,신뢰가능최신월,1,10800.0,25741.47,-58.04,-14941.47,26000.0,45936.42,-43.4,-19936.42,5.0,False,2026-05,7175.33,10323.1,4926.92,2.1,,,안심시설수 2023-04-21; 유흥시설수 2026-06-17,0,0,,,좌표공간조인,"서울시 단란주점영업 인허가 정보, 서울시 안심귀갓길 안전시설물, 서울시 유흥주점영업 인허가 정보",20254,68,714,2026-07-13,2026-07-13,2026-07-01,0.0,0.0,안국,1371.0,17.0,11.508,WGS84 좌표의 행정동 경계 포함 여부; 최근접 거리는 행정동 대표 중심점 기준 직선거리,서울특별시 T-DATA 지하철역 좌표정보; 서울 열린데이터광장 서울시 버스정류소 위치정보,True,True,True,True,True
1111070000,서울특별시,종로구,숭인1동,2025-12,2025-12,신뢰가능최신월,0,10820.71,25429.86,-57.45,-14609.15,30081.88,44824.13,-32.89,-14742.25,63.0,False,2026-05,8254.54,8303.97,8219.23,1.01,,,안심시설수 2023-04-21; 유흥시설수 2026-06-17,15,0,,,좌표공간조인,"서울시 단란주점영업 인허가 정보, 서울시 안심귀갓길 안전시설물, 서울시 유흥주점영업 인허가 정보",20254,65,259,2026-07-13,2026-07-13,2026-07-01,1.0,1.0,창신,311.0,12.0,50.164,WGS84 좌표의 행정동 경계 포함 여부; 최근접 거리는 행정동 대표 중심점 기준 직선거리,서울특별시 T-DATA 지하철역 좌표정보; 서울 열린데이터광장 서울시 버스정류소 위치정보,True,True,True,True,True
1111071000,서울특별시,종로구,숭인2동,2025-12,2025-12,신뢰가능최신월,0,10820.71,25429.86,-57.45,-14609.15,30081.88,44824.13,-32.89,-14742.25,63.0,False,2026-05,12095.7,13922.34,10790.96,1.29,,,안심시설수 2023-04-21; 유흥시설수 2026-06-17,14,16,,,좌표공간조인,"서울시 단란주점영업 인허가 정보, 서울시 안심귀갓길 안전시설물, 서울시 유흥주점영업 인허가 정보",20254,82,831,2026-07-13,2026-07-13,2026-07-01,0.0,0.0,신설동,312.0,8.0,22.751,WGS84 좌표의 행정동 경계 포함 여부; 최근접 거리는 행정동 대표 중심점 기준 직선거리,서울특별시 T-DATA 지하철역 좌표정보; 서울 열린데이터광장 서울시 버스정류소 위치정보,True,True,True,True,True
1111064000,서울특별시,종로구,이화동,2025-12,2025-12,신뢰가능최신월,0,4392.59,25429.86,-82.73,-21037.27,8250.0,44824.13,-81.59,-36574.13,27.0,False,2026-05,35474.74,47181.37,27112.87,1.74,,,안심시설수 2023-04-21; 유흥시설수 2026-06-17,16,0,,,좌표공간조인,"서울시 단란주점영업 인허가 정보, 서울시 안심귀갓길 안전시설물, 서울시 유흥주점영업 인허가 정보",20254,81,675,2026-07-13,2026-07-13,2026-07-01,1.0,1.0,혜화,308.0,20.0,25.582,WGS84 좌표의 행정동 경계 포함 여부; 최근접 거리는 행정동 대표 중심점 기준 직선거리,서울특별시 T-DATA 지하철역 좌표정보; 서울 열린데이터광장 서울시 버스정류소 위치정보,True,True,True,True,True
1111061500,서울특별시,종로구,종로1·2·3·4가동,2025-12,2025-12,신뢰가능최신월,0,4316.67,25429.86,-83.03,-21113.19,31260.0,44824.13,-30.26,-13564.13,54.0,False,2026-05,62174.58,95483.37,38382.59,2.49,,,안심시설수 2023-04-21; 유흥시설수 2026-06-17,0,127,,,좌표공간조인,"서울시 단란주점영업 인허가 정보, 서울시 안심귀갓길 안전시설물, 서울시 유흥주점영업 인허가 정보",20254,95,9877,2026-07-13,2026-07-13,2026-07-01,5.0,3.0,종로3가,296.0,68.0,28.166,WGS84 좌표의 행정동 경계 포함 여부; 최근접 거리는 행정동 대표 중심점 기준 직선거리,서울특별시 T-DATA 지하철역 좌표정보; 서울 열린데이터광장 서울시 버스정류소 위치정보,True,True,True,True,True
1111063000,서울특별시,종로구,종로5·6가동,2025-12,2025-12,신뢰가능최신월,0,13652.72,25429.86,-46.31,-11777.14,42437.5,44824.13,-5.32,-2386.63,36.0,False,2026-05,14239.19,19859.77,10224.5,1.94,,,안심시설수 2023-04-21; 유흥시설수 2026-06-17,0,80,,,좌표공간조인,"서울시 단란주점영업 인허가 정보, 서울시 안심귀갓길 안전시설물, 서울시 유흥주점영업 인허가 정보",20254,83,1873,2026-07-13,2026-07-13,2026-07-01,2.0,2.0,종로5가,311.0,18.0,29.865,WGS84 좌표의 행정동 경계 포함 여부; 최근접 거리는 행정동 대표 중심점 기준 직선거리,서울특별시 T-DATA 지하철역 좌표정보; 서울 열린데이터광장 서울시 버스정류소 위치정보,True,True,True,True,True
1111067000,서울특별시,종로구,창신1동,2025-12,2026-01,신뢰가능최신월,1,18768.42,25429.86,-26.2,-6661.44,28849.43,44824.13,-35.64,-15974.7,13.33,False,2026-05,8387.91,9555.35,7554.03,1.26,,,안심시설수 2023-04-21; 유흥시설수 2026-06-17,29,19,,,좌표공간조인,"서울시 단란주점영업 인허가 정보, 서울시 안심귀갓길 안전시설물, 서울시 유흥주점영업 인허가 정보",20254,78,1538,2026-07-13,2026-07-13,2026-07-01,2.0,2.0,동묘앞,164.0,8.0,26.237,WGS84 좌표의 행정동 경계 포함 여부; 최근접 거리는 행정동 대표 중심점 기준 직선거리,서울특별시 T-DATA 지하철역 좌표정보; 서울 열린데이터광장 서울시 버스정류소 위치정보,True,True,True,True,True
1111068000,서울특별시,종로구,창신2동,2025-12,2026-01,신뢰가능최신월,1,18768.42,25429.86,-26.2,-6661.44,28849.43,44824.13,-35.64,-15974.7,13.33,False,2026-05,6832.28,6120.77,7340.49,0.83,,,안심시설수 2023-04-21; 유흥시설수 2026-06-17,59,1,,,좌표공간조인,"서울시 단란주점영업 인허가 정보, 서울시 안심귀갓길 안전시설물, 서울시 유흥주점영업 인허가 정보",20254,61,346,2026-07-13,2026-07-13,2026-07-01,0.0,0.0,동대문,486.0,1.0,3.886,WGS84 좌표의 행정동 경계 포함 여부; 최근접 거리는 행정동 대표 중심점 기준 직선거리,서울특별시 T-DATA 지하철역 좌표정보; 서울 열린데이터광장 서울시 버스정류소 위치정보,True,True,True,True,True
1111069000,서울특별시,종로구,창신3동,2025-12,2026-01,신뢰가능최신월,1,18768.42,25429.86,-26.2,-6661.44,28849.43,44824.13,-35.64,-15974.7,13.33,False,2026-05,4816.64,3601.31,5684.74,0.63,,,안심시설수 2023-04-21; 유흥시설수 2026-06-17,19,0,,,좌표공간조인,"서울시 단란주점영업 인허가 정보, 서울시 안심귀갓길 안전시설물, 서울시 유흥주점영업 인허가 정보",20254,48,158,2026-07-13,2026-07-13,2026-07-01,1.0,1.0,창신,195.0,6.0,27.692,WGS84 좌표의 행정동 경계 포함 여부; 최근접 거리는 행정동 대표 중심점 기준 직선거리,서울특별시 T-DATA 지하철역 좌표정보; 서울 열린데이터광장 서울시 버스정류소 위치정보,True,True,True,True,True
1111051500,서울특별시,종로구,청운효자동,2025-12,2025-12,신뢰가능최신월,0,20133.12,25429.86,-20.83,-5296.74,32518.0,44824.13,-27.45,-12306.13,33.0,False,2026-05,17792.93,21573.8,15092.3,1.43,,,안심시설수 2023-04-21; 유흥시설수 2026-06-17,33,0,,,좌표공간조인,"서울시 단란주점영업 인허가 정보, 서울시 안심귀갓길 안전시설물, 서울시 유흥주점영업 인허가 정보",20254,77,917,2026-07-13,2026-07-13,2026-07-01,0.0,0.0,경복궁(정부서울청사),1012.0,29.0,11.29,WGS84 좌표의 행정동 경계 포함 여부; 최근접 거리는 행정동 대표 중심점 기준 직선거리,서울특별시 T-DATA 지하철역 좌표정보; 서울 열린데이터광장 서울시 버스정류소 위치정보,True,True,True,True,True
1111056000,서울특별시,종로구,평창동,2025-12,2025-12,신뢰가능최신월,0,25678.57,25429.86,0.98,248.71,33750.0,44824.13,-24.71,-11074.13,14.0,False,2026-05,18571.9,17195.46,19555.07,0.88,,,안심시설수 2023-04-21; 유흥시설수 2026-06-17,27,4,,,좌표공간조인,"서울시 단란주점영업 인허가 정보, 서울시 안심귀갓길 안전시설물, 서울시 유흥주점영업 인허가 정보",20254,82,635,2026-07-13,2026-07-13,2026-07-01,0.0,0.0,독바위,3112.0,54.0,6.04,WGS84 좌표의 행정동 경계 포함 여부; 최근접 거리는 행정동 대표 중심점 기준 직선거리,서울특별시 T-DATA 지하철역 좌표정보; 서울 열린데이터광장 서울시 버스정류소 위치정보,True,True,True,True,True
1111065000,서울특별시,종로구,혜화동,2025-12,2025-12,신뢰가능최신월,0,7408.78,25429.86,-70.87,-18021.08,24950.0,44824.13,-44.34,-19874.13,131.0,False,2026-05,32925.09,36282.89,30526.66,1.19,,,안심시설수 2023-04-21; 유흥시설수 2026-06-17,100,0,,,좌표공간조인,"서울시 단란주점영업 인허가 정보, 서울시 안심귀갓길 안전시설물, 서울시 유흥주점영업 인허가 정보",20254,85,1331,2026-07-13,2026-07-13,2026-07-01,0.0,0.0,혜화,690.0,38.0,33.578,WGS84 좌표의 행정동 경계 포함 여부; 최근접 거리는 행정동 대표 중심점 기준 직선거리,서울특별시 T-DATA 지하철역 좌표정보; 서울 열린데이터광장 서울시 버스정류소 위치정보,True,True,True,True,True
1114059000,서울특별시,중구,광희동,2025-12,2025-12,신뢰가능최신월,0,14810.7,25429.86,-41.76,-10619.16,30964.17,44824.13,-30.92,-13859.96,39.5,False,2026-05,23325.89,32043.85,17098.77,1.87,,,안심시설수 2023-04-21; 유흥시설수 2026-06-17,0,59,,,좌표공간조인,"서울시 단란주점영업 인허가 정보, 서울시 안심귀갓길 안전시설물, 서울시 유흥주점영업 인허가 정보",20254,93,4885,2026-07-13,2026-07-13,2026-07-01,3.0,3.0,동대문역사문화공원,151.0,24.0,32.58,WGS84 좌표의 행정동 경계 포함 여부; 최근접 거리는 행정동 대표 중심점 기준 직선거리,서울특별시 T-DATA 지하철역 좌표정보; 서울 열린데이터광장 서울시 버스정류소 위치정보,True,True,True,True,True
1114062500,서울특별시,중구,다산동,2025-12,2025-12,신뢰가능최신월,0,23314.58,25429.86,-8.32,-2115.28,44377.32,44824.13,-1.0,-446.81,19.09,False,2026-05,13634.37,14237.89,13203.29,1.08,,,안심시설수 2023-04-21; 유흥시설수 2026-06-17,0,2,,,좌표공간조인,"서울시 단란주점영업 인허가 정보, 서울시 안심귀갓길 안전시설물, 서울시 유흥주점영업 인허가 정보",20254,84,809,2026-07-13,2026-07-13,2026-07-01,2.0,2.0,약수,192.0,8.0,15.276,WGS84 좌표의 행정동 경계 포함 여부; 최근접 거리는 행정동 대표 중심점 기준 직선거리,서울특별시 T-DATA 지하철역 좌표정보; 서울 열린데이터광장 서울시 버스정류소 위치정보,True,True,True,True,True
1114066500,서울특별시,중구,동화동,2025-12,2025-12,신뢰가능최신월,0,23314.58,25429.86,-8.32,-2115.28,44377.32,44824.13,-1.0,-446.81,19.09,False,2026-05,11940.37,11718.83,12098.62,0.97,,,안심시설수 2023-04-21; 유흥시설수 2026-06-17,29,2,,,좌표공간조인,"서울시 단란주점영업 인허가 정보, 서울시 안심귀갓길 안전시설물, 서울시 유흥주점영업 인허가 정보",20254,78,531,2026-07-13,2026-07-13,2026-07-01,0.0,0.0,청구,412.0,4.0,12.24,WGS84 좌표의 행정동 경계 포함 여부; 최근접 거리는 행정동 대표 중심점 기준 직선거리,서울특별시 T-DATA 지하철역 좌표정보; 서울 열린데이터광장 서울시 버스정류소 위치정보,True,True,True,True,True
1114055000,서울특별시,중구,명동,2025-12,2025-12,신뢰가능최신월,0,11921.43,25429.86,-53.12,-13508.43,39110.0,44824.13,-12.75,-5714.13,21.0,False,2026-05,38080.27,63384.9,20005.54,3.17,,,안심시설수 2023-04-21; 유흥시설수 2026-06-17,51,23,,,좌표공간조인,"서울시 단란주점영업 인허가 정보, 서울시 안심귀갓길 안전시설물, 서울시 유흥주점영업 인허가 정보",20254,90,4294,2026-07-13,2026-07-13,2026-07-01,1.0,1.0,을지로입구,273.0,30.0,30.964,WGS84 좌표의 행정동 경계 포함 여부; 최근접 거리는 행정동 대표 중심점 기준 직선거리,서울특별시 T-DATA 지하철역 좌표정보; 서울 열린데이터광장 서울시 버스정류소 위치정보,True,True,True,True,True
1114052000,서울특별시,중구,소공동,2025-12,2025-12,신뢰가능최신월,0,29785.71,25429.86,17.13,4355.85,56200.0,44824.13,25.38,11375.87,7.0,False,2026-05,23696.0,41752.32,10798.63,3.87,,,안심시설수 2023-04-21; 유흥시설수 2026-06-17,0,27,,,좌표공간조인,"서울시 단란주점영업 인허가 정보, 서울시 안심귀갓길 안전시설물, 서울시 유흥주점영업 인허가 정보",20254,86,2681,2026-07-13,2026-07-13,2026-07-01,3.0,2.0,시청,118.0,40.0,42.414,WGS84 좌표의 행정동 경계 포함 여부; 최근접 거리는 행정동 대표 중심점 기준 직선거리,서울특별시 T-DATA 지하철역 좌표정보; 서울 열린데이터광장 서울시 버스정류소 위치정보,True,True,True,True,True
1114061000,서울특별시,중구,신당1동,2025-12,2025-12,신뢰가능최신월,0,20149.64,25429.86,-20.76,-5280.22,44185.61,44824.13,-1.42,-638.52,28.59,False,,,,,,,,안심시설수 2023-04-21; 유흥시설수 2026-06-17,0,0,,,좌표공간조인,"서울시 단란주점영업 인허가 정보, 서울시 안심귀갓길 안전시설물, 서울시 유흥주점영업 인허가 정보",20254,0,0,,,,,,,,,,,,True,False,True,True,False
1114062000,서울특별시,중구,신당2동,2025-12,2025-12,신뢰가능최신월,0,23314.58,25429.86,-8.32,-2115.28,44377.32,44824.13,-1.0,-446.81,19.09,False,,,,,,,,안심시설수 2023-04-21; 유흥시설수 2026-06-17,0,0,,,좌표공간조인,"서울시 단란주점영업 인허가 정보, 서울시 안심귀갓길 안전시설물, 서울시 유흥주점영업 인허가 정보",20254,0,0,,,,,,,,,,,,True,False,True,True,False
1114063000,서울특별시,중구,신당3동,2025-12,2025-12,신뢰가능최신월,0,23314.58,25429.86,-8.32,-2115.28,44377.32,44824.13,-1.0,-446.81,19.09,False,,,,,,,,안심시설수 2023-04-21; 유흥시설수 2026-06-17,0,0,,,좌표공간조인,"서울시 단란주점영업 인허가 정보, 서울시 안심귀갓길 안전시설물, 서울시 유흥주점영업 인허가 정보",20254,0,0,,,,,,,,,,,,True,False,True,True,False
1114064000,서울특별시,중구,신당4동,2025-12,2025-12,신뢰가능최신월,0,23314.58,25429.86,-8.32,-2115.28,44377.32,44824.13,-1.0,-446.81,19.09,False,,,,,,,,안심시설수 2023-04-21; 유흥시설수 2026-06-17,0,0,,,좌표공간조인,"서울시 단란주점영업 인허가 정보, 서울시 안심귀갓길 안전시설물, 서울시 유흥주점영업 인허가 정보",20254,0,0,,,,,,,,,,,,True,False,True,True,False
1114065000,서울특별시,중구,신당5동,2025-12,2025-12,신뢰가능최신월,0,23314.58,25429.86,-8.32,-2115.28,44377.32,44824.13,-1.0,-446.81,19.09,False,2026-05,6572.16,6663.46,6506.96,1.02,,,안심시설수 2023-04-21; 유흥시설수 2026-06-17,50,11,,,좌표공간조인,"서울시 단란주점영업 인허가 정보, 서울시 안심귀갓길 안전시설물, 서울시 유흥주점영업 인허가 정보",20254,83,720,2026-07-13,2026-07-13,2026-07-01,1.0,1.0,신당,298.0,8.0,25.051,WGS84 좌표의 행정동 경계 포함 여부; 최근접 거리는 행정동 대표 중심점 기준 직선거리,서울특별시 T-DATA 지하철역 좌표정보; 서울 열린데이터광장 서울시 버스정류소 위치정보,True,True,True,True,True
1114066000,서울특별시,중구,신당6동,2025-12,2025-12,신뢰가능최신월,0,23314.58,25429.86,-8.32,-2115.28,44377.32,44824.13,-1.0,-446.81,19.09,False,,,,,,,,안심시설수 2023-04-21; 유흥시설수 2026-06-17,0,0,,,좌표공간조인,"서울시 단란주점영업 인허가 정보, 서울시 안심귀갓길 안전시설물, 서울시 유흥주점영업 인허가 정보",20254,0,0,,,,,,,,,,,,True,False,True,True,False
1114061500,서울특별시,중구,신당동,2025-12,2025-12,신뢰가능최신월,0,20149.64,25429.86,-20.76,-5280.22,44185.61,44824.13,-1.42,-638.52,28.59,False,2026-05,20010.37,21623.34,18858.24,1.15,,,안심시설수 2023-04-21; 유흥시설수 2026-06-17,38,10,,,좌표공간조인,"서울시 단란주점영업 인허가 정보, 서울시 안심귀갓길 안전시설물, 서울시 유흥주점영업 인허가 정보",20254,88,9992,2026-07-13,2026-07-13,2026-07-01,2.0,1.0,신당,222.0,8.0,14.966,WGS84 좌표의 행정동 경계 포함 여부; 최근접 거리는 행정동 대표 중심점 기준 직선거리,서울특별시 T-DATA 지하철역 좌표정보; 서울 열린데이터광장 서울시 버스정류소 위치정보,True,True,True,True,True
1114063500,서울특별시,중구,약수동,2025-12,2025-12,신뢰가능최신월,0,23314.58,25429.86,-8.32,-2115.28,44377.32,44824.13,-1.0,-446.81,19.09,False,2026-05,13256.97,12173.98,14030.53,0.87,,,안심시설수 2023-04-21; 유흥시설수 2026-06-17,0,0,,,좌표공간조인,"서울시 단란주점영업 인허가 정보, 서울시 안심귀갓길 안전시설물, 서울시 유흥주점영업 인허가 정보",20254,79,632,2026-07-13,2026-07-13,2026-07-01,2.0,1.0,버티고개,371.0,12.0,24.698,WGS84 좌표의 행정동 경계 포함 여부; 최근접 거리는 행정동 대표 중심점 기준 직선거리,서울특별시 T-DATA 지하철역 좌표정보; 서울 열린데이터광장 서울시 버스정류소 위치정보,True,True,True,True,True
1114060500,서울특별시,중구,을지로동,2025-12,2025-12,신뢰가능최신월,0,26715.22,25429.86,5.05,1285.36,57811.11,44824.13,28.97,12986.98,23.0,False,2026-05,16048.01,24109.12,10290.08,2.34,,,안심시설수 2023-04-21; 유흥시설수 2026-06-17,0,46,,,좌표공간조인,"서울시 단란주점영업 인허가 정보, 서울시 안심귀갓길 안전시설물, 서울시 유흥주점영업 인허가 정보",20254,91,2850,2026-07-13,2026-07-13,2026-07-01,4.0,3.0,을지로4가,111.0,17.0,27.815,WGS84 좌표의 행정동 경계 포함 여부; 최근접 거리는 행정동 대표 중심점 기준 직선거리,서울특별시 T-DATA 지하철역 좌표정보; 서울 열린데이터광장 서울시 버스정류소 위치정보,True,True,True,True,True
1114058000,서울특별시,중구,장충동,2025-12,2025-12,신뢰가능최신월,0,7695.74,25429.86,-69.74,-17734.12,25295.71,44824.13,-43.57,-19528.42,30.5,False,2026-05,11700.07,15763.42,8797.67,1.79,,,안심시설수 2023-04-21; 유흥시설수 2026-06-17,38,2,,,좌표공간조인,"서울시 단란주점영업 인허가 정보, 서울시 안심귀갓길 안전시설물, 서울시 유흥주점영업 인허가 정보",20254,68,495,2026-07-13,2026-07-13,2026-07-01,1.0,1.0,동대입구,492.0,13.0,12.782,WGS84 좌표의 행정동 경계 포함 여부; 최근접 거리는 행정동 대표 중심점 기준 직선거리,서울특별시 T-DATA 지하철역 좌표정보; 서울 열린데이터광장 서울시 버스정류소 위치정보,True,True,True,True,True
1114068000,서울특별시,중구,중림동,2025-12,2025-12,신뢰가능최신월,0,41619.12,25429.86,63.66,16189.26,65764.63,44824.13,46.72,20940.5,77.0,False,2026-05,7825.93,9196.31,6847.08,1.34,,,안심시설수 2023-04-21; 유흥시설수 2026-06-17,77,6,,,좌표공간조인,"서울시 단란주점영업 인허가 정보, 서울시 안심귀갓길 안전시설물, 서울시 유흥주점영업 인허가 정보",20254,79,626,2026-07-13,2026-07-13,2026-07-01,0.0,0.0,충정로(경기대입구),300.0,9.0,18.598,WGS84 좌표의 행정동 경계 포함 여부; 최근접 거리는 행정동 대표 중심점 기준 직선거리,서울특별시 T-DATA 지하철역 좌표정보; 서울 열린데이터광장 서울시 버스정류소 위치정보,True,True,True,True,True
1114064500,서울특별시,중구,청구동,2025-12,2025-12,신뢰가능최신월,0,23314.58,25429.86,-8.32,-2115.28,44377.32,44824.13,-1.0,-446.81,19.09,False,2026-05,9133.28,7773.91,10104.26,0.77,,,안심시설수 2023-04-21; 유흥시설수 2026-06-17,57,2,,,좌표공간조인,"서울시 단란주점영업 인허가 정보, 서울시 안심귀갓길 안전시설물, 서울시 유흥주점영업 인허가 정보",20254,76,437,2026-07-13,2026-07-13,2026-07-01,0.0,0.0,청구,401.0,5.0,14.607,WGS84 좌표의 행정동 경계 포함 여부; 최근접 거리는 행정동 대표 중심점 기준 직선거리,서울특별시 T-DATA 지하철역 좌표정보; 서울 열린데이터광장 서울시 버스정류소 위치정보,True,True,True,True,True
1114057000,서울특별시,중구,필동,2025-12,2025-12,신뢰가능최신월,0,11719.78,25429.86,-53.91,-13710.08,40026.07,44824.13,-10.7,-4798.06,34.5,False,2026-05,14332.37,20476.53,9943.68,2.06,,,안심시설수 2023-04-21; 유흥시설수 2026-06-17,44,30,,,좌표공간조인,"서울시 단란주점영업 인허가 정보, 서울시 안심귀갓길 안전시설물, 서울시 유흥주점영업 인허가 정보",20254,90,1160,2026-07-13,2026-07-13,2026-07-01,2.0,2.0,충무로,482.0,10.0,6.833,WGS84 좌표의 행정동 경계 포함 여부; 최근접 거리는 행정동 대표 중심점 기준 직선거리,서울특별시 T-DATA 지하철역 좌표정보; 서울 열린데이터광장 서울시 버스정류소 위치정보,True,True,True,True,True
1114067000,서울특별시,중구,황학동,2025-12,2025-12,신뢰가능최신월,0,20945.39,25429.86,-17.63,-4484.47,32320.8,44824.13,-27.89,-12503.33,96.0,False,2026-05,12165.74,11445.22,12680.4,0.9,,,안심시설수 2023-04-21; 유흥시설수 2026-06-17,8,19,,,좌표공간조인,"서울시 단란주점영업 인허가 정보, 서울시 안심귀갓길 안전시설물, 서울시 유흥주점영업 인허가 정보",20254,85,1305,2026-07-13,2026-07-13,2026-07-01,0.0,0.0,신당,339.0,7.0,21.316,WGS84 좌표의 행정동 경계 포함 여부; 최근접 거리는 행정동 대표 중심점 기준 직선거리,서울특별시 T-DATA 지하철역 좌표정보; 서울 열린데이터광장 서울시 버스정류소 위치정보,True,True,True,True,True
1114054000,서울특별시,중구,회현동,2025-12,2025-12,신뢰가능최신월,0,49286.96,25429.86,93.82,23857.1,93100.0,44824.13,107.7,48275.87,11.5,False,2026-05,26799.06,46146.26,12979.62,3.56,,,안심시설수 2023-04-21; 유흥시설수 2026-06-17,0,12,,,좌표공간조인,"서울시 단란주점영업 인허가 정보, 서울시 안심귀갓길 안전시설물, 서울시 유흥주점영업 인허가 정보",20254,85,4752,2026-07-13,2026-07-13,2026-07-01,5.0,5.0,회현(남대문시장),202.0,33.0,36.783,WGS84 좌표의 행정동 경계 포함 여부; 최근접 거리는 행정동 대표 중심점 기준 직선거리,서울특별시 T-DATA 지하철역 좌표정보; 서울 열린데이터광장 서울시 버스정류소 위치정보,True,True,True,True,True
1126066000,서울특별시,중랑구,망우3동,2025-12,2026-01,신뢰가능최신월,1,16284.38,25429.86,-35.96,-9145.48,29813.2,44824.13,-33.49,-15010.93,84.5,False,2026-05,9350.88,7788.42,10466.93,0.74,,,안심시설수 2023-04-21; 유흥시설수 2026-06-17,0,2,,,좌표공간조인,"서울시 단란주점영업 인허가 정보, 서울시 안심귀갓길 안전시설물, 서울시 유흥주점영업 인허가 정보",20254,75,500,2026-07-13,2026-07-13,2026-07-01,0.0,0.0,망우,1285.0,11.0,11.437,WGS84 좌표의 행정동 경계 포함 여부; 최근접 거리는 행정동 대표 중심점 기준 직선거리,서울특별시 T-DATA 지하철역 좌표정보; 서울 열린데이터광장 서울시 버스정류소 위치정보,True,True,True,True,True
1126065500,서울특별시,중랑구,망우본동,2025-12,2026-01,신뢰가능최신월,1,16284.38,25429.86,-35.96,-9145.48,29813.2,44824.13,-33.49,-15010.93,84.5,False,2026-05,39308.69,38572.97,39834.2,0.97,,,안심시설수 2023-04-21; 유흥시설수 2026-06-17,69,17,,,좌표공간조인,"서울시 단란주점영업 인허가 정보, 서울시 안심귀갓길 안전시설물, 서울시 유흥주점영업 인허가 정보",20254,92,1911,2026-07-13,2026-07-13,2026-07-01,3.0,3.0,양원,496.0,56.0,18.996,WGS84 좌표의 행정동 경계 포함 여부; 최근접 거리는 행정동 대표 중심점 기준 직선거리,서울특별시 T-DATA 지하철역 좌표정보; 서울 열린데이터광장 서울시 버스정류소 위치정보,True,True,True,True,True
1126052000,서울특별시,중랑구,면목2동,2025-12,2025-12,신뢰가능최신월,0,13868.36,25429.86,-45.46,-11561.5,26519.35,44824.13,-40.84,-18304.78,66.5,False,2026-05,19108.29,16644.42,20868.19,0.8,,,안심시설수 2023-04-21; 유흥시설수 2026-06-17,30,2,,,좌표공간조인,"서울시 단란주점영업 인허가 정보, 서울시 안심귀갓길 안전시설물, 서울시 유흥주점영업 인허가 정보",20254,86,1063,2026-07-13,2026-07-13,2026-07-01,0.0,0.0,중랑,643.0,23.0,30.162,WGS84 좌표의 행정동 경계 포함 여부; 최근접 거리는 행정동 대표 중심점 기준 직선거리,서울특별시 T-DATA 지하철역 좌표정보; 서울 열린데이터광장 서울시 버스정류소 위치정보,True,True,True,True,True
1126057500,서울특별시,중랑구,면목3·8동,2025-12,2025-12,신뢰가능최신월,0,13868.36,25429.86,-45.46,-11561.5,26519.35,44824.13,-40.84,-18304.78,66.5,False,2026-05,20053.62,19141.06,20705.45,0.92,,,안심시설수 2023-04-21; 유흥시설수 2026-06-17,92,8,,,좌표공간조인,"서울시 단란주점영업 인허가 정보, 서울시 안심귀갓길 안전시설물, 서울시 유흥주점영업 인허가 정보",20254,90,1288,2026-07-13,2026-07-13,2026-07-01,1.0,1.0,사가정,958.0,30.0,18.593,WGS84 좌표의 행정동 경계 포함 여부; 최근접 거리는 행정동 대표 중심점 기준 직선거리,서울특별시 T-DATA 지하철역 좌표정보; 서울 열린데이터광장 서울시 버스정류소 위치정보,True,True,True,True,True
1126054000,서울특별시,중랑구,면목4동,2025-12,2025-12,신뢰가능최신월,0,13868.36,25429.86,-45.46,-11561.5,26519.35,44824.13,-40.84,-18304.78,66.5,False,2026-05,14737.35,13169.67,15857.12,0.83,,,안심시설수 2023-04-21; 유흥시설수 2026-06-17,13,1,,,좌표공간조인,"서울시 단란주점영업 인허가 정보, 서울시 안심귀갓길 안전시설물, 서울시 유흥주점영업 인허가 정보",20254,72,525,2026-07-13,2026-07-13,2026-07-01,1.0,1.0,용마산,120.0,13.0,15.424,WGS84 좌표의 행정동 경계 포함 여부; 최근접 거리는 행정동 대표 중심점 기준 직선거리,서울특별시 T-DATA 지하철역 좌표정보; 서울 열린데이터광장 서울시 버스정류소 위치정보,True,True,True,True,True
1126055000,서울특별시,중랑구,면목5동,2025-12,2025-12,신뢰가능최신월,0,13868.36,25429.86,-45.46,-11561.5,26519.35,44824.13,-40.84,-18304.78,66.5,False,2026-05,11202.45,10025.83,12042.9,0.83,,,안심시설수 2023-04-21; 유흥시설수 2026-06-17,38,1,,,좌표공간조인,"서울시 단란주점영업 인허가 정보, 서울시 안심귀갓길 안전시설물, 서울시 유흥주점영업 인허가 정보",20254,77,437,2026-07-13,2026-07-13,2026-07-01,0.0,0.0,사가정,866.0,11.0,15.616,WGS84 좌표의 행정동 경계 포함 여부; 최근접 거리는 행정동 대표 중심점 기준 직선거리,서울특별시 T-DATA 지하철역 좌표정보; 서울 열린데이터광장 서울시 버스정류소 위치정보,True,True,True,True,True
1126057000,서울특별시,중랑구,면목7동,2025-12,2025-12,신뢰가능최신월,0,13868.36,25429.86,-45.46,-11561.5,26519.35,44824.13,-40.84,-18304.78,66.5,False,2026-05,14748.63,12764.09,16166.16,0.79,,,안심시설수 2023-04-21; 유흥시설수 2026-06-17,32,4,,,좌표공간조인,"서울시 단란주점영업 인허가 정보, 서울시 안심귀갓길 안전시설물, 서울시 유흥주점영업 인허가 정보",20254,80,910,2026-07-13,2026-07-13,2026-07-01,0.0,0.0,사가정,565.0,18.0,14.581,WGS84 좌표의 행정동 경계 포함 여부; 최근접 거리는 행정동 대표 중심점 기준 직선거리,서울특별시 T-DATA 지하철역 좌표정보; 서울 열린데이터광장 서울시 버스정류소 위치정보,True,True,True,True,True
1126056500,서울특별시,중랑구,면목본동,2025-12,2025-12,신뢰가능최신월,0,13868.36,25429.86,-45.46,-11561.5,26519.35,44824.13,-40.84,-18304.78,66.5,False,2026-05,27102.73,23347.4,29785.1,0.78,,,안심시설수 2023-04-21; 유흥시설수 2026-06-17,57,10,,,좌표공간조인,"서울시 단란주점영업 인허가 정보, 서울시 안심귀갓길 안전시설물, 서울시 유흥주점영업 인허가 정보",20254,91,1546,2026-07-13,2026-07-13,2026-07-01,1.0,1.0,면목,168.0,28.0,33.005,WGS84 좌표의 행정동 경계 포함 여부; 최근접 거리는 행정동 대표 중심점 기준 직선거리,서울특별시 T-DATA 지하철역 좌표정보; 서울 열린데이터광장 서울시 버스정류소 위치정보,True,True,True,True,True
1126062000,서울특별시,중랑구,묵1동,2025-12,2025-12,신뢰가능최신월,0,13844.96,25429.86,-45.56,-11584.9,28028.23,44824.13,-37.47,-16795.9,69.0,False,2026-05,24044.11,20913.22,26280.47,0.8,,,안심시설수 2023-04-21; 유흥시설수 2026-06-17,17,11,,,좌표공간조인,"서울시 단란주점영업 인허가 정보, 서울시 안심귀갓길 안전시설물, 서울시 유흥주점영업 인허가 정보",20254,85,1040,2026-07-13,2026-07-13,2026-07-01,0.0,0.0,먹골,545.0,33.0,26.667,WGS84 좌표의 행정동 경계 포함 여부; 최근접 거리는 행정동 대표 중심점 기준 직선거리,서울특별시 T-DATA 지하철역 좌표정보; 서울 열린데이터광장 서울시 버스정류소 위치정보,True,True,True,True,True
1126063000,서울특별시,중랑구,묵2동,2025-12,2025-12,신뢰가능최신월,0,13844.96,25429.86,-45.56,-11584.9,28028.23,44824.13,-37.47,-16795.9,69.0,False,2026-05,17877.02,17149.49,18396.68,0.93,,,안심시설수 2023-04-21; 유흥시설수 2026-06-17,0,15,,,좌표공간조인,"서울시 단란주점영업 인허가 정보, 서울시 안심귀갓길 안전시설물, 서울시 유흥주점영업 인허가 정보",20254,83,899,2026-07-13,2026-07-13,2026-07-01,1.0,1.0,먹골,275.0,20.0,29.909,WGS84 좌표의 행정동 경계 포함 여부; 최근접 거리는 행정동 대표 중심점 기준 직선거리,서울특별시 T-DATA 지하철역 좌표정보; 서울 열린데이터광장 서울시 버스정류소 위치정보,True,True,True,True,True
1126058000,서울특별시,중랑구,상봉1동,2025-12,2025-12,신뢰가능최신월,0,13735.27,25429.86,-45.99,-11694.59,27055.24,44824.13,-39.64,-17768.89,140.5,False,2026-05,17946.24,18174.51,17783.18,1.02,,,안심시설수 2023-04-21; 유흥시설수 2026-06-17,2,0,,,좌표공간조인,"서울시 단란주점영업 인허가 정보, 서울시 안심귀갓길 안전시설물, 서울시 유흥주점영업 인허가 정보",20254,80,825,2026-07-13,2026-07-13,2026-07-01,2.0,1.0,망우,325.0,13.0,15.238,WGS84 좌표의 행정동 경계 포함 여부; 최근접 거리는 행정동 대표 중심점 기준 직선거리,서울특별시 T-DATA 지하철역 좌표정보; 서울 열린데이터광장 서울시 버스정류소 위치정보,True,True,True,True,True
1126059000,서울특별시,중랑구,상봉2동,2025-12,2025-12,신뢰가능최신월,0,13735.27,25429.86,-45.99,-11694.59,27055.24,44824.13,-39.64,-17768.89,140.5,False,2026-05,23166.76,22389.5,23721.94,0.94,,,안심시설수 2023-04-21; 유흥시설수 2026-06-17,25,28,,,좌표공간조인,"서울시 단란주점영업 인허가 정보, 서울시 안심귀갓길 안전시설물, 서울시 유흥주점영업 인허가 정보",20254,90,1622,2026-07-13,2026-07-13,2026-07-01,1.0,1.0,상봉(시외버스터미널),205.0,18.0,26.591,WGS84 좌표의 행정동 경계 포함 여부; 최근접 거리는 행정동 대표 중심점 기준 직선거리,서울특별시 T-DATA 지하철역 좌표정보; 서울 열린데이터광장 서울시 버스정류소 위치정보,True,True,True,True,True
1126068000,서울특별시,중랑구,신내1동,2025-12,2025-12,신뢰가능최신월,0,15823.73,25429.86,-37.77,-9606.13,33106.48,44824.13,-26.14,-11717.65,104.5,False,2026-05,32414.74,29994.27,34143.65,0.88,,,안심시설수 2023-04-21; 유흥시설수 2026-06-17,25,0,,,좌표공간조인,"서울시 단란주점영업 인허가 정보, 서울시 안심귀갓길 안전시설물, 서울시 유흥주점영업 인허가 정보",20254,87,1230,2026-07-13,2026-07-13,2026-07-01,1.0,1.0,신내,79.0,53.0,20.363,WGS84 좌표의 행정동 경계 포함 여부; 최근접 거리는 행정동 대표 중심점 기준 직선거리,서울특별시 T-DATA 지하철역 좌표정보; 서울 열린데이터광장 서울시 버스정류소 위치정보,True,True,True,True,True
1126069000,서울특별시,중랑구,신내2동,2025-12,2025-12,신뢰가능최신월,0,15823.73,25429.86,-37.77,-9606.13,33106.48,44824.13,-26.14,-11717.65,104.5,False,2026-05,13053.02,12117.15,13721.5,0.88,,,안심시설수 2023-04-21; 유흥시설수 2026-06-17,0,0,,,좌표공간조인,"서울시 단란주점영업 인허가 정보, 서울시 안심귀갓길 안전시설물, 서울시 유흥주점영업 인허가 정보",20254,80,681,2026-07-13,2026-07-13,2026-07-01,0.0,0.0,봉화산(서울의료원),699.0,19.0,20.865,WGS84 좌표의 행정동 경계 포함 여부; 최근접 거리는 행정동 대표 중심점 기준 직선거리,서울특별시 T-DATA 지하철역 좌표정보; 서울 열린데이터광장 서울시 버스정류소 위치정보,True,True,True,True,True
1126060000,서울특별시,중랑구,중화1동,2025-12,2025-12,신뢰가능최신월,0,13508.84,25429.86,-46.88,-11921.02,23845.37,44824.13,-46.8,-20978.76,60.5,False,2026-05,14751.64,12328.8,16482.24,0.75,,,안심시설수 2023-04-21; 유흥시설수 2026-06-17,35,0,,,좌표공간조인,"서울시 단란주점영업 인허가 정보, 서울시 안심귀갓길 안전시설물, 서울시 유흥주점영업 인허가 정보",20254,78,604,2026-07-13,2026-07-13,2026-07-01,0.0,0.0,중화,336.0,14.0,21.826,WGS84 좌표의 행정동 경계 포함 여부; 최근접 거리는 행정동 대표 중심점 기준 직선거리,서울특별시 T-DATA 지하철역 좌표정보; 서울 열린데이터광장 서울시 버스정류소 위치정보,True,True,True,True,True
1126061000,서울특별시,중랑구,중화2동,2025-12,2025-12,신뢰가능최신월,0,13508.84,25429.86,-46.88,-11921.02,23845.37,44824.13,-46.8,-20978.76,60.5,False,2026-05,24726.82,22681.26,26187.93,0.87,,,안심시설수 2023-04-21; 유흥시설수 2026-06-17,24,4,,,좌표공간조인,"서울시 단란주점영업 인허가 정보, 서울시 안심귀갓길 안전시설물, 서울시 유흥주점영업 인허가 정보",20254,83,1199,2026-07-13,2026-07-13,2026-07-01,2.0,2.0,중랑,483.0,28.0,27.554,WGS84 좌표의 행정동 경계 포함 여부; 최근접 거리는 행정동 대표 중심점 기준 직선거리,서울특별시 T-DATA 지하철역 좌표정보; 서울 열린데이터광장 서울시 버스정류소 위치정보,True,True,True,True,True
